2026-07-29 21:25:32.414 | INFO     | sector_service:get_sw_classification:75 - 获取申万一级行业分类...
2026-07-29 21:25:34.056 | INFO     | sector_service:get_sw_classification:80 - 获取申万二级行业分类...
2026-07-29 21:25:35.565 | INFO     | sector_service:get_sw_classification:85 - 获取申万三级行业分类...
2026-07-29 21:26:04.257 | INFO     | sector_service:get_sw_classification:75 - 获取申万一级行业分类...
2026-07-29 21:26:05.768 | INFO     | sector_service:get_sw_classification:80 - 获取申万二级行业分类...
2026-07-29 21:26:07.410 | INFO     | sector_service:get_sw_classification:85 - 获取申万三级行业分类...
2026-07-29 21:26:09.272 | INFO     | sector_service:get_sw_classification:113 - 三级分类构建完成: 一级31个, 二级131个, 三级335个
2026-07-29 21:26:15.448 | INFO     | sector_service:get_sw_classification:75 - 获取申万一级行业分类...
2026-07-29 21:26:17.017 | INFO     | sector_service:get_sw_classification:80 - 获取申万二级行业分类...
2026-07-29 21:26:18.669 | INFO     | sector_service:get_sw_classification:85 - 获取申万三级行业分类...
2026-07-29 21:26:20.477 | INFO     | sector_service:get_sw_classification:113 - 三级分类构建完成: 一级31个, 二级131个, 三级335个
2026-07-29 21:26:20.477 | INFO     | sector_service:run:219 - 共 335 个三级行业板块
2026-07-29 21:26:20.477 | INFO     | sector_service:build_sector_daily:162 - [1/2] 获取 850111...
2026-07-29 21:26:20.917 | INFO     | sector_service:build_sector_daily:179 -   -> 种子 (850111): 10 条
2026-07-29 21:26:21.418 | INFO     | sector_service:build_sector_daily:162 - [2/2] 获取 850112...
2026-07-29 21:26:22.100 | INFO     | sector_service:save_sector_data:211 - 板块数据已保存到 data\sector_daily.csv (10 条)
2026-07-29 21:26:22.101 | INFO     | sector_service:run:227 - 完成: 10 条记录, 1 个三级板块, 日期 2025-07-01 ~ 2025-07-14
2026-07-29 21:30:03.231 | INFO     | __main__:get_sw_classification:75 - 获取申万一级行业分类...
2026-07-29 21:30:04.856 | INFO     | __main__:get_sw_classification:80 - 获取申万二级行业分类...
2026-07-29 21:30:07.233 | INFO     | __main__:get_sw_classification:85 - 获取申万三级行业分类...
2026-07-29 21:30:08.922 | INFO     | __main__:get_sw_classification:113 - 三级分类构建完成: 一级31个, 二级131个, 三级335个
2026-07-29 21:30:08.922 | INFO     | __main__:run:219 - 共 335 个三级行业板块
2026-07-29 21:30:08.922 | INFO     | __main__:build_sector_daily:162 - [1/335] 获取 850111...
2026-07-29 21:30:09.395 | INFO     | __main__:build_sector_daily:179 -   -> 种子 (850111): 127 条
2026-07-29 21:30:09.896 | INFO     | __main__:build_sector_daily:162 - [2/335] 获取 850112...
2026-07-29 21:30:10.462 | INFO     | __main__:build_sector_daily:162 - [3/335] 获取 850113...
2026-07-29 21:30:11.130 | INFO     | __main__:build_sector_daily:179 -   -> 其他种植业 (850113): 127 条
2026-07-29 21:30:11.631 | INFO     | __main__:build_sector_daily:162 - [4/335] 获取 850114...
2026-07-29 21:30:12.209 | INFO     | __main__:build_sector_daily:162 - [5/335] 获取 850121...
2026-07-29 21:30:12.811 | INFO     | __main__:build_sector_daily:162 - [6/335] 获取 850122...
2026-07-29 21:30:13.282 | INFO     | __main__:build_sector_daily:179 -   -> 水产养殖 (850122): 127 条
2026-07-29 21:30:13.782 | INFO     | __main__:build_sector_daily:162 - [7/335] 获取 850131...
2026-07-29 21:30:14.347 | INFO     | __main__:build_sector_daily:162 - [8/335] 获取 850142...
2026-07-29 21:30:14.714 | INFO     | __main__:build_sector_daily:179 -   -> 畜禽饲料 (850142): 127 条
2026-07-29 21:30:15.214 | INFO     | __main__:build_sector_daily:162 - [9/335] 获取 850143...
2026-07-29 21:30:15.785 | INFO     | __main__:build_sector_daily:162 - [10/335] 获取 850144...
2026-07-29 21:30:16.386 | INFO     | __main__:build_sector_daily:162 - [11/335] 获取 850151...
2026-07-29 21:30:16.824 | INFO     | __main__:build_sector_daily:179 -   -> 果蔬加工 (850151): 127 条
2026-07-29 21:30:17.325 | INFO     | __main__:build_sector_daily:162 - [12/335] 获取 850152...
2026-07-29 21:30:17.757 | INFO     | __main__:build_sector_daily:179 -   -> 粮油加工 (850152): 127 条
2026-07-29 21:30:18.257 | INFO     | __main__:build_sector_daily:162 - [13/335] 获取 850154...
2026-07-29 21:30:18.572 | INFO     | __main__:build_sector_daily:179 -   -> 其他农产品加工 (850154): 127 条
2026-07-29 21:30:19.073 | INFO     | __main__:build_sector_daily:162 - [14/335] 获取 850172...
2026-07-29 21:30:19.269 | INFO     | __main__:build_sector_daily:179 -   -> 生猪养殖 (850172): 127 条
2026-07-29 21:30:19.769 | INFO     | __main__:build_sector_daily:162 - [15/335] 获取 850173...
2026-07-29 21:30:19.990 | INFO     | __main__:build_sector_daily:179 -   -> 肉鸡养殖 (850173): 127 条
2026-07-29 21:30:20.491 | INFO     | __main__:build_sector_daily:162 - [16/335] 获取 850174...
2026-07-29 21:30:21.090 | INFO     | __main__:build_sector_daily:162 - [17/335] 获取 850181...
2026-07-29 21:30:21.476 | INFO     | __main__:build_sector_daily:179 -   -> 动物保健Ⅲ (850181): 127 条
2026-07-29 21:30:21.977 | INFO     | __main__:build_sector_daily:162 - [18/335] 获取 850191...
2026-07-29 21:30:22.613 | INFO     | __main__:build_sector_daily:162 - [19/335] 获取 850321...
2026-07-29 21:30:23.253 | INFO     | __main__:build_sector_daily:162 - [20/335] 获取 850322...
2026-07-29 21:30:23.689 | INFO     | __main__:build_sector_daily:179 -   -> 氯碱 (850322): 127 条
2026-07-29 21:30:24.190 | INFO     | __main__:build_sector_daily:162 - [21/335] 获取 850323...
2026-07-29 21:30:24.673 | INFO     | __main__:build_sector_daily:179 -   -> 无机盐 (850323): 127 条
2026-07-29 21:30:25.174 | INFO     | __main__:build_sector_daily:162 - [22/335] 获取 850324...
2026-07-29 21:30:25.430 | INFO     | __main__:build_sector_daily:179 -   -> 其他化学原料 (850324): 127 条
2026-07-29 21:30:25.932 | INFO     | __main__:build_sector_daily:162 - [23/335] 获取 850325...
2026-07-29 21:30:26.528 | INFO     | __main__:build_sector_daily:179 -   -> 煤化工 (850325): 127 条
2026-07-29 21:30:27.029 | INFO     | __main__:build_sector_daily:162 - [24/335] 获取 850326...
2026-07-29 21:30:27.379 | INFO     | __main__:build_sector_daily:179 -   -> 钛白粉 (850326): 127 条
2026-07-29 21:30:27.880 | INFO     | __main__:build_sector_daily:162 - [25/335] 获取 850335...
2026-07-29 21:30:28.583 | INFO     | __main__:build_sector_daily:179 -   -> 涂料油墨 (850335): 127 条
2026-07-29 21:30:29.084 | INFO     | __main__:build_sector_daily:162 - [26/335] 获取 850337...
2026-07-29 21:30:29.582 | INFO     | __main__:build_sector_daily:179 -   -> 民爆制品 (850337): 127 条
2026-07-29 21:30:30.083 | INFO     | __main__:build_sector_daily:162 - [27/335] 获取 850338...
2026-07-29 21:30:30.616 | INFO     | __main__:build_sector_daily:179 -   -> 纺织化学制品 (850338): 127 条
2026-07-29 21:30:31.116 | INFO     | __main__:build_sector_daily:162 - [28/335] 获取 850339...
2026-07-29 21:30:32.779 | INFO     | __main__:build_sector_daily:179 -   -> 其他化学制品 (850339): 127 条
2026-07-29 21:30:33.281 | INFO     | __main__:build_sector_daily:162 - [29/335] 获取 850382...
2026-07-29 21:30:35.123 | INFO     | __main__:build_sector_daily:179 -   -> 氟化工 (850382): 127 条
2026-07-29 21:30:35.624 | INFO     | __main__:build_sector_daily:162 - [30/335] 获取 850372...
2026-07-29 21:30:36.491 | INFO     | __main__:build_sector_daily:179 -   -> 聚氨酯 (850372): 127 条
2026-07-29 21:30:36.992 | INFO     | __main__:build_sector_daily:162 - [31/335] 获取 850135...
2026-07-29 21:30:37.171 | INFO     | __main__:build_sector_daily:179 -   -> 食品及饲料添加剂 (850135): 127 条
2026-07-29 21:30:37.672 | INFO     | __main__:build_sector_daily:162 - [32/335] 获取 850136...
2026-07-29 21:30:37.980 | INFO     | __main__:build_sector_daily:179 -   -> 有机硅 (850136): 127 条
2026-07-29 21:30:38.482 | INFO     | __main__:build_sector_daily:162 - [33/335] 获取 850137...
2026-07-29 21:30:39.088 | INFO     | __main__:build_sector_daily:162 - [34/335] 获取 850341...
2026-07-29 21:30:39.666 | INFO     | __main__:build_sector_daily:179 -   -> 涤纶 (850341): 127 条
2026-07-29 21:30:40.167 | INFO     | __main__:build_sector_daily:162 - [35/335] 获取 850343...
2026-07-29 21:30:40.884 | INFO     | __main__:build_sector_daily:179 -   -> 粘胶 (850343): 127 条
2026-07-29 21:30:41.385 | INFO     | __main__:build_sector_daily:162 - [36/335] 获取 850344...
2026-07-29 21:30:41.977 | INFO     | __main__:build_sector_daily:162 - [37/335] 获取 850345...
2026-07-29 21:30:43.161 | INFO     | __main__:build_sector_daily:162 - [38/335] 获取 850346...
2026-07-29 21:30:44.389 | INFO     | __main__:build_sector_daily:162 - [39/335] 获取 850351...
2026-07-29 21:30:45.451 | INFO     | __main__:build_sector_daily:179 -   -> 其他塑料制品 (850351): 127 条
2026-07-29 21:30:45.952 | INFO     | __main__:build_sector_daily:162 - [40/335] 获取 850353...
2026-07-29 21:30:46.851 | INFO     | __main__:build_sector_daily:179 -   -> 改性塑料 (850353): 127 条
2026-07-29 21:30:47.352 | INFO     | __main__:build_sector_daily:162 - [41/335] 获取 850354...
2026-07-29 21:30:48.253 | INFO     | __main__:build_sector_daily:179 -   -> 合成树脂 (850354): 127 条
2026-07-29 21:30:48.753 | INFO     | __main__:build_sector_daily:162 - [42/335] 获取 850355...
2026-07-29 21:30:49.189 | INFO     | __main__:build_sector_daily:179 -   -> 膜材料 (850355): 127 条
2026-07-29 21:30:49.690 | INFO     | __main__:build_sector_daily:162 - [43/335] 获取 850362...
2026-07-29 21:30:50.448 | INFO     | __main__:build_sector_daily:179 -   -> 其他橡胶制品 (850362): 127 条
2026-07-29 21:30:50.949 | INFO     | __main__:build_sector_daily:162 - [44/335] 获取 850363...
2026-07-29 21:30:51.720 | INFO     | __main__:build_sector_daily:179 -   -> 炭黑 (850363): 127 条
2026-07-29 21:30:52.221 | INFO     | __main__:build_sector_daily:162 - [45/335] 获取 850364...
2026-07-29 21:30:53.088 | INFO     | __main__:build_sector_daily:162 - [46/335] 获取 850331...
2026-07-29 21:30:54.121 | INFO     | __main__:build_sector_daily:179 -   -> 氮肥 (850331): 127 条
2026-07-29 21:30:54.622 | INFO     | __main__:build_sector_daily:162 - [47/335] 获取 850332...
2026-07-29 21:30:55.203 | INFO     | __main__:build_sector_daily:179 -   -> 磷肥及磷化工 (850332): 127 条
2026-07-29 21:30:55.704 | INFO     | __main__:build_sector_daily:162 - [48/335] 获取 850333...
2026-07-29 21:30:56.397 | INFO     | __main__:build_sector_daily:179 -   -> 农药 (850333): 127 条
2026-07-29 21:30:56.898 | INFO     | __main__:build_sector_daily:162 - [49/335] 获取 850336...
2026-07-29 21:30:57.484 | INFO     | __main__:build_sector_daily:162 - [50/335] 获取 850381...
2026-07-29 21:30:57.910 | INFO     | __main__:build_sector_daily:179 -   -> 复合肥 (850381): 127 条
2026-07-29 21:30:58.411 | INFO     | __main__:build_sector_daily:162 - [51/335] 获取 850523...
2026-07-29 21:30:58.764 | INFO     | __main__:build_sector_daily:179 -   -> 非金属材料Ⅲ (850523): 127 条
2026-07-29 21:30:59.265 | INFO     | __main__:build_sector_daily:162 - [52/335] 获取 850431...
2026-07-29 21:30:59.840 | INFO     | __main__:build_sector_daily:162 - [53/335] 获取 850432...
2026-07-29 21:31:00.511 | INFO     | __main__:build_sector_daily:162 - [54/335] 获取 850441...
2026-07-29 21:31:01.150 | INFO     | __main__:build_sector_daily:162 - [55/335] 获取 850442...
2026-07-29 21:31:01.334 | INFO     | __main__:build_sector_daily:179 -   -> 板材 (850442): 127 条
2026-07-29 21:31:01.835 | INFO     | __main__:build_sector_daily:162 - [56/335] 获取 850443...
2026-07-29 21:31:02.431 | INFO     | __main__:build_sector_daily:162 - [57/335] 获取 850521...
2026-07-29 21:31:03.003 | INFO     | __main__:build_sector_daily:179 -   -> 其他金属新材料 (850521): 127 条
2026-07-29 21:31:03.503 | INFO     | __main__:build_sector_daily:162 - [58/335] 获取 850522...
2026-07-29 21:31:04.000 | INFO     | __main__:build_sector_daily:179 -   -> 磁性材料 (850522): 127 条
2026-07-29 21:31:04.502 | INFO     | __main__:build_sector_daily:162 - [59/335] 获取 850551...
2026-07-29 21:31:04.752 | INFO     | __main__:build_sector_daily:179 -   -> 铝 (850551): 127 条
2026-07-29 21:31:05.252 | INFO     | __main__:build_sector_daily:162 - [60/335] 获取 850552...
2026-07-29 21:31:05.584 | INFO     | __main__:build_sector_daily:179 -   -> 铜 (850552): 127 条
2026-07-29 21:31:06.084 | INFO     | __main__:build_sector_daily:162 - [61/335] 获取 850553...
2026-07-29 21:31:06.362 | INFO     | __main__:build_sector_daily:179 -   -> 铅锌 (850553): 127 条
2026-07-29 21:31:06.864 | INFO     | __main__:build_sector_daily:162 - [62/335] 获取 850531...
2026-07-29 21:31:07.522 | INFO     | __main__:build_sector_daily:179 -   -> 黄金 (850531): 127 条
2026-07-29 21:31:08.023 | INFO     | __main__:build_sector_daily:162 - [63/335] 获取 850532...
2026-07-29 21:31:08.615 | INFO     | __main__:build_sector_daily:162 - [64/335] 获取 850541...
2026-07-29 21:31:09.301 | INFO     | __main__:build_sector_daily:162 - [65/335] 获取 850542...
2026-07-29 21:31:09.903 | INFO     | __main__:build_sector_daily:162 - [66/335] 获取 850544...
2026-07-29 21:31:10.680 | INFO     | __main__:build_sector_daily:179 -   -> 其他小金属 (850544): 127 条
2026-07-29 21:31:11.181 | INFO     | __main__:build_sector_daily:162 - [67/335] 获取 850545...
2026-07-29 21:31:11.767 | INFO     | __main__:build_sector_daily:162 - [68/335] 获取 850561...
2026-07-29 21:31:12.501 | INFO     | __main__:build_sector_daily:162 - [69/335] 获取 850562...
2026-07-29 21:31:13.223 | INFO     | __main__:build_sector_daily:162 - [70/335] 获取 850543...
2026-07-29 21:31:13.801 | INFO     | __main__:build_sector_daily:162 - [71/335] 获取 850812...
2026-07-29 21:31:14.198 | INFO     | __main__:build_sector_daily:179 -   -> 分立器件 (850812): 127 条
2026-07-29 21:31:14.699 | INFO     | __main__:build_sector_daily:162 - [72/335] 获取 850813...
2026-07-29 21:31:15.090 | INFO     | __main__:build_sector_daily:179 -   -> 半导体材料 (850813): 127 条
2026-07-29 21:31:15.592 | INFO     | __main__:build_sector_daily:162 - [73/335] 获取 850814...
2026-07-29 21:31:15.737 | INFO     | __main__:build_sector_daily:179 -   -> 数字芯片设计 (850814): 127 条
2026-07-29 21:31:16.238 | INFO     | __main__:build_sector_daily:162 - [74/335] 获取 850815...
2026-07-29 21:31:16.456 | INFO     | __main__:build_sector_daily:179 -   -> 模拟芯片设计 (850815): 127 条
2026-07-29 21:31:16.957 | INFO     | __main__:build_sector_daily:162 - [75/335] 获取 850816...
2026-07-29 21:31:17.540 | INFO     | __main__:build_sector_daily:162 - [76/335] 获取 850817...
2026-07-29 21:31:17.933 | INFO     | __main__:build_sector_daily:179 -   -> 集成电路封测 (850817): 127 条
2026-07-29 21:31:18.435 | INFO     | __main__:build_sector_daily:162 - [77/335] 获取 850818...
2026-07-29 21:31:18.669 | INFO     | __main__:build_sector_daily:179 -   -> 半导体设备 (850818): 127 条
2026-07-29 21:31:19.169 | INFO     | __main__:build_sector_daily:162 - [78/335] 获取 850822...
2026-07-29 21:31:19.730 | INFO     | __main__:build_sector_daily:179 -   -> 印制电路板 (850822): 127 条
2026-07-29 21:31:20.231 | INFO     | __main__:build_sector_daily:162 - [79/335] 获取 850823...
2026-07-29 21:31:20.593 | INFO     | __main__:build_sector_daily:179 -   -> 被动元件 (850823): 127 条
2026-07-29 21:31:21.094 | INFO     | __main__:build_sector_daily:162 - [80/335] 获取 850831...
2026-07-29 21:31:21.675 | INFO     | __main__:build_sector_daily:179 -   -> 面板 (850831): 127 条
2026-07-29 21:31:22.175 | INFO     | __main__:build_sector_daily:162 - [81/335] 获取 850832...
2026-07-29 21:31:22.596 | INFO     | __main__:build_sector_daily:179 -   -> LED (850832): 127 条
2026-07-29 21:31:23.098 | INFO     | __main__:build_sector_daily:162 - [82/335] 获取 850833...
2026-07-29 21:31:23.536 | INFO     | __main__:build_sector_daily:179 -   -> 光学元件 (850833): 127 条
2026-07-29 21:31:24.036 | INFO     | __main__:build_sector_daily:162 - [83/335] 获取 850841...
2026-07-29 21:31:24.702 | INFO     | __main__:build_sector_daily:179 -   -> 其他电子Ⅲ (850841): 127 条
2026-07-29 21:31:25.203 | INFO     | __main__:build_sector_daily:162 - [84/335] 获取 850853...
2026-07-29 21:31:25.355 | INFO     | __main__:build_sector_daily:179 -   -> 品牌消费电子 (850853): 127 条
2026-07-29 21:31:25.856 | INFO     | __main__:build_sector_daily:162 - [85/335] 获取 850854...
2026-07-29 21:31:26.039 | INFO     | __main__:build_sector_daily:179 -   -> 消费电子零部件及组装 (850854): 127 条
2026-07-29 21:31:26.540 | INFO     | __main__:build_sector_daily:162 - [86/335] 获取 850861...
2026-07-29 21:31:26.827 | INFO     | __main__:build_sector_daily:179 -   -> 电子化学品Ⅲ (850861): 127 条
2026-07-29 21:31:27.327 | INFO     | __main__:build_sector_daily:162 - [87/335] 获取 850922...
2026-07-29 21:31:27.584 | INFO     | __main__:build_sector_daily:179 -   -> 车身附件及饰件 (850922): 127 条
2026-07-29 21:31:28.085 | INFO     | __main__:build_sector_daily:162 - [88/335] 获取 850923...
2026-07-29 21:31:28.228 | INFO     | __main__:build_sector_daily:179 -   -> 底盘与发动机系统 (850923): 127 条
2026-07-29 21:31:28.729 | INFO     | __main__:build_sector_daily:162 - [89/335] 获取 850924...
2026-07-29 21:31:28.876 | INFO     | __main__:build_sector_daily:179 -   -> 轮胎轮毂 (850924): 127 条
2026-07-29 21:31:29.378 | INFO     | __main__:build_sector_daily:162 - [90/335] 获取 850925...
2026-07-29 21:31:29.539 | INFO     | __main__:build_sector_daily:179 -   -> 其他汽车零部件 (850925): 127 条
2026-07-29 21:31:30.040 | INFO     | __main__:build_sector_daily:162 - [91/335] 获取 850926...
2026-07-29 21:31:30.220 | INFO     | __main__:build_sector_daily:179 -   -> 汽车电子电气系统 (850926): 127 条
2026-07-29 21:31:30.720 | INFO     | __main__:build_sector_daily:162 - [92/335] 获取 850232...
2026-07-29 21:31:30.894 | INFO     | __main__:build_sector_daily:179 -   -> 汽车经销商 (850232): 127 条
2026-07-29 21:31:31.395 | INFO     | __main__:build_sector_daily:162 - [93/335] 获取 850233...
2026-07-29 21:31:31.603 | INFO     | __main__:build_sector_daily:179 -   -> 汽车综合服务 (850233): 127 条
2026-07-29 21:31:32.104 | INFO     | __main__:build_sector_daily:162 - [94/335] 获取 858811...
2026-07-29 21:31:32.626 | INFO     | __main__:build_sector_daily:179 -   -> 其他运输设备 (858811): 20 条
2026-07-29 21:31:33.127 | INFO     | __main__:build_sector_daily:162 - [95/335] 获取 858812...
2026-07-29 21:31:33.279 | INFO     | __main__:build_sector_daily:179 -   -> 摩托车 (858812): 20 条
2026-07-29 21:31:33.780 | INFO     | __main__:build_sector_daily:162 - [96/335] 获取 850951...
2026-07-29 21:31:34.396 | INFO     | __main__:build_sector_daily:162 - [97/335] 获取 850952...
2026-07-29 21:31:34.565 | INFO     | __main__:build_sector_daily:179 -   -> 综合乘用车 (850952): 127 条
2026-07-29 21:31:35.065 | INFO     | __main__:build_sector_daily:162 - [98/335] 获取 850912...
2026-07-29 21:31:35.526 | INFO     | __main__:build_sector_daily:179 -   -> 商用载货车 (850912): 127 条
2026-07-29 21:31:36.027 | INFO     | __main__:build_sector_daily:162 - [99/335] 获取 850913...
2026-07-29 21:31:36.494 | INFO     | __main__:build_sector_daily:179 -   -> 商用载客车 (850913): 127 条
2026-07-29 21:31:36.996 | INFO     | __main__:build_sector_daily:162 - [100/335] 获取 851112...
2026-07-29 21:31:37.663 | INFO     | __main__:build_sector_daily:179 -   -> 空调 (851112): 127 条
2026-07-29 21:31:38.164 | INFO     | __main__:build_sector_daily:162 - [101/335] 获取 851116...
2026-07-29 21:31:38.374 | INFO     | __main__:build_sector_daily:179 -   -> 冰洗 (851116): 127 条
2026-07-29 21:31:38.875 | INFO     | __main__:build_sector_daily:162 - [102/335] 获取 851121...
2026-07-29 21:31:39.447 | INFO     | __main__:build_sector_daily:162 - [103/335] 获取 851122...
2026-07-29 21:31:40.002 | INFO     | __main__:build_sector_daily:179 -   -> 其他黑色家电 (851122): 127 条
2026-07-29 21:31:40.503 | INFO     | __main__:build_sector_daily:162 - [104/335] 获取 851131...
2026-07-29 21:31:40.679 | INFO     | __main__:build_sector_daily:179 -   -> 厨房小家电 (851131): 127 条
2026-07-29 21:31:41.180 | INFO     | __main__:build_sector_daily:162 - [105/335] 获取 851132...
2026-07-29 21:31:41.752 | INFO     | __main__:build_sector_daily:162 - [106/335] 获取 851133...
2026-07-29 21:31:42.326 | INFO     | __main__:build_sector_daily:162 - [107/335] 获取 851141...
2026-07-29 21:31:42.489 | INFO     | __main__:build_sector_daily:179 -   -> 厨房电器 (851141): 127 条
2026-07-29 21:31:42.990 | INFO     | __main__:build_sector_daily:162 - [108/335] 获取 851142...
2026-07-29 21:31:43.663 | INFO     | __main__:build_sector_daily:162 - [109/335] 获取 851151...
2026-07-29 21:31:43.985 | INFO     | __main__:build_sector_daily:179 -   -> 照明设备Ⅲ (851151): 127 条
2026-07-29 21:31:44.486 | INFO     | __main__:build_sector_daily:162 - [110/335] 获取 851161...
2026-07-29 21:31:44.644 | INFO     | __main__:build_sector_daily:179 -   -> 家电零部件Ⅲ (851161): 127 条
2026-07-29 21:31:45.145 | INFO     | __main__:build_sector_daily:162 - [111/335] 获取 851171...
2026-07-29 21:31:45.730 | INFO     | __main__:build_sector_daily:162 - [112/335] 获取 851241...
2026-07-29 21:31:46.359 | INFO     | __main__:build_sector_daily:179 -   -> 肉制品 (851241): 127 条
2026-07-29 21:31:46.859 | INFO     | __main__:build_sector_daily:162 - [113/335] 获取 851246...
2026-07-29 21:31:47.002 | INFO     | __main__:build_sector_daily:179 -   -> 预加工食品 (851246): 127 条
2026-07-29 21:31:47.503 | INFO     | __main__:build_sector_daily:162 - [114/335] 获取 851247...
2026-07-29 21:31:47.710 | INFO     | __main__:build_sector_daily:179 -   -> 保健品 (851247): 127 条
2026-07-29 21:31:48.211 | INFO     | __main__:build_sector_daily:162 - [115/335] 获取 851251...
2026-07-29 21:31:48.370 | INFO     | __main__:build_sector_daily:179 -   -> 白酒Ⅲ (851251): 127 条
2026-07-29 21:31:48.871 | INFO     | __main__:build_sector_daily:162 - [116/335] 获取 851232...
2026-07-29 21:31:49.624 | INFO     | __main__:build_sector_daily:179 -   -> 啤酒 (851232): 127 条
2026-07-29 21:31:50.124 | INFO     | __main__:build_sector_daily:162 - [117/335] 获取 851233...
2026-07-29 21:31:50.616 | INFO     | __main__:build_sector_daily:179 -   -> 其他酒类 (851233): 127 条
2026-07-29 21:31:51.117 | INFO     | __main__:build_sector_daily:162 - [118/335] 获取 851271...
2026-07-29 21:31:51.348 | INFO     | __main__:build_sector_daily:179 -   -> 软饮料 (851271): 127 条
2026-07-29 21:31:51.850 | INFO     | __main__:build_sector_daily:162 - [119/335] 获取 851243...
2026-07-29 21:31:52.152 | INFO     | __main__:build_sector_daily:179 -   -> 乳品 (851243): 127 条
2026-07-29 21:31:52.652 | INFO     | __main__:build_sector_daily:162 - [120/335] 获取 851281...
2026-07-29 21:31:52.808 | INFO     | __main__:build_sector_daily:179 -   -> 零食 (851281): 127 条
2026-07-29 21:31:53.309 | INFO     | __main__:build_sector_daily:162 - [121/335] 获取 851282...
2026-07-29 21:31:53.644 | INFO     | __main__:build_sector_daily:179 -   -> 烘焙食品 (851282): 127 条
2026-07-29 21:31:54.145 | INFO     | __main__:build_sector_daily:162 - [122/335] 获取 851283...
2026-07-29 21:31:54.725 | INFO     | __main__:build_sector_daily:162 - [123/335] 获取 851242...
2026-07-29 21:31:55.028 | INFO     | __main__:build_sector_daily:179 -   -> 调味发酵品Ⅲ (851242): 127 条
2026-07-29 21:31:55.528 | INFO     | __main__:build_sector_daily:162 - [124/335] 获取 851312...
2026-07-29 21:31:56.045 | INFO     | __main__:build_sector_daily:179 -   -> 棉纺 (851312): 127 条
2026-07-29 21:31:56.546 | INFO     | __main__:build_sector_daily:162 - [125/335] 获取 851314...
2026-07-29 21:31:57.181 | INFO     | __main__:build_sector_daily:179 -   -> 印染 (851314): 127 条
2026-07-29 21:31:57.682 | INFO     | __main__:build_sector_daily:162 - [126/335] 获取 851315...
2026-07-29 21:31:57.981 | INFO     | __main__:build_sector_daily:179 -   -> 辅料 (851315): 127 条
2026-07-29 21:31:58.482 | INFO     | __main__:build_sector_daily:162 - [127/335] 获取 851316...
2026-07-29 21:31:59.052 | INFO     | __main__:build_sector_daily:179 -   -> 其他纺织 (851316): 127 条
2026-07-29 21:31:59.553 | INFO     | __main__:build_sector_daily:162 - [128/335] 获取 851317...
2026-07-29 21:32:00.148 | INFO     | __main__:build_sector_daily:162 - [129/335] 获取 851325...
2026-07-29 21:32:00.601 | INFO     | __main__:build_sector_daily:179 -   -> 鞋帽及其他 (851325): 127 条
2026-07-29 21:32:01.102 | INFO     | __main__:build_sector_daily:162 - [130/335] 获取 851326...
2026-07-29 21:32:01.407 | INFO     | __main__:build_sector_daily:179 -   -> 家纺 (851326): 127 条
2026-07-29 21:32:01.908 | INFO     | __main__:build_sector_daily:162 - [131/335] 获取 851328...
2026-07-29 21:32:02.508 | INFO     | __main__:build_sector_daily:162 - [132/335] 获取 851329...
2026-07-29 21:32:02.669 | INFO     | __main__:build_sector_daily:179 -   -> 非运动服装 (851329): 127 条
2026-07-29 21:32:03.170 | INFO     | __main__:build_sector_daily:162 - [133/335] 获取 851331...
2026-07-29 21:32:03.548 | INFO     | __main__:build_sector_daily:179 -   -> 钟表珠宝 (851331): 127 条
2026-07-29 21:32:04.049 | INFO     | __main__:build_sector_daily:162 - [134/335] 获取 851333...
2026-07-29 21:32:04.625 | INFO     | __main__:build_sector_daily:162 - [135/335] 获取 851412...
2026-07-29 21:32:04.793 | INFO     | __main__:build_sector_daily:179 -   -> 大宗用纸 (851412): 127 条
2026-07-29 21:32:05.295 | INFO     | __main__:build_sector_daily:162 - [136/335] 获取 851413...
2026-07-29 21:32:05.444 | INFO     | __main__:build_sector_daily:179 -   -> 特种纸 (851413): 127 条
2026-07-29 21:32:05.945 | INFO     | __main__:build_sector_daily:162 - [137/335] 获取 851422...
2026-07-29 21:32:06.101 | INFO     | __main__:build_sector_daily:179 -   -> 印刷 (851422): 127 条
2026-07-29 21:32:06.602 | INFO     | __main__:build_sector_daily:162 - [138/335] 获取 851423...
2026-07-29 21:32:06.870 | INFO     | __main__:build_sector_daily:179 -   -> 金属包装 (851423): 127 条
2026-07-29 21:32:07.371 | INFO     | __main__:build_sector_daily:162 - [139/335] 获取 851424...
2026-07-29 21:32:07.534 | INFO     | __main__:build_sector_daily:179 -   -> 塑料包装 (851424): 127 条
2026-07-29 21:32:08.036 | INFO     | __main__:build_sector_daily:162 - [140/335] 获取 851425...
2026-07-29 21:32:08.248 | INFO     | __main__:build_sector_daily:179 -   -> 纸包装 (851425): 127 条
2026-07-29 21:32:08.749 | INFO     | __main__:build_sector_daily:162 - [141/335] 获取 851426...
2026-07-29 21:32:09.323 | INFO     | __main__:build_sector_daily:162 - [142/335] 获取 851436...
2026-07-29 21:32:09.483 | INFO     | __main__:build_sector_daily:179 -   -> 瓷砖地板 (851436): 127 条
2026-07-29 21:32:09.985 | INFO     | __main__:build_sector_daily:162 - [143/335] 获取 851437...
2026-07-29 21:32:10.153 | INFO     | __main__:build_sector_daily:179 -   -> 成品家居 (851437): 127 条
2026-07-29 21:32:10.654 | INFO     | __main__:build_sector_daily:162 - [144/335] 获取 851438...
2026-07-29 21:32:10.805 | INFO     | __main__:build_sector_daily:179 -   -> 定制家居 (851438): 127 条
2026-07-29 21:32:11.307 | INFO     | __main__:build_sector_daily:162 - [145/335] 获取 851439...
2026-07-29 21:32:11.469 | INFO     | __main__:build_sector_daily:179 -   -> 卫浴制品 (851439): 127 条
2026-07-29 21:32:11.970 | INFO     | __main__:build_sector_daily:162 - [146/335] 获取 851491...
2026-07-29 21:32:12.125 | INFO     | __main__:build_sector_daily:179 -   -> 其他家居用品 (851491): 42 条
2026-07-29 21:32:12.626 | INFO     | __main__:build_sector_daily:162 - [147/335] 获取 851451...
2026-07-29 21:32:13.225 | INFO     | __main__:build_sector_daily:162 - [148/335] 获取 851452...
2026-07-29 21:32:13.389 | INFO     | __main__:build_sector_daily:179 -   -> 娱乐用品 (851452): 127 条
2026-07-29 21:32:13.890 | INFO     | __main__:build_sector_daily:162 - [149/335] 获取 851511...
2026-07-29 21:32:14.448 | INFO     | __main__:build_sector_daily:179 -   -> 原料药 (851511): 20 条
2026-07-29 21:32:14.948 | INFO     | __main__:build_sector_daily:162 - [150/335] 获取 851512...
2026-07-29 21:32:15.498 | INFO     | __main__:build_sector_daily:179 -   -> 化学制剂 (851512): 20 条
2026-07-29 21:32:15.998 | INFO     | __main__:build_sector_daily:162 - [151/335] 获取 851521...
2026-07-29 21:32:16.457 | INFO     | __main__:build_sector_daily:179 -   -> 中药Ⅲ (851521): 20 条
2026-07-29 21:32:16.958 | INFO     | __main__:build_sector_daily:162 - [152/335] 获取 851522...
2026-07-29 21:32:17.185 | INFO     | __main__:build_sector_daily:179 -   -> 血液制品 (851522): 20 条
2026-07-29 21:32:17.686 | INFO     | __main__:build_sector_daily:162 - [153/335] 获取 851523...
2026-07-29 21:32:17.877 | INFO     | __main__:build_sector_daily:179 -   -> 疫苗 (851523): 20 条
2026-07-29 21:32:18.379 | INFO     | __main__:build_sector_daily:162 - [154/335] 获取 851524...
2026-07-29 21:32:18.539 | INFO     | __main__:build_sector_daily:179 -   -> 其他生物制品 (851524): 20 条
2026-07-29 21:32:19.039 | INFO     | __main__:build_sector_daily:162 - [155/335] 获取 851542...
2026-07-29 21:32:19.189 | INFO     | __main__:build_sector_daily:179 -   -> 医药流通 (851542): 20 条
2026-07-29 21:32:19.690 | INFO     | __main__:build_sector_daily:162 - [156/335] 获取 851543...
2026-07-29 21:32:19.837 | INFO     | __main__:build_sector_daily:179 -   -> 线下药店 (851543): 20 条
2026-07-29 21:32:20.338 | INFO     | __main__:build_sector_daily:162 - [157/335] 获取 851532...
2026-07-29 21:32:20.543 | INFO     | __main__:build_sector_daily:179 -   -> 医疗设备 (851532): 20 条
2026-07-29 21:32:21.045 | INFO     | __main__:build_sector_daily:162 - [158/335] 获取 851533...
2026-07-29 21:32:21.197 | INFO     | __main__:build_sector_daily:179 -   -> 医疗耗材 (851533): 20 条
2026-07-29 21:32:21.699 | INFO     | __main__:build_sector_daily:162 - [159/335] 获取 851534...
2026-07-29 21:32:21.923 | INFO     | __main__:build_sector_daily:179 -   -> 体外诊断 (851534): 20 条
2026-07-29 21:32:22.424 | INFO     | __main__:build_sector_daily:162 - [160/335] 获取 851562...
2026-07-29 21:32:23.021 | INFO     | __main__:build_sector_daily:162 - [161/335] 获取 851563...
2026-07-29 21:32:23.188 | INFO     | __main__:build_sector_daily:179 -   -> 医疗研发外包 (851563): 20 条
2026-07-29 21:32:23.689 | INFO     | __main__:build_sector_daily:162 - [162/335] 获取 851564...
2026-07-29 21:32:23.936 | INFO     | __main__:build_sector_daily:179 -   -> 医院 (851564): 20 条
2026-07-29 21:32:24.436 | INFO     | __main__:build_sector_daily:162 - [163/335] 获取 851565...
2026-07-29 21:32:25.028 | INFO     | __main__:build_sector_daily:162 - [164/335] 获取 851611...
2026-07-29 21:32:25.491 | INFO     | __main__:build_sector_daily:179 -   -> 火力发电 (851611): 20 条
2026-07-29 21:32:25.992 | INFO     | __main__:build_sector_daily:162 - [165/335] 获取 851612...
2026-07-29 21:32:26.513 | INFO     | __main__:build_sector_daily:179 -   -> 水力发电 (851612): 20 条
2026-07-29 21:32:27.014 | INFO     | __main__:build_sector_daily:162 - [166/335] 获取 851614...
2026-07-29 21:32:27.518 | INFO     | __main__:build_sector_daily:179 -   -> 热力服务 (851614): 20 条
2026-07-29 21:32:28.019 | INFO     | __main__:build_sector_daily:162 - [167/335] 获取 851616...
2026-07-29 21:32:28.183 | INFO     | __main__:build_sector_daily:179 -   -> 光伏发电 (851616): 20 条
2026-07-29 21:32:28.684 | INFO     | __main__:build_sector_daily:162 - [168/335] 获取 851617...
2026-07-29 21:32:28.837 | INFO     | __main__:build_sector_daily:179 -   -> 风力发电 (851617): 20 条
2026-07-29 21:32:29.338 | INFO     | __main__:build_sector_daily:162 - [169/335] 获取 851618...
2026-07-29 21:32:30.012 | INFO     | __main__:build_sector_daily:162 - [170/335] 获取 851619...
2026-07-29 21:32:30.595 | INFO     | __main__:build_sector_daily:162 - [171/335] 获取 851610...
2026-07-29 21:32:30.743 | INFO     | __main__:build_sector_daily:179 -   -> 电能综合服务 (851610): 20 条
2026-07-29 21:32:31.244 | INFO     | __main__:build_sector_daily:162 - [172/335] 获取 851631...
2026-07-29 21:32:31.688 | INFO     | __main__:build_sector_daily:179 -   -> 燃气Ⅲ (851631): 20 条
2026-07-29 21:32:32.188 | INFO     | __main__:build_sector_daily:162 - [173/335] 获取 851782...
2026-07-29 21:32:32.342 | INFO     | __main__:build_sector_daily:179 -   -> 原材料供应链服务 (851782): 20 条
2026-07-29 21:32:32.843 | INFO     | __main__:build_sector_daily:162 - [174/335] 获取 851783...
2026-07-29 21:32:33.052 | INFO     | __main__:build_sector_daily:179 -   -> 中间产品及消费品供应链服务 (851783): 20 条
2026-07-29 21:32:33.553 | INFO     | __main__:build_sector_daily:162 - [175/335] 获取 851784...
2026-07-29 21:32:33.689 | INFO     | __main__:build_sector_daily:179 -   -> 快递 (851784): 20 条
2026-07-29 21:32:34.190 | INFO     | __main__:build_sector_daily:162 - [176/335] 获取 851785...
2026-07-29 21:32:34.440 | INFO     | __main__:build_sector_daily:179 -   -> 跨境物流 (851785): 20 条
2026-07-29 21:32:34.941 | INFO     | __main__:build_sector_daily:162 - [177/335] 获取 851786...
2026-07-29 21:32:35.089 | INFO     | __main__:build_sector_daily:179 -   -> 仓储物流 (851786): 20 条
2026-07-29 21:32:35.590 | INFO     | __main__:build_sector_daily:162 - [178/335] 获取 851787...
2026-07-29 21:32:35.741 | INFO     | __main__:build_sector_daily:179 -   -> 公路货运 (851787): 20 条
2026-07-29 21:32:36.242 | INFO     | __main__:build_sector_daily:162 - [179/335] 获取 851731...
2026-07-29 21:32:36.754 | INFO     | __main__:build_sector_daily:179 -   -> 高速公路 (851731): 20 条
2026-07-29 21:32:37.255 | INFO     | __main__:build_sector_daily:162 - [180/335] 获取 851721...
2026-07-29 21:32:37.774 | INFO     | __main__:build_sector_daily:179 -   -> 公交 (851721): 20 条
2026-07-29 21:32:38.275 | INFO     | __main__:build_sector_daily:162 - [181/335] 获取 851771...
2026-07-29 21:32:38.728 | INFO     | __main__:build_sector_daily:179 -   -> 铁路运输 (851771): 20 条
2026-07-29 21:32:39.230 | INFO     | __main__:build_sector_daily:162 - [182/335] 获取 851741...
2026-07-29 21:32:39.687 | INFO     | __main__:build_sector_daily:179 -   -> 航空运输 (851741): 20 条
2026-07-29 21:32:40.188 | INFO     | __main__:build_sector_daily:162 - [183/335] 获取 851751...
2026-07-29 21:32:40.787 | INFO     | __main__:build_sector_daily:162 - [184/335] 获取 851761...
2026-07-29 21:32:41.227 | INFO     | __main__:build_sector_daily:179 -   -> 航运 (851761): 20 条
2026-07-29 21:32:41.728 | INFO     | __main__:build_sector_daily:162 - [185/335] 获取 851711...
2026-07-29 21:32:42.229 | INFO     | __main__:build_sector_daily:179 -   -> 港口 (851711): 20 条
2026-07-29 21:32:42.730 | INFO     | __main__:build_sector_daily:162 - [186/335] 获取 851811...
2026-07-29 21:32:43.293 | INFO     | __main__:build_sector_daily:179 -   -> 住宅开发 (851811): 20 条
2026-07-29 21:32:43.795 | INFO     | __main__:build_sector_daily:162 - [187/335] 获取 851812...
2026-07-29 21:32:44.070 | INFO     | __main__:build_sector_daily:179 -   -> 商业地产 (851812): 20 条
2026-07-29 21:32:44.571 | INFO     | __main__:build_sector_daily:162 - [188/335] 获取 851813...
2026-07-29 21:32:44.732 | INFO     | __main__:build_sector_daily:179 -   -> 产业地产 (851813): 20 条
2026-07-29 21:32:45.233 | INFO     | __main__:build_sector_daily:162 - [189/335] 获取 851831...
2026-07-29 21:32:45.376 | INFO     | __main__:build_sector_daily:179 -   -> 物业管理 (851831): 20 条
2026-07-29 21:32:45.877 | INFO     | __main__:build_sector_daily:162 - [190/335] 获取 851832...
2026-07-29 21:32:46.453 | INFO     | __main__:build_sector_daily:162 - [191/335] 获取 851833...
2026-07-29 21:32:47.018 | INFO     | __main__:build_sector_daily:162 - [192/335] 获取 852021...
2026-07-29 21:32:47.553 | INFO     | __main__:build_sector_daily:179 -   -> 贸易Ⅲ (852021): 20 条
2026-07-29 21:32:48.054 | INFO     | __main__:build_sector_daily:162 - [193/335] 获取 852031...
2026-07-29 21:32:48.290 | INFO     | __main__:build_sector_daily:179 -   -> 百货 (852031): 20 条
2026-07-29 21:32:48.791 | INFO     | __main__:build_sector_daily:162 - [194/335] 获取 852032...
2026-07-29 21:32:49.033 | INFO     | __main__:build_sector_daily:179 -   -> 超市 (852032): 20 条
2026-07-29 21:32:49.534 | INFO     | __main__:build_sector_daily:162 - [195/335] 获取 852033...
2026-07-29 21:32:49.829 | INFO     | __main__:build_sector_daily:179 -   -> 多业态零售 (852033): 20 条
2026-07-29 21:32:50.330 | INFO     | __main__:build_sector_daily:162 - [196/335] 获取 852034...
2026-07-29 21:32:50.492 | INFO     | __main__:build_sector_daily:179 -   -> 商业物业经营 (852034): 20 条
2026-07-29 21:32:50.992 | INFO     | __main__:build_sector_daily:162 - [197/335] 获取 852041...
2026-07-29 21:32:51.292 | INFO     | __main__:build_sector_daily:179 -   -> 专业连锁Ⅲ (852041): 20 条
2026-07-29 21:32:51.793 | INFO     | __main__:build_sector_daily:162 - [198/335] 获取 852061...
2026-07-29 21:32:52.386 | INFO     | __main__:build_sector_daily:162 - [199/335] 获取 852062...
2026-07-29 21:32:52.543 | INFO     | __main__:build_sector_daily:179 -   -> 跨境电商 (852062): 20 条
2026-07-29 21:32:53.044 | INFO     | __main__:build_sector_daily:162 - [200/335] 获取 852063...
2026-07-29 21:32:53.438 | INFO     | __main__:build_sector_daily:179 -   -> 电商服务 (852063): 20 条
2026-07-29 21:32:53.939 | INFO     | __main__:build_sector_daily:162 - [201/335] 获取 852071...
2026-07-29 21:32:54.516 | INFO     | __main__:build_sector_daily:162 - [202/335] 获取 852161...
2026-07-29 21:32:55.096 | INFO     | __main__:build_sector_daily:162 - [203/335] 获取 852181...
2026-07-29 21:32:55.674 | INFO     | __main__:build_sector_daily:162 - [204/335] 获取 852182...
2026-07-29 21:32:55.812 | INFO     | __main__:build_sector_daily:179 -   -> 检测服务 (852182): 20 条
2026-07-29 21:32:56.313 | INFO     | __main__:build_sector_daily:162 - [205/335] 获取 852183...
2026-07-29 21:32:56.474 | INFO     | __main__:build_sector_daily:179 -   -> 会展服务 (852183): 20 条
2026-07-29 21:32:56.975 | INFO     | __main__:build_sector_daily:162 - [206/335] 获取 852184...
2026-07-29 21:32:57.547 | INFO     | __main__:build_sector_daily:162 - [207/335] 获取 852121...
2026-07-29 21:32:57.965 | INFO     | __main__:build_sector_daily:179 -   -> 酒店 (852121): 20 条
2026-07-29 21:32:58.466 | INFO     | __main__:build_sector_daily:162 - [208/335] 获取 852141...
2026-07-29 21:32:59.062 | INFO     | __main__:build_sector_daily:162 - [209/335] 获取 852111...
2026-07-29 21:32:59.584 | INFO     | __main__:build_sector_daily:179 -   -> 人工景区 (852111): 20 条
2026-07-29 21:33:00.085 | INFO     | __main__:build_sector_daily:162 - [210/335] 获取 852112...
2026-07-29 21:33:00.547 | INFO     | __main__:build_sector_daily:179 -   -> 自然景区 (852112): 20 条
2026-07-29 21:33:01.047 | INFO     | __main__:build_sector_daily:162 - [211/335] 获取 852131...
2026-07-29 21:33:01.519 | INFO     | __main__:build_sector_daily:179 -   -> 旅游综合 (852131): 20 条
2026-07-29 21:33:02.020 | INFO     | __main__:build_sector_daily:162 - [212/335] 获取 859851...
2026-07-29 21:33:02.643 | INFO     | __main__:build_sector_daily:162 - [213/335] 获取 859852...
2026-07-29 21:33:02.803 | INFO     | __main__:build_sector_daily:179 -   -> 培训教育 (859852): 20 条
2026-07-29 21:33:03.304 | INFO     | __main__:build_sector_daily:162 - [214/335] 获取 859853...
2026-07-29 21:33:03.874 | INFO     | __main__:build_sector_daily:162 - [215/335] 获取 857821...
2026-07-29 21:33:04.049 | INFO     | __main__:build_sector_daily:179 -   -> 国有大型银行Ⅲ (857821): 20 条
2026-07-29 21:33:04.551 | INFO     | __main__:build_sector_daily:162 - [216/335] 获取 857831...
2026-07-29 21:33:04.698 | INFO     | __main__:build_sector_daily:179 -   -> 股份制银行Ⅲ (857831): 20 条
2026-07-29 21:33:05.199 | INFO     | __main__:build_sector_daily:162 - [217/335] 获取 857841...
2026-07-29 21:33:05.335 | INFO     | __main__:build_sector_daily:179 -   -> 城商行Ⅲ (857841): 20 条
2026-07-29 21:33:05.835 | INFO     | __main__:build_sector_daily:162 - [218/335] 获取 857851...
2026-07-29 21:33:06.017 | INFO     | __main__:build_sector_daily:179 -   -> 农商行Ⅲ (857851): 20 条
2026-07-29 21:33:06.518 | INFO     | __main__:build_sector_daily:162 - [219/335] 获取 851931...
2026-07-29 21:33:07.092 | INFO     | __main__:build_sector_daily:179 -   -> 证券Ⅲ (851931): 20 条
2026-07-29 21:33:07.594 | INFO     | __main__:build_sector_daily:162 - [220/335] 获取 851941...
2026-07-29 21:33:08.136 | INFO     | __main__:build_sector_daily:179 -   -> 保险Ⅲ (851941): 20 条
2026-07-29 21:33:08.637 | INFO     | __main__:build_sector_daily:162 - [221/335] 获取 851922...
2026-07-29 21:33:08.797 | INFO     | __main__:build_sector_daily:179 -   -> 金融控股 (851922): 20 条
2026-07-29 21:33:09.299 | INFO     | __main__:build_sector_daily:162 - [222/335] 获取 851923...
2026-07-29 21:33:09.952 | INFO     | __main__:build_sector_daily:162 - [223/335] 获取 851924...
2026-07-29 21:33:10.526 | INFO     | __main__:build_sector_daily:162 - [224/335] 获取 851925...
2026-07-29 21:33:11.093 | INFO     | __main__:build_sector_daily:162 - [225/335] 获取 851926...
2026-07-29 21:33:11.659 | INFO     | __main__:build_sector_daily:162 - [226/335] 获取 851927...
2026-07-29 21:33:11.817 | INFO     | __main__:build_sector_daily:179 -   -> 资产管理 (851927): 20 条
2026-07-29 21:33:12.318 | INFO     | __main__:build_sector_daily:162 - [227/335] 获取 852311...
2026-07-29 21:33:12.824 | INFO     | __main__:build_sector_daily:179 -   -> 综合Ⅲ (852311): 20 条
2026-07-29 21:33:13.324 | INFO     | __main__:build_sector_daily:162 - [228/335] 获取 857111...
2026-07-29 21:33:13.472 | INFO     | __main__:build_sector_daily:179 -   -> 水泥制造 (857111): 20 条
2026-07-29 21:33:13.974 | INFO     | __main__:build_sector_daily:162 - [229/335] 获取 857112...
2026-07-29 21:33:14.114 | INFO     | __main__:build_sector_daily:179 -   -> 水泥制品 (857112): 20 条
2026-07-29 21:33:14.615 | INFO     | __main__:build_sector_daily:162 - [230/335] 获取 857121...
2026-07-29 21:33:15.012 | INFO     | __main__:build_sector_daily:179 -   -> 玻璃制造 (857121): 20 条
2026-07-29 21:33:15.513 | INFO     | __main__:build_sector_daily:162 - [231/335] 获取 857122...
2026-07-29 21:33:15.723 | INFO     | __main__:build_sector_daily:179 -   -> 玻纤制造 (857122): 20 条
2026-07-29 21:33:16.224 | INFO     | __main__:build_sector_daily:162 - [232/335] 获取 850615...
2026-07-29 21:33:16.741 | INFO     | __main__:build_sector_daily:179 -   -> 耐火材料 (850615): 127 条
2026-07-29 21:33:17.242 | INFO     | __main__:build_sector_daily:162 - [233/335] 获取 850616...
2026-07-29 21:33:17.605 | INFO     | __main__:build_sector_daily:179 -   -> 管材 (850616): 127 条
2026-07-29 21:33:18.105 | INFO     | __main__:build_sector_daily:162 - [234/335] 获取 850614...
2026-07-29 21:33:18.552 | INFO     | __main__:build_sector_daily:179 -   -> 其他建材 (850614): 127 条
2026-07-29 21:33:19.053 | INFO     | __main__:build_sector_daily:162 - [235/335] 获取 850617...
2026-07-29 21:33:19.630 | INFO     | __main__:build_sector_daily:162 - [236/335] 获取 850618...
2026-07-29 21:33:20.205 | INFO     | __main__:build_sector_daily:162 - [237/335] 获取 850623...
2026-07-29 21:33:20.482 | INFO     | __main__:build_sector_daily:179 -   -> 房屋建设Ⅲ (850623): 127 条
2026-07-29 21:33:20.983 | INFO     | __main__:build_sector_daily:162 - [238/335] 获取 857221...
2026-07-29 21:33:21.274 | INFO     | __main__:build_sector_daily:179 -   -> 装修装饰Ⅲ (857221): 20 条
2026-07-29 21:33:21.775 | INFO     | __main__:build_sector_daily:162 - [239/335] 获取 857236...
2026-07-29 21:33:22.048 | INFO     | __main__:build_sector_daily:179 -   -> 基建市政工程 (857236): 20 条
2026-07-29 21:33:22.550 | INFO     | __main__:build_sector_daily:162 - [240/335] 获取 857251...
2026-07-29 21:33:22.811 | INFO     | __main__:build_sector_daily:179 -   -> 园林工程 (857251): 20 条
2026-07-29 21:33:23.312 | INFO     | __main__:build_sector_daily:162 - [241/335] 获取 857241...
2026-07-29 21:33:23.750 | INFO     | __main__:build_sector_daily:179 -   -> 钢结构 (857241): 20 条
2026-07-29 21:33:24.252 | INFO     | __main__:build_sector_daily:162 - [242/335] 获取 857242...
2026-07-29 21:33:24.512 | INFO     | __main__:build_sector_daily:179 -   -> 化学工程 (857242): 20 条
2026-07-29 21:33:25.013 | INFO     | __main__:build_sector_daily:162 - [243/335] 获取 857243...
2026-07-29 21:33:25.262 | INFO     | __main__:build_sector_daily:179 -   -> 国际工程 (857243): 20 条
2026-07-29 21:33:25.763 | INFO     | __main__:build_sector_daily:162 - [244/335] 获取 857244...
2026-07-29 21:33:26.039 | INFO     | __main__:build_sector_daily:179 -   -> 其他专业工程 (857244): 20 条
2026-07-29 21:33:26.540 | INFO     | __main__:build_sector_daily:162 - [245/335] 获取 857261...
2026-07-29 21:33:26.717 | INFO     | __main__:build_sector_daily:179 -   -> 工程咨询服务Ⅲ (857261): 20 条
2026-07-29 21:33:27.218 | INFO     | __main__:build_sector_daily:162 - [246/335] 获取 850741...
2026-07-29 21:33:27.645 | INFO     | __main__:build_sector_daily:179 -   -> 电机Ⅲ (850741): 127 条
2026-07-29 21:33:28.146 | INFO     | __main__:build_sector_daily:162 - [247/335] 获取 857331...
2026-07-29 21:33:28.716 | INFO     | __main__:build_sector_daily:162 - [248/335] 获取 857334...
2026-07-29 21:33:29.031 | INFO     | __main__:build_sector_daily:179 -   -> 火电设备 (857334): 20 条
2026-07-29 21:33:29.531 | INFO     | __main__:build_sector_daily:162 - [249/335] 获取 857336...
2026-07-29 21:33:29.774 | INFO     | __main__:build_sector_daily:179 -   -> 其他电源设备Ⅲ (857336): 20 条
2026-07-29 21:33:30.274 | INFO     | __main__:build_sector_daily:162 - [250/335] 获取 857351...
2026-07-29 21:33:30.848 | INFO     | __main__:build_sector_daily:162 - [251/335] 获取 857352...
2026-07-29 21:33:31.003 | INFO     | __main__:build_sector_daily:179 -   -> 光伏电池组件 (857352): 20 条
2026-07-29 21:33:31.504 | INFO     | __main__:build_sector_daily:162 - [252/335] 获取 857353...
2026-07-29 21:33:32.110 | INFO     | __main__:build_sector_daily:162 - [253/335] 获取 857354...
2026-07-29 21:33:32.441 | INFO     | __main__:build_sector_daily:179 -   -> 光伏辅材 (857354): 20 条
2026-07-29 21:33:32.943 | INFO     | __main__:build_sector_daily:162 - [254/335] 获取 857355...
2026-07-29 21:33:33.077 | INFO     | __main__:build_sector_daily:179 -   -> 光伏加工设备 (857355): 20 条
2026-07-29 21:33:33.578 | INFO     | __main__:build_sector_daily:162 - [255/335] 获取 857361...
2026-07-29 21:33:34.153 | INFO     | __main__:build_sector_daily:162 - [256/335] 获取 857362...
2026-07-29 21:33:34.303 | INFO     | __main__:build_sector_daily:179 -   -> 风电零部件 (857362): 20 条
2026-07-29 21:33:34.805 | INFO     | __main__:build_sector_daily:162 - [257/335] 获取 857371...
2026-07-29 21:33:34.965 | INFO     | __main__:build_sector_daily:179 -   -> 锂电池 (857371): 20 条
2026-07-29 21:33:35.466 | INFO     | __main__:build_sector_daily:162 - [258/335] 获取 857372...
2026-07-29 21:33:35.632 | INFO     | __main__:build_sector_daily:179 -   -> 电池化学品 (857372): 20 条
2026-07-29 21:33:36.133 | INFO     | __main__:build_sector_daily:162 - [259/335] 获取 857373...
2026-07-29 21:33:36.303 | INFO     | __main__:build_sector_daily:179 -   -> 锂电专用设备 (857373): 20 条
2026-07-29 21:33:36.803 | INFO     | __main__:build_sector_daily:162 - [260/335] 获取 857374...
2026-07-29 21:33:37.519 | INFO     | __main__:build_sector_daily:162 - [261/335] 获取 857375...
2026-07-29 21:33:37.650 | INFO     | __main__:build_sector_daily:179 -   -> 蓄电池及其他电池 (857375): 20 条
2026-07-29 21:33:38.151 | INFO     | __main__:build_sector_daily:162 - [262/335] 获取 857381...
2026-07-29 21:33:38.370 | INFO     | __main__:build_sector_daily:179 -   -> 输变电设备 (857381): 20 条
2026-07-29 21:33:38.871 | INFO     | __main__:build_sector_daily:162 - [263/335] 获取 857382...
2026-07-29 21:33:39.066 | INFO     | __main__:build_sector_daily:179 -   -> 配电设备 (857382): 20 条
2026-07-29 21:33:39.567 | INFO     | __main__:build_sector_daily:162 - [264/335] 获取 857321...
2026-07-29 21:33:39.867 | INFO     | __main__:build_sector_daily:179 -   -> 电网自动化设备 (857321): 20 条
2026-07-29 21:33:40.368 | INFO     | __main__:build_sector_daily:162 - [265/335] 获取 857323...
2026-07-29 21:33:40.613 | INFO     | __main__:build_sector_daily:179 -   -> 电工仪器仪表 (857323): 20 条
2026-07-29 21:33:41.114 | INFO     | __main__:build_sector_daily:162 - [266/335] 获取 857344...
2026-07-29 21:33:41.516 | INFO     | __main__:build_sector_daily:179 -   -> 线缆部件及其他 (857344): 20 条
2026-07-29 21:33:42.017 | INFO     | __main__:build_sector_daily:162 - [267/335] 获取 850711...
2026-07-29 21:33:42.504 | INFO     | __main__:build_sector_daily:179 -   -> 机床工具 (850711): 127 条
2026-07-29 21:33:43.005 | INFO     | __main__:build_sector_daily:162 - [268/335] 获取 850713...
2026-07-29 21:33:43.532 | INFO     | __main__:build_sector_daily:179 -   -> 磨具磨料 (850713): 127 条
2026-07-29 21:33:44.033 | INFO     | __main__:build_sector_daily:162 - [269/335] 获取 850715...
2026-07-29 21:33:44.526 | INFO     | __main__:build_sector_daily:179 -   -> 制冷空调设备 (850715): 127 条
2026-07-29 21:33:45.027 | INFO     | __main__:build_sector_daily:162 - [270/335] 获取 850716...
2026-07-29 21:33:45.623 | INFO     | __main__:build_sector_daily:179 -   -> 其他通用设备 (850716): 127 条
2026-07-29 21:33:46.124 | INFO     | __main__:build_sector_daily:162 - [271/335] 获取 850731...
2026-07-29 21:33:46.693 | INFO     | __main__:build_sector_daily:179 -   -> 仪器仪表 (850731): 127 条
2026-07-29 21:33:47.195 | INFO     | __main__:build_sector_daily:162 - [272/335] 获取 850751...
2026-07-29 21:33:48.096 | INFO     | __main__:build_sector_daily:179 -   -> 金属制品 (850751): 127 条
2026-07-29 21:33:48.597 | INFO     | __main__:build_sector_daily:162 - [273/335] 获取 850725...
2026-07-29 21:33:49.055 | INFO     | __main__:build_sector_daily:179 -   -> 能源及重型设备 (850725): 127 条
2026-07-29 21:33:49.555 | INFO     | __main__:build_sector_daily:162 - [274/335] 获取 850728...
2026-07-29 21:33:49.911 | INFO     | __main__:build_sector_daily:179 -   -> 楼宇设备 (850728): 127 条
2026-07-29 21:33:50.412 | INFO     | __main__:build_sector_daily:162 - [275/335] 获取 850721...
2026-07-29 21:33:51.002 | INFO     | __main__:build_sector_daily:179 -   -> 纺织服装设备 (850721): 127 条
2026-07-29 21:33:51.502 | INFO     | __main__:build_sector_daily:162 - [276/335] 获取 850723...
2026-07-29 21:33:52.075 | INFO     | __main__:build_sector_daily:162 - [277/335] 获取 850726...
2026-07-29 21:33:52.624 | INFO     | __main__:build_sector_daily:179 -   -> 印刷包装机械 (850726): 127 条
2026-07-29 21:33:53.126 | INFO     | __main__:build_sector_daily:162 - [278/335] 获取 850727...
2026-07-29 21:33:53.648 | INFO     | __main__:build_sector_daily:179 -   -> 其他专用设备 (850727): 127 条
2026-07-29 21:33:54.149 | INFO     | __main__:build_sector_daily:162 - [279/335] 获取 850936...
2026-07-29 21:33:54.503 | INFO     | __main__:build_sector_daily:179 -   -> 轨交设备Ⅲ (850936): 127 条
2026-07-29 21:33:55.004 | INFO     | __main__:build_sector_daily:162 - [280/335] 获取 850771...
2026-07-29 21:33:55.170 | INFO     | __main__:build_sector_daily:179 -   -> 工程机械整机 (850771): 127 条
2026-07-29 21:33:55.671 | INFO     | __main__:build_sector_daily:162 - [281/335] 获取 850772...
2026-07-29 21:33:55.822 | INFO     | __main__:build_sector_daily:179 -   -> 工程机械器件 (850772): 127 条
2026-07-29 21:33:56.323 | INFO     | __main__:build_sector_daily:162 - [282/335] 获取 850781...
2026-07-29 21:33:56.548 | INFO     | __main__:build_sector_daily:179 -   -> 机器人 (850781): 127 条
2026-07-29 21:33:57.049 | INFO     | __main__:build_sector_daily:162 - [283/335] 获取 850782...
2026-07-29 21:33:57.213 | INFO     | __main__:build_sector_daily:179 -   -> 工控设备 (850782): 127 条
2026-07-29 21:33:57.714 | INFO     | __main__:build_sector_daily:162 - [284/335] 获取 850783...
2026-07-29 21:33:58.124 | INFO     | __main__:build_sector_daily:179 -   -> 激光设备 (850783): 127 条
2026-07-29 21:33:58.625 | INFO     | __main__:build_sector_daily:162 - [285/335] 获取 850784...
2026-07-29 21:33:58.798 | INFO     | __main__:build_sector_daily:179 -   -> 其他自动化设备 (850784): 127 条
2026-07-29 21:33:59.299 | INFO     | __main__:build_sector_daily:162 - [286/335] 获取 857411...
2026-07-29 21:33:59.666 | INFO     | __main__:build_sector_daily:179 -   -> 航天装备Ⅲ (857411): 20 条
2026-07-29 21:34:00.167 | INFO     | __main__:build_sector_daily:162 - [287/335] 获取 857421...
2026-07-29 21:34:00.552 | INFO     | __main__:build_sector_daily:179 -   -> 航空装备Ⅲ (857421): 20 条
2026-07-29 21:34:01.053 | INFO     | __main__:build_sector_daily:162 - [288/335] 获取 857431...
2026-07-29 21:34:01.297 | INFO     | __main__:build_sector_daily:179 -   -> 地面兵装Ⅲ (857431): 20 条
2026-07-29 21:34:01.798 | INFO     | __main__:build_sector_daily:162 - [289/335] 获取 850935...
2026-07-29 21:34:02.311 | INFO     | __main__:build_sector_daily:179 -   -> 航海装备Ⅲ (850935): 127 条
2026-07-29 21:34:02.812 | INFO     | __main__:build_sector_daily:162 - [290/335] 获取 857451...
2026-07-29 21:34:02.982 | INFO     | __main__:build_sector_daily:179 -   -> 军工电子Ⅲ (857451): 20 条
2026-07-29 21:34:03.482 | INFO     | __main__:build_sector_daily:162 - [291/335] 获取 850702...
2026-07-29 21:34:03.664 | INFO     | __main__:build_sector_daily:179 -   -> 安防设备 (850702): 127 条
2026-07-29 21:34:04.165 | INFO     | __main__:build_sector_daily:162 - [292/335] 获取 850703...
2026-07-29 21:34:04.367 | INFO     | __main__:build_sector_daily:179 -   -> 其他计算机设备 (850703): 127 条
2026-07-29 21:34:04.868 | INFO     | __main__:build_sector_daily:162 - [293/335] 获取 852226...
2026-07-29 21:34:05.137 | INFO     | __main__:build_sector_daily:179 -   -> IT服务Ⅲ (852226): 20 条
2026-07-29 21:34:05.637 | INFO     | __main__:build_sector_daily:162 - [294/335] 获取 851041...
2026-07-29 21:34:05.803 | INFO     | __main__:build_sector_daily:179 -   -> 垂直应用软件 (851041): 127 条
2026-07-29 21:34:06.304 | INFO     | __main__:build_sector_daily:162 - [295/335] 获取 851042...
2026-07-29 21:34:06.463 | INFO     | __main__:build_sector_daily:179 -   -> 横向通用软件 (851042): 127 条
2026-07-29 21:34:06.964 | INFO     | __main__:build_sector_daily:162 - [296/335] 获取 857641...
2026-07-29 21:34:07.096 | INFO     | __main__:build_sector_daily:179 -   -> 游戏Ⅲ (857641): 20 条
2026-07-29 21:34:07.596 | INFO     | __main__:build_sector_daily:162 - [297/335] 获取 857651...
2026-07-29 21:34:07.826 | INFO     | __main__:build_sector_daily:179 -   -> 营销代理 (857651): 20 条
2026-07-29 21:34:08.327 | INFO     | __main__:build_sector_daily:162 - [298/335] 获取 857652...
2026-07-29 21:34:08.905 | INFO     | __main__:build_sector_daily:162 - [299/335] 获取 857661...
2026-07-29 21:34:09.134 | INFO     | __main__:build_sector_daily:179 -   -> 影视动漫制作 (857661): 20 条
2026-07-29 21:34:09.635 | INFO     | __main__:build_sector_daily:162 - [300/335] 获取 857662...
2026-07-29 21:34:10.205 | INFO     | __main__:build_sector_daily:162 - [301/335] 获取 857671...
2026-07-29 21:34:10.925 | INFO     | __main__:build_sector_daily:162 - [302/335] 获取 857673...
2026-07-29 21:34:11.534 | INFO     | __main__:build_sector_daily:162 - [303/335] 获取 857674...
2026-07-29 21:34:11.723 | INFO     | __main__:build_sector_daily:179 -   -> 门户网站 (857674): 20 条
2026-07-29 21:34:12.224 | INFO     | __main__:build_sector_daily:162 - [304/335] 获取 857675...
2026-07-29 21:34:12.798 | INFO     | __main__:build_sector_daily:162 - [305/335] 获取 857676...
2026-07-29 21:34:13.412 | INFO     | __main__:build_sector_daily:162 - [306/335] 获取 857691...
2026-07-29 21:34:13.648 | INFO     | __main__:build_sector_daily:179 -   -> 教育出版 (857691): 20 条
2026-07-29 21:34:14.150 | INFO     | __main__:build_sector_daily:162 - [307/335] 获取 857692...
2026-07-29 21:34:14.426 | INFO     | __main__:build_sector_daily:179 -   -> 大众出版 (857692): 20 条
2026-07-29 21:34:14.927 | INFO     | __main__:build_sector_daily:162 - [308/335] 获取 859951...
2026-07-29 21:34:15.176 | INFO     | __main__:build_sector_daily:179 -   -> 电视广播Ⅲ (859951): 20 条
2026-07-29 21:34:15.677 | INFO     | __main__:build_sector_daily:162 - [309/335] 获取 852212...
2026-07-29 21:34:16.343 | INFO     | __main__:build_sector_daily:162 - [310/335] 获取 852213...
2026-07-29 21:34:16.507 | INFO     | __main__:build_sector_daily:179 -   -> 通信工程及服务 (852213): 20 条
2026-07-29 21:34:17.008 | INFO     | __main__:build_sector_daily:162 - [311/335] 获取 852214...
2026-07-29 21:34:17.231 | INFO     | __main__:build_sector_daily:179 -   -> 通信应用增值服务 (852214): 20 条
2026-07-29 21:34:17.732 | INFO     | __main__:build_sector_daily:162 - [312/335] 获取 851024...
2026-07-29 21:34:17.940 | INFO     | __main__:build_sector_daily:179 -   -> 通信网络设备及器件 (851024): 127 条
2026-07-29 21:34:18.442 | INFO     | __main__:build_sector_daily:162 - [313/335] 获取 851025...
2026-07-29 21:34:18.682 | INFO     | __main__:build_sector_daily:179 -   -> 通信线缆及配套 (851025): 127 条
2026-07-29 21:34:19.183 | INFO     | __main__:build_sector_daily:162 - [314/335] 获取 851026...
2026-07-29 21:34:19.529 | INFO     | __main__:build_sector_daily:179 -   -> 通信终端及配件 (851026): 127 条
2026-07-29 21:34:20.031 | INFO     | __main__:build_sector_daily:162 - [315/335] 获取 851027...
2026-07-29 21:34:20.369 | INFO     | __main__:build_sector_daily:179 -   -> 其他通信设备 (851027): 127 条
2026-07-29 21:34:20.870 | INFO     | __main__:build_sector_daily:162 - [316/335] 获取 859511...
2026-07-29 21:34:21.032 | INFO     | __main__:build_sector_daily:179 -   -> 动力煤 (859511): 20 条
2026-07-29 21:34:21.533 | INFO     | __main__:build_sector_daily:162 - [317/335] 获取 859512...
2026-07-29 21:34:21.682 | INFO     | __main__:build_sector_daily:179 -   -> 焦煤 (859512): 20 条
2026-07-29 21:34:22.183 | INFO     | __main__:build_sector_daily:162 - [318/335] 获取 859521...
2026-07-29 21:34:22.333 | INFO     | __main__:build_sector_daily:179 -   -> 焦炭Ⅲ (859521): 20 条
2026-07-29 21:34:22.835 | INFO     | __main__:build_sector_daily:162 - [319/335] 获取 859611...
2026-07-29 21:34:23.505 | INFO     | __main__:build_sector_daily:162 - [320/335] 获取 859621...
2026-07-29 21:34:23.673 | INFO     | __main__:build_sector_daily:179 -   -> 油田服务 (859621): 20 条
2026-07-29 21:34:24.173 | INFO     | __main__:build_sector_daily:162 - [321/335] 获取 859622...
2026-07-29 21:34:24.401 | INFO     | __main__:build_sector_daily:179 -   -> 油气及炼化工程 (859622): 20 条
2026-07-29 21:34:24.902 | INFO     | __main__:build_sector_daily:162 - [322/335] 获取 859631...
2026-07-29 21:34:25.268 | INFO     | __main__:build_sector_daily:179 -   -> 炼油化工 (859631): 20 条
2026-07-29 21:34:25.768 | INFO     | __main__:build_sector_daily:162 - [323/335] 获取 859632...
2026-07-29 21:34:25.937 | INFO     | __main__:build_sector_daily:179 -   -> 油品石化贸易 (859632): 20 条
2026-07-29 21:34:26.438 | INFO     | __main__:build_sector_daily:162 - [324/335] 获取 859633...
2026-07-29 21:34:26.596 | INFO     | __main__:build_sector_daily:179 -   -> 其他石化 (859633): 20 条
2026-07-29 21:34:27.097 | INFO     | __main__:build_sector_daily:162 - [325/335] 获取 859711...
2026-07-29 21:34:27.242 | INFO     | __main__:build_sector_daily:179 -   -> 大气治理 (859711): 20 条
2026-07-29 21:34:27.743 | INFO     | __main__:build_sector_daily:162 - [326/335] 获取 859712...
2026-07-29 21:34:28.002 | INFO     | __main__:build_sector_daily:179 -   -> 水务及水治理 (859712): 20 条
2026-07-29 21:34:28.503 | INFO     | __main__:build_sector_daily:162 - [327/335] 获取 859713...
2026-07-29 21:34:28.631 | INFO     | __main__:build_sector_daily:179 -   -> 固废治理 (859713): 20 条
2026-07-29 21:34:29.133 | INFO     | __main__:build_sector_daily:162 - [328/335] 获取 859714...
2026-07-29 21:34:29.300 | INFO     | __main__:build_sector_daily:179 -   -> 综合环境治理 (859714): 20 条
2026-07-29 21:34:29.802 | INFO     | __main__:build_sector_daily:162 - [329/335] 获取 859721...
2026-07-29 21:34:30.024 | INFO     | __main__:build_sector_daily:179 -   -> 环保设备Ⅲ (859721): 20 条
2026-07-29 21:34:30.525 | INFO     | __main__:build_sector_daily:162 - [330/335] 获取 859811...
2026-07-29 21:34:30.959 | INFO     | __main__:build_sector_daily:179 -   -> 生活用纸 (859811): 20 条
2026-07-29 21:34:31.460 | INFO     | __main__:build_sector_daily:162 - [331/335] 获取 859812...
2026-07-29 21:34:32.034 | INFO     | __main__:build_sector_daily:162 - [332/335] 获取 859821...
2026-07-29 21:34:32.300 | INFO     | __main__:build_sector_daily:179 -   -> 化妆品制造及其他 (859821): 20 条
2026-07-29 21:34:32.801 | INFO     | __main__:build_sector_daily:162 - [333/335] 获取 859822...
2026-07-29 21:34:32.957 | INFO     | __main__:build_sector_daily:179 -   -> 品牌化妆品 (859822): 20 条
2026-07-29 21:34:33.459 | INFO     | __main__:build_sector_daily:162 - [334/335] 获取 859831...
2026-07-29 21:34:34.042 | INFO     | __main__:build_sector_daily:162 - [335/335] 获取 859832...
2026-07-29 21:34:35.024 | INFO     | __main__:save_sector_data:211 - 板块数据已保存到 data\sector_daily.csv (19948 条)
2026-07-29 21:34:35.028 | INFO     | __main__:run:227 - 完成: 19948 条记录, 258 个三级板块, 日期 2025-01-02 ~ 2025-07-14
2026-07-29 21:40:17.391 | INFO     | sector_service:get_sw_classification:75 - 获取申万一级行业分类...
2026-07-29 21:40:18.849 | INFO     | sector_service:get_sw_classification:80 - 获取申万二级行业分类...
2026-07-29 21:40:20.364 | INFO     | sector_service:get_sw_classification:85 - 获取申万三级行业分类...
2026-07-29 21:40:22.047 | INFO     | sector_service:get_sw_classification:113 - 三级分类构建完成: 一级31个, 二级131个, 三级335个
2026-07-29 21:40:22.047 | INFO     | sector_service:run:223 - 共 335 个三级行业板块
2026-07-29 21:40:22.048 | INFO     | sector_service:build_sector_daily:166 - [1/2] 获取 850111...
2026-07-29 21:40:22.804 | INFO     | sector_service:build_sector_daily:183 -   -> 种子 (850111): 10 条
2026-07-29 21:40:23.305 | INFO     | sector_service:build_sector_daily:166 - [2/2] 获取 850112...
2026-07-29 21:40:24.043 | INFO     | sector_service:save_sector_data:215 - 板块数据已保存到 data\sector_daily.csv (10 条)
2026-07-29 21:40:24.045 | INFO     | sector_service:run:231 - 完成: 10 条记录, 1 个三级板块, 日期 2025-07-01 ~ 2025-07-14
2026-07-29 21:41:13.508 | INFO     | __main__:get_sw_classification:75 - 获取申万一级行业分类...
2026-07-29 21:41:14.950 | INFO     | __main__:get_sw_classification:80 - 获取申万二级行业分类...
2026-07-29 21:41:16.441 | INFO     | __main__:get_sw_classification:85 - 获取申万三级行业分类...
2026-07-29 21:41:18.070 | INFO     | __main__:get_sw_classification:113 - 三级分类构建完成: 一级31个, 二级131个, 三级335个
2026-07-29 21:41:18.070 | INFO     | __main__:run:223 - 共 335 个三级行业板块
2026-07-29 21:41:18.071 | INFO     | __main__:build_sector_daily:166 - [1/335] 获取 850111...
2026-07-29 21:41:19.025 | INFO     | __main__:build_sector_daily:166 - [2/335] 获取 850112...
2026-07-29 21:41:19.594 | INFO     | __main__:build_sector_daily:166 - [3/335] 获取 850113...
2026-07-29 21:41:20.871 | INFO     | __main__:build_sector_daily:166 - [4/335] 获取 850114...
2026-07-29 21:41:21.707 | INFO     | __main__:build_sector_daily:166 - [5/335] 获取 850121...
2026-07-29 21:41:22.354 | INFO     | __main__:build_sector_daily:166 - [6/335] 获取 850122...
2026-07-29 21:41:23.401 | INFO     | __main__:build_sector_daily:166 - [7/335] 获取 850131...
2026-07-29 21:41:24.015 | INFO     | __main__:build_sector_daily:166 - [8/335] 获取 850142...
2026-07-29 21:41:24.690 | INFO     | __main__:build_sector_daily:166 - [9/335] 获取 850143...
2026-07-29 21:41:25.264 | INFO     | __main__:build_sector_daily:166 - [10/335] 获取 850144...
2026-07-29 21:41:25.972 | INFO     | __main__:build_sector_daily:166 - [11/335] 获取 850151...
2026-07-29 21:41:26.910 | INFO     | __main__:build_sector_daily:166 - [12/335] 获取 850152...
2026-07-29 21:41:27.877 | INFO     | __main__:build_sector_daily:166 - [13/335] 获取 850154...
2026-07-29 21:41:28.774 | INFO     | __main__:build_sector_daily:166 - [14/335] 获取 850172...
2026-07-29 21:41:29.466 | INFO     | __main__:build_sector_daily:166 - [15/335] 获取 850173...
2026-07-29 21:41:30.186 | INFO     | __main__:build_sector_daily:166 - [16/335] 获取 850174...
2026-07-29 21:41:30.785 | INFO     | __main__:build_sector_daily:166 - [17/335] 获取 850181...
2026-07-29 21:41:31.580 | INFO     | __main__:build_sector_daily:166 - [18/335] 获取 850191...
2026-07-29 21:41:32.195 | INFO     | __main__:build_sector_daily:166 - [19/335] 获取 850321...
2026-07-29 21:41:32.787 | INFO     | __main__:build_sector_daily:166 - [20/335] 获取 850322...
2026-07-29 21:41:34.005 | INFO     | __main__:build_sector_daily:166 - [21/335] 获取 850323...
2026-07-29 21:41:35.491 | INFO     | __main__:build_sector_daily:166 - [22/335] 获取 850324...
2026-07-29 21:41:36.523 | INFO     | __main__:build_sector_daily:166 - [23/335] 获取 850325...
2026-07-29 21:41:37.191 | INFO     | __main__:build_sector_daily:166 - [24/335] 获取 850326...
2026-07-29 21:41:37.868 | INFO     | __main__:build_sector_daily:166 - [25/335] 获取 850335...
2026-07-29 21:41:38.992 | INFO     | __main__:build_sector_daily:166 - [26/335] 获取 850337...
2026-07-29 21:41:40.173 | INFO     | __main__:build_sector_daily:166 - [27/335] 获取 850338...
2026-07-29 21:41:41.504 | INFO     | __main__:build_sector_daily:166 - [28/335] 获取 850339...
2026-07-29 21:41:42.399 | INFO     | __main__:build_sector_daily:166 - [29/335] 获取 850382...
2026-07-29 21:41:43.215 | INFO     | __main__:build_sector_daily:166 - [30/335] 获取 850372...
2026-07-29 21:41:44.145 | INFO     | __main__:build_sector_daily:166 - [31/335] 获取 850135...
2026-07-29 21:41:44.820 | INFO     | __main__:build_sector_daily:166 - [32/335] 获取 850136...
2026-07-29 21:41:45.458 | INFO     | __main__:build_sector_daily:166 - [33/335] 获取 850137...
2026-07-29 21:41:46.541 | INFO     | __main__:build_sector_daily:166 - [34/335] 获取 850341...
2026-07-29 21:41:47.492 | INFO     | __main__:build_sector_daily:166 - [35/335] 获取 850343...
2026-07-29 21:41:48.673 | INFO     | __main__:build_sector_daily:166 - [36/335] 获取 850344...
2026-07-29 21:41:49.248 | INFO     | __main__:build_sector_daily:166 - [37/335] 获取 850345...
2026-07-29 21:41:49.814 | INFO     | __main__:build_sector_daily:166 - [38/335] 获取 850346...
2026-07-29 21:41:50.397 | INFO     | __main__:build_sector_daily:166 - [39/335] 获取 850351...
2026-07-29 21:41:51.616 | INFO     | __main__:build_sector_daily:166 - [40/335] 获取 850353...
2026-07-29 21:41:52.873 | INFO     | __main__:build_sector_daily:166 - [41/335] 获取 850354...
2026-07-29 21:41:53.503 | INFO     | __main__:build_sector_daily:166 - [42/335] 获取 850355...
2026-07-29 21:41:54.341 | INFO     | __main__:build_sector_daily:166 - [43/335] 获取 850362...
2026-07-29 21:41:55.190 | INFO     | __main__:build_sector_daily:166 - [44/335] 获取 850363...
2026-07-29 21:41:56.202 | INFO     | __main__:build_sector_daily:166 - [45/335] 获取 850364...
2026-07-29 21:41:56.951 | INFO     | __main__:build_sector_daily:166 - [46/335] 获取 850331...
2026-07-29 21:41:57.971 | INFO     | __main__:build_sector_daily:166 - [47/335] 获取 850332...
2026-07-29 21:41:59.298 | INFO     | __main__:build_sector_daily:166 - [48/335] 获取 850333...
2026-07-29 21:42:00.723 | INFO     | __main__:build_sector_daily:166 - [49/335] 获取 850336...
2026-07-29 21:42:01.747 | INFO     | __main__:build_sector_daily:166 - [50/335] 获取 850381...
2026-07-29 21:42:02.532 | INFO     | __main__:build_sector_daily:166 - [51/335] 获取 850523...
2026-07-29 21:42:03.511 | INFO     | __main__:build_sector_daily:166 - [52/335] 获取 850431...
2026-07-29 21:42:04.096 | INFO     | __main__:build_sector_daily:166 - [53/335] 获取 850432...
2026-07-29 21:42:04.694 | INFO     | __main__:build_sector_daily:166 - [54/335] 获取 850441...
2026-07-29 21:42:05.322 | INFO     | __main__:build_sector_daily:166 - [55/335] 获取 850442...
2026-07-29 21:42:06.026 | INFO     | __main__:build_sector_daily:166 - [56/335] 获取 850443...
2026-07-29 21:42:06.674 | INFO     | __main__:build_sector_daily:166 - [57/335] 获取 850521...
2026-07-29 21:42:08.045 | INFO     | __main__:build_sector_daily:166 - [58/335] 获取 850522...
2026-07-29 21:42:08.955 | INFO     | __main__:build_sector_daily:166 - [59/335] 获取 850551...
2026-07-29 21:42:09.705 | INFO     | __main__:build_sector_daily:166 - [60/335] 获取 850552...
2026-07-29 21:42:10.695 | INFO     | __main__:build_sector_daily:166 - [61/335] 获取 850553...
2026-07-29 21:42:11.559 | INFO     | __main__:build_sector_daily:166 - [62/335] 获取 850531...
2026-07-29 21:42:12.505 | INFO     | __main__:build_sector_daily:166 - [63/335] 获取 850532...
2026-07-29 21:42:13.195 | INFO     | __main__:build_sector_daily:166 - [64/335] 获取 850541...
2026-07-29 21:42:13.845 | INFO     | __main__:build_sector_daily:166 - [65/335] 获取 850542...
2026-07-29 21:42:14.426 | INFO     | __main__:build_sector_daily:166 - [66/335] 获取 850544...
2026-07-29 21:42:15.342 | INFO     | __main__:build_sector_daily:166 - [67/335] 获取 850545...
2026-07-29 21:42:15.944 | INFO     | __main__:build_sector_daily:166 - [68/335] 获取 850561...
2026-07-29 21:42:16.542 | INFO     | __main__:build_sector_daily:166 - [69/335] 获取 850562...
2026-07-29 21:42:17.114 | INFO     | __main__:build_sector_daily:166 - [70/335] 获取 850543...
2026-07-29 21:42:17.708 | INFO     | __main__:build_sector_daily:166 - [71/335] 获取 850812...
2026-07-29 21:42:18.705 | INFO     | __main__:build_sector_daily:166 - [72/335] 获取 850813...
2026-07-29 21:42:19.646 | INFO     | __main__:build_sector_daily:166 - [73/335] 获取 850814...
2026-07-29 21:42:20.448 | INFO     | __main__:build_sector_daily:166 - [74/335] 获取 850815...
2026-07-29 21:42:21.130 | INFO     | __main__:build_sector_daily:166 - [75/335] 获取 850816...
2026-07-29 21:42:21.829 | INFO     | __main__:build_sector_daily:166 - [76/335] 获取 850817...
2026-07-29 21:42:22.667 | INFO     | __main__:build_sector_daily:166 - [77/335] 获取 850818...
2026-07-29 21:42:23.337 | INFO     | __main__:build_sector_daily:166 - [78/335] 获取 850822...
2026-07-29 21:42:24.250 | INFO     | __main__:build_sector_daily:166 - [79/335] 获取 850823...
2026-07-29 21:42:25.059 | INFO     | __main__:build_sector_daily:166 - [80/335] 获取 850831...
2026-07-29 21:42:26.407 | INFO     | __main__:build_sector_daily:166 - [81/335] 获取 850832...
2026-07-29 21:42:27.390 | INFO     | __main__:build_sector_daily:166 - [82/335] 获取 850833...
2026-07-29 21:42:28.290 | INFO     | __main__:build_sector_daily:166 - [83/335] 获取 850841...
2026-07-29 21:42:29.351 | INFO     | __main__:build_sector_daily:166 - [84/335] 获取 850853...
2026-07-29 21:42:30.409 | INFO     | __main__:build_sector_daily:166 - [85/335] 获取 850854...
2026-07-29 21:42:31.150 | INFO     | __main__:build_sector_daily:166 - [86/335] 获取 850861...
2026-07-29 21:42:32.059 | INFO     | __main__:build_sector_daily:166 - [87/335] 获取 850922...
2026-07-29 21:42:32.804 | INFO     | __main__:build_sector_daily:166 - [88/335] 获取 850923...
2026-07-29 21:42:33.471 | INFO     | __main__:build_sector_daily:166 - [89/335] 获取 850924...
2026-07-29 21:42:34.241 | INFO     | __main__:build_sector_daily:166 - [90/335] 获取 850925...
2026-07-29 21:42:35.072 | INFO     | __main__:build_sector_daily:166 - [91/335] 获取 850926...
2026-07-29 21:42:36.025 | INFO     | __main__:build_sector_daily:166 - [92/335] 获取 850232...
2026-07-29 21:42:36.677 | INFO     | __main__:build_sector_daily:166 - [93/335] 获取 850233...
2026-07-29 21:42:37.394 | INFO     | __main__:build_sector_daily:166 - [94/335] 获取 858811...
2026-07-29 21:42:38.168 | INFO     | __main__:build_sector_daily:166 - [95/335] 获取 858812...
2026-07-29 21:42:39.001 | INFO     | __main__:build_sector_daily:166 - [96/335] 获取 850951...
2026-07-29 21:42:39.650 | INFO     | __main__:build_sector_daily:166 - [97/335] 获取 850952...
2026-07-29 21:42:40.362 | INFO     | __main__:build_sector_daily:166 - [98/335] 获取 850912...
2026-07-29 21:42:41.330 | INFO     | __main__:build_sector_daily:166 - [99/335] 获取 850913...
2026-07-29 21:42:42.307 | INFO     | __main__:build_sector_daily:166 - [100/335] 获取 851112...
2026-07-29 21:42:43.663 | INFO     | __main__:build_sector_daily:166 - [101/335] 获取 851116...
2026-07-29 21:42:44.380 | INFO     | __main__:build_sector_daily:166 - [102/335] 获取 851121...
2026-07-29 21:42:44.949 | INFO     | __main__:build_sector_daily:166 - [103/335] 获取 851122...
2026-07-29 21:42:46.506 | INFO     | __main__:build_sector_daily:166 - [104/335] 获取 851131...
2026-07-29 21:42:47.144 | INFO     | __main__:build_sector_daily:166 - [105/335] 获取 851132...
2026-07-29 21:42:47.746 | INFO     | __main__:build_sector_daily:166 - [106/335] 获取 851133...
2026-07-29 21:42:48.397 | INFO     | __main__:build_sector_daily:166 - [107/335] 获取 851141...
2026-07-29 21:42:49.058 | INFO     | __main__:build_sector_daily:166 - [108/335] 获取 851142...
2026-07-29 21:42:49.728 | INFO     | __main__:build_sector_daily:166 - [109/335] 获取 851151...
2026-07-29 21:42:50.402 | INFO     | __main__:build_sector_daily:166 - [110/335] 获取 851161...
2026-07-29 21:42:51.282 | INFO     | __main__:build_sector_daily:166 - [111/335] 获取 851171...
2026-07-29 21:42:51.856 | INFO     | __main__:build_sector_daily:166 - [112/335] 获取 851241...
2026-07-29 21:42:52.667 | INFO     | __main__:build_sector_daily:166 - [113/335] 获取 851246...
2026-07-29 21:42:53.374 | INFO     | __main__:build_sector_daily:166 - [114/335] 获取 851247...
2026-07-29 21:42:54.089 | INFO     | __main__:build_sector_daily:166 - [115/335] 获取 851251...
2026-07-29 21:42:54.807 | INFO     | __main__:build_sector_daily:166 - [116/335] 获取 851232...
2026-07-29 21:42:56.059 | INFO     | __main__:build_sector_daily:166 - [117/335] 获取 851233...
2026-07-29 21:42:57.323 | INFO     | __main__:build_sector_daily:166 - [118/335] 获取 851271...
2026-07-29 21:42:58.049 | INFO     | __main__:build_sector_daily:166 - [119/335] 获取 851243...
2026-07-29 21:42:58.850 | INFO     | __main__:build_sector_daily:166 - [120/335] 获取 851281...
2026-07-29 21:42:59.506 | INFO     | __main__:build_sector_daily:166 - [121/335] 获取 851282...
2026-07-29 21:43:00.285 | INFO     | __main__:build_sector_daily:166 - [122/335] 获取 851283...
2026-07-29 21:43:01.230 | INFO     | __main__:build_sector_daily:166 - [123/335] 获取 851242...
2026-07-29 21:43:02.045 | INFO     | __main__:build_sector_daily:166 - [124/335] 获取 851312...
2026-07-29 21:43:03.654 | INFO     | __main__:build_sector_daily:166 - [125/335] 获取 851314...
2026-07-29 21:43:04.860 | INFO     | __main__:build_sector_daily:166 - [126/335] 获取 851315...
2026-07-29 21:43:05.885 | INFO     | __main__:build_sector_daily:166 - [127/335] 获取 851316...
2026-07-29 21:43:06.898 | INFO     | __main__:build_sector_daily:166 - [128/335] 获取 851317...
2026-07-29 21:43:07.658 | INFO     | __main__:build_sector_daily:166 - [129/335] 获取 851325...
2026-07-29 21:43:08.640 | INFO     | __main__:build_sector_daily:166 - [130/335] 获取 851326...
2026-07-29 21:43:09.756 | INFO     | __main__:build_sector_daily:166 - [131/335] 获取 851328...
2026-07-29 21:43:10.447 | INFO     | __main__:build_sector_daily:166 - [132/335] 获取 851329...
2026-07-29 21:43:11.166 | INFO     | __main__:build_sector_daily:166 - [133/335] 获取 851331...
2026-07-29 21:43:11.891 | INFO     | __main__:build_sector_daily:166 - [134/335] 获取 851333...
2026-07-29 21:43:12.604 | INFO     | __main__:build_sector_daily:166 - [135/335] 获取 851412...
2026-07-29 21:43:13.576 | INFO     | __main__:build_sector_daily:166 - [136/335] 获取 851413...
2026-07-29 21:43:14.304 | INFO     | __main__:build_sector_daily:166 - [137/335] 获取 851422...
2026-07-29 21:43:14.982 | INFO     | __main__:build_sector_daily:166 - [138/335] 获取 851423...
2026-07-29 21:43:15.738 | INFO     | __main__:build_sector_daily:166 - [139/335] 获取 851424...
2026-07-29 21:43:16.526 | INFO     | __main__:build_sector_daily:166 - [140/335] 获取 851425...
2026-07-29 21:43:17.401 | INFO     | __main__:build_sector_daily:166 - [141/335] 获取 851426...
2026-07-29 21:43:18.003 | INFO     | __main__:build_sector_daily:166 - [142/335] 获取 851436...
2026-07-29 21:43:18.851 | INFO     | __main__:build_sector_daily:166 - [143/335] 获取 851437...
2026-07-29 21:43:19.511 | INFO     | __main__:build_sector_daily:166 - [144/335] 获取 851438...
2026-07-29 21:43:20.176 | INFO     | __main__:build_sector_daily:166 - [145/335] 获取 851439...
2026-07-29 21:43:20.841 | INFO     | __main__:build_sector_daily:166 - [146/335] 获取 851491...
2026-07-29 21:43:21.884 | INFO     | __main__:build_sector_daily:166 - [147/335] 获取 851451...
2026-07-29 21:43:22.507 | INFO     | __main__:build_sector_daily:166 - [148/335] 获取 851452...
2026-07-29 21:43:23.159 | INFO     | __main__:build_sector_daily:166 - [149/335] 获取 851511...
2026-07-29 21:43:24.305 | INFO     | __main__:build_sector_daily:166 - [150/335] 获取 851512...
2026-07-29 21:43:25.474 | INFO     | __main__:build_sector_daily:166 - [151/335] 获取 851521...
2026-07-29 21:43:26.620 | INFO     | __main__:build_sector_daily:166 - [152/335] 获取 851522...
2026-07-29 21:43:27.262 | INFO     | __main__:build_sector_daily:166 - [153/335] 获取 851523...
2026-07-29 21:43:28.134 | INFO     | __main__:build_sector_daily:166 - [154/335] 获取 851524...
2026-07-29 21:43:28.811 | INFO     | __main__:build_sector_daily:166 - [155/335] 获取 851542...
2026-07-29 21:43:29.492 | INFO     | __main__:build_sector_daily:166 - [156/335] 获取 851543...
2026-07-29 21:43:30.329 | INFO     | __main__:build_sector_daily:166 - [157/335] 获取 851532...
2026-07-29 21:43:30.980 | INFO     | __main__:build_sector_daily:166 - [158/335] 获取 851533...
2026-07-29 21:43:31.621 | INFO     | __main__:build_sector_daily:166 - [159/335] 获取 851534...
2026-07-29 21:43:32.275 | INFO     | __main__:build_sector_daily:166 - [160/335] 获取 851562...
2026-07-29 21:43:32.941 | INFO     | __main__:build_sector_daily:166 - [161/335] 获取 851563...
2026-07-29 21:43:33.741 | INFO     | __main__:build_sector_daily:166 - [162/335] 获取 851564...
2026-07-29 21:43:34.385 | INFO     | __main__:build_sector_daily:166 - [163/335] 获取 851565...
2026-07-29 21:43:35.073 | INFO     | __main__:build_sector_daily:166 - [164/335] 获取 851611...
2026-07-29 21:43:36.055 | INFO     | __main__:build_sector_daily:166 - [165/335] 获取 851612...
2026-07-29 21:43:37.445 | INFO     | __main__:build_sector_daily:166 - [166/335] 获取 851614...
2026-07-29 21:43:38.463 | INFO     | __main__:build_sector_daily:166 - [167/335] 获取 851616...
2026-07-29 21:43:39.328 | INFO     | __main__:build_sector_daily:166 - [168/335] 获取 851617...
2026-07-29 21:43:40.067 | INFO     | __main__:build_sector_daily:166 - [169/335] 获取 851618...
2026-07-29 21:43:40.693 | INFO     | __main__:build_sector_daily:166 - [170/335] 获取 851619...
2026-07-29 21:43:41.274 | INFO     | __main__:build_sector_daily:166 - [171/335] 获取 851610...
2026-07-29 21:43:41.990 | INFO     | __main__:build_sector_daily:166 - [172/335] 获取 851631...
2026-07-29 21:43:43.447 | INFO     | __main__:build_sector_daily:166 - [173/335] 获取 851782...
2026-07-29 21:43:44.424 | INFO     | __main__:build_sector_daily:166 - [174/335] 获取 851783...
2026-07-29 21:43:45.082 | INFO     | __main__:build_sector_daily:166 - [175/335] 获取 851784...
2026-07-29 21:43:45.715 | INFO     | __main__:build_sector_daily:166 - [176/335] 获取 851785...
2026-07-29 21:43:46.539 | INFO     | __main__:build_sector_daily:166 - [177/335] 获取 851786...
2026-07-29 21:43:47.265 | INFO     | __main__:build_sector_daily:166 - [178/335] 获取 851787...
2026-07-29 21:43:47.963 | INFO     | __main__:build_sector_daily:166 - [179/335] 获取 851731...
2026-07-29 21:43:49.153 | INFO     | __main__:build_sector_daily:166 - [180/335] 获取 851721...
2026-07-29 21:43:50.315 | INFO     | __main__:build_sector_daily:166 - [181/335] 获取 851771...
2026-07-29 21:43:51.409 | INFO     | __main__:build_sector_daily:166 - [182/335] 获取 851741...
2026-07-29 21:43:52.683 | INFO     | __main__:build_sector_daily:166 - [183/335] 获取 851751...
2026-07-29 21:43:53.283 | INFO     | __main__:build_sector_daily:166 - [184/335] 获取 851761...
2026-07-29 21:43:54.484 | INFO     | __main__:build_sector_daily:166 - [185/335] 获取 851711...
2026-07-29 21:43:55.675 | INFO     | __main__:build_sector_daily:166 - [186/335] 获取 851811...
2026-07-29 21:43:56.777 | INFO     | __main__:build_sector_daily:166 - [187/335] 获取 851812...
2026-07-29 21:43:57.528 | INFO     | __main__:build_sector_daily:166 - [188/335] 获取 851813...
2026-07-29 21:43:58.254 | INFO     | __main__:build_sector_daily:166 - [189/335] 获取 851831...
2026-07-29 21:43:58.935 | INFO     | __main__:build_sector_daily:166 - [190/335] 获取 851832...
2026-07-29 21:43:59.634 | INFO     | __main__:build_sector_daily:166 - [191/335] 获取 851833...
2026-07-29 21:44:00.198 | INFO     | __main__:build_sector_daily:166 - [192/335] 获取 852021...
2026-07-29 21:44:01.240 | INFO     | __main__:build_sector_daily:166 - [193/335] 获取 852031...
2026-07-29 21:44:02.011 | INFO     | __main__:build_sector_daily:166 - [194/335] 获取 852032...
2026-07-29 21:44:02.776 | INFO     | __main__:build_sector_daily:166 - [195/335] 获取 852033...
2026-07-29 21:44:03.507 | INFO     | __main__:build_sector_daily:166 - [196/335] 获取 852034...
2026-07-29 21:44:04.168 | INFO     | __main__:build_sector_daily:166 - [197/335] 获取 852041...
2026-07-29 21:44:05.005 | INFO     | __main__:build_sector_daily:166 - [198/335] 获取 852061...
2026-07-29 21:44:05.617 | INFO     | __main__:build_sector_daily:166 - [199/335] 获取 852062...
2026-07-29 21:44:06.282 | INFO     | __main__:build_sector_daily:166 - [200/335] 获取 852063...
2026-07-29 21:44:07.194 | INFO     | __main__:build_sector_daily:166 - [201/335] 获取 852071...
2026-07-29 21:44:07.813 | INFO     | __main__:build_sector_daily:166 - [202/335] 获取 852161...
2026-07-29 21:44:08.520 | INFO     | __main__:build_sector_daily:166 - [203/335] 获取 852181...
2026-07-29 21:44:09.227 | INFO     | __main__:build_sector_daily:166 - [204/335] 获取 852182...
2026-07-29 21:44:10.133 | INFO     | __main__:build_sector_daily:166 - [205/335] 获取 852183...
2026-07-29 21:44:10.798 | INFO     | __main__:build_sector_daily:166 - [206/335] 获取 852184...
2026-07-29 21:44:11.395 | INFO     | __main__:build_sector_daily:166 - [207/335] 获取 852121...
2026-07-29 21:44:12.653 | INFO     | __main__:build_sector_daily:166 - [208/335] 获取 852141...
2026-07-29 21:44:13.351 | INFO     | __main__:build_sector_daily:166 - [209/335] 获取 852111...
2026-07-29 21:44:14.736 | INFO     | __main__:build_sector_daily:166 - [210/335] 获取 852112...
2026-07-29 21:44:15.686 | INFO     | __main__:build_sector_daily:166 - [211/335] 获取 852131...
2026-07-29 21:44:17.095 | INFO     | __main__:build_sector_daily:166 - [212/335] 获取 859851...
2026-07-29 21:44:17.679 | INFO     | __main__:build_sector_daily:166 - [213/335] 获取 859852...
2026-07-29 21:44:18.509 | INFO     | __main__:build_sector_daily:166 - [214/335] 获取 859853...
2026-07-29 21:44:19.191 | INFO     | __main__:build_sector_daily:166 - [215/335] 获取 857821...
2026-07-29 21:44:19.878 | INFO     | __main__:build_sector_daily:166 - [216/335] 获取 857831...
2026-07-29 21:44:20.552 | INFO     | __main__:build_sector_daily:166 - [217/335] 获取 857841...
2026-07-29 21:44:21.196 | INFO     | __main__:build_sector_daily:166 - [218/335] 获取 857851...
2026-07-29 21:44:21.842 | INFO     | __main__:build_sector_daily:166 - [219/335] 获取 851931...
2026-07-29 21:44:23.177 | INFO     | __main__:build_sector_daily:166 - [220/335] 获取 851941...
2026-07-29 21:44:24.296 | INFO     | __main__:build_sector_daily:166 - [221/335] 获取 851922...
2026-07-29 21:44:25.012 | INFO     | __main__:build_sector_daily:166 - [222/335] 获取 851923...
2026-07-29 21:44:25.662 | INFO     | __main__:build_sector_daily:166 - [223/335] 获取 851924...
2026-07-29 21:44:26.231 | INFO     | __main__:build_sector_daily:166 - [224/335] 获取 851925...
2026-07-29 21:44:26.884 | INFO     | __main__:build_sector_daily:166 - [225/335] 获取 851926...
2026-07-29 21:44:27.496 | INFO     | __main__:build_sector_daily:166 - [226/335] 获取 851927...
2026-07-29 21:44:28.147 | INFO     | __main__:build_sector_daily:166 - [227/335] 获取 852311...
2026-07-29 21:44:29.112 | INFO     | __main__:build_sector_daily:166 - [228/335] 获取 857111...
2026-07-29 21:44:29.745 | INFO     | __main__:build_sector_daily:166 - [229/335] 获取 857112...
2026-07-29 21:44:30.425 | INFO     | __main__:build_sector_daily:166 - [230/335] 获取 857121...
2026-07-29 21:44:31.324 | INFO     | __main__:build_sector_daily:166 - [231/335] 获取 857122...
2026-07-29 21:44:32.037 | INFO     | __main__:build_sector_daily:166 - [232/335] 获取 850615...
2026-07-29 21:44:33.183 | INFO     | __main__:build_sector_daily:166 - [233/335] 获取 850616...
2026-07-29 21:44:34.171 | INFO     | __main__:build_sector_daily:166 - [234/335] 获取 850614...
2026-07-29 21:44:35.141 | INFO     | __main__:build_sector_daily:166 - [235/335] 获取 850617...
2026-07-29 21:44:35.867 | INFO     | __main__:build_sector_daily:166 - [236/335] 获取 850618...
2026-07-29 21:44:36.441 | INFO     | __main__:build_sector_daily:166 - [237/335] 获取 850623...
2026-07-29 21:44:37.355 | INFO     | __main__:build_sector_daily:166 - [238/335] 获取 857221...
2026-07-29 21:44:38.322 | INFO     | __main__:build_sector_daily:166 - [239/335] 获取 857236...
2026-07-29 21:44:39.003 | INFO     | __main__:build_sector_daily:166 - [240/335] 获取 857251...
2026-07-29 21:44:39.950 | INFO     | __main__:build_sector_daily:166 - [241/335] 获取 857241...
2026-07-29 21:44:40.976 | INFO     | __main__:build_sector_daily:166 - [242/335] 获取 857242...
2026-07-29 21:44:41.902 | INFO     | __main__:build_sector_daily:166 - [243/335] 获取 857243...
2026-07-29 21:44:43.135 | INFO     | __main__:build_sector_daily:166 - [244/335] 获取 857244...
2026-07-29 21:44:44.348 | INFO     | __main__:build_sector_daily:166 - [245/335] 获取 857261...
2026-07-29 21:44:45.085 | INFO     | __main__:build_sector_daily:166 - [246/335] 获取 850741...
2026-07-29 21:44:46.400 | INFO     | __main__:build_sector_daily:166 - [247/335] 获取 857331...
2026-07-29 21:44:46.974 | INFO     | __main__:build_sector_daily:166 - [248/335] 获取 857334...
2026-07-29 21:44:47.960 | INFO     | __main__:build_sector_daily:166 - [249/335] 获取 857336...
2026-07-29 21:44:48.950 | INFO     | __main__:build_sector_daily:166 - [250/335] 获取 857351...
2026-07-29 21:44:49.519 | INFO     | __main__:build_sector_daily:166 - [251/335] 获取 857352...
2026-07-29 21:44:50.381 | INFO     | __main__:build_sector_daily:166 - [252/335] 获取 857353...
2026-07-29 21:44:50.998 | INFO     | __main__:build_sector_daily:166 - [253/335] 获取 857354...
2026-07-29 21:44:51.950 | INFO     | __main__:build_sector_daily:166 - [254/335] 获取 857355...
2026-07-29 21:44:53.085 | INFO     | __main__:build_sector_daily:166 - [255/335] 获取 857361...
2026-07-29 21:44:53.718 | INFO     | __main__:build_sector_daily:166 - [256/335] 获取 857362...
2026-07-29 21:44:54.388 | INFO     | __main__:build_sector_daily:166 - [257/335] 获取 857371...
2026-07-29 21:44:55.298 | INFO     | __main__:build_sector_daily:166 - [258/335] 获取 857372...
2026-07-29 21:44:56.160 | INFO     | __main__:build_sector_daily:166 - [259/335] 获取 857373...
2026-07-29 21:44:56.870 | INFO     | __main__:build_sector_daily:166 - [260/335] 获取 857374...
2026-07-29 21:44:57.872 | INFO     | __main__:build_sector_daily:166 - [261/335] 获取 857375...
2026-07-29 21:44:58.680 | INFO     | __main__:build_sector_daily:166 - [262/335] 获取 857381...
2026-07-29 21:44:59.391 | INFO     | __main__:build_sector_daily:166 - [263/335] 获取 857382...
2026-07-29 21:45:00.641 | INFO     | __main__:build_sector_daily:166 - [264/335] 获取 857321...
2026-07-29 21:45:02.360 | INFO     | __main__:build_sector_daily:166 - [265/335] 获取 857323...
2026-07-29 21:45:04.387 | INFO     | __main__:build_sector_daily:166 - [266/335] 获取 857344...
2026-07-29 21:45:06.965 | INFO     | __main__:build_sector_daily:166 - [267/335] 获取 850711...
2026-07-29 21:45:09.250 | INFO     | __main__:build_sector_daily:166 - [268/335] 获取 850713...
2026-07-29 21:45:11.393 | INFO     | __main__:build_sector_daily:166 - [269/335] 获取 850715...
2026-07-29 21:45:13.970 | INFO     | __main__:build_sector_daily:166 - [270/335] 获取 850716...
2026-07-29 21:45:16.576 | INFO     | __main__:build_sector_daily:166 - [271/335] 获取 850731...
2026-07-29 21:45:18.390 | INFO     | __main__:build_sector_daily:166 - [272/335] 获取 850751...
2026-07-29 21:45:21.159 | INFO     | __main__:build_sector_daily:166 - [273/335] 获取 850725...
2026-07-29 21:45:24.144 | INFO     | __main__:build_sector_daily:166 - [274/335] 获取 850728...
2026-07-29 21:45:25.878 | INFO     | __main__:build_sector_daily:166 - [275/335] 获取 850721...
2026-07-29 21:45:27.410 | INFO     | __main__:build_sector_daily:166 - [276/335] 获取 850723...
2026-07-29 21:45:28.233 | INFO     | __main__:build_sector_daily:166 - [277/335] 获取 850726...
2026-07-29 21:45:29.683 | INFO     | __main__:build_sector_daily:166 - [278/335] 获取 850727...
2026-07-29 21:45:32.109 | INFO     | __main__:build_sector_daily:166 - [279/335] 获取 850936...
2026-07-29 21:45:34.042 | INFO     | __main__:build_sector_daily:166 - [280/335] 获取 850771...
2026-07-29 21:45:35.541 | INFO     | __main__:build_sector_daily:166 - [281/335] 获取 850772...
2026-07-29 21:45:37.510 | INFO     | __main__:build_sector_daily:166 - [282/335] 获取 850781...
2026-07-29 21:45:39.321 | INFO     | __main__:build_sector_daily:166 - [283/335] 获取 850782...
2026-07-29 21:45:41.044 | INFO     | __main__:build_sector_daily:166 - [284/335] 获取 850783...
2026-07-29 21:45:42.187 | INFO     | __main__:build_sector_daily:166 - [285/335] 获取 850784...
2026-07-29 21:45:43.791 | INFO     | __main__:build_sector_daily:166 - [286/335] 获取 857411...
2026-07-29 21:45:45.434 | INFO     | __main__:build_sector_daily:166 - [287/335] 获取 857421...
2026-07-29 21:45:47.098 | INFO     | __main__:build_sector_daily:166 - [288/335] 获取 857431...
2026-07-29 21:45:48.781 | INFO     | __main__:build_sector_daily:166 - [289/335] 获取 850935...
2026-07-29 21:45:49.917 | INFO     | __main__:build_sector_daily:166 - [290/335] 获取 857451...
2026-07-29 21:45:51.156 | INFO     | __main__:build_sector_daily:166 - [291/335] 获取 850702...
2026-07-29 21:45:52.992 | INFO     | __main__:build_sector_daily:166 - [292/335] 获取 850703...
2026-07-29 21:45:54.115 | INFO     | __main__:build_sector_daily:166 - [293/335] 获取 852226...
2026-07-29 21:45:55.909 | INFO     | __main__:build_sector_daily:166 - [294/335] 获取 851041...
2026-07-29 21:45:57.434 | INFO     | __main__:build_sector_daily:166 - [295/335] 获取 851042...
2026-07-29 21:45:58.862 | INFO     | __main__:build_sector_daily:166 - [296/335] 获取 857641...
2026-07-29 21:45:59.808 | INFO     | __main__:build_sector_daily:166 - [297/335] 获取 857651...
2026-07-29 21:46:00.725 | INFO     | __main__:build_sector_daily:166 - [298/335] 获取 857652...
2026-07-29 21:46:01.727 | INFO     | __main__:build_sector_daily:166 - [299/335] 获取 857661...
2026-07-29 21:46:02.679 | INFO     | __main__:build_sector_daily:166 - [300/335] 获取 857662...
2026-07-29 21:46:03.286 | INFO     | __main__:build_sector_daily:166 - [301/335] 获取 857671...
2026-07-29 21:46:03.877 | INFO     | __main__:build_sector_daily:166 - [302/335] 获取 857673...
2026-07-29 21:46:04.476 | INFO     | __main__:build_sector_daily:166 - [303/335] 获取 857674...
2026-07-29 21:46:05.362 | INFO     | __main__:build_sector_daily:166 - [304/335] 获取 857675...
2026-07-29 21:46:06.080 | INFO     | __main__:build_sector_daily:166 - [305/335] 获取 857676...
2026-07-29 21:46:06.828 | INFO     | __main__:build_sector_daily:166 - [306/335] 获取 857691...
2026-07-29 21:46:07.740 | INFO     | __main__:build_sector_daily:166 - [307/335] 获取 857692...
2026-07-29 21:46:08.637 | INFO     | __main__:build_sector_daily:166 - [308/335] 获取 859951...
2026-07-29 21:46:09.328 | INFO     | __main__:build_sector_daily:166 - [309/335] 获取 852212...
2026-07-29 21:46:09.930 | INFO     | __main__:build_sector_daily:166 - [310/335] 获取 852213...
2026-07-29 21:46:10.580 | INFO     | __main__:build_sector_daily:166 - [311/335] 获取 852214...
2026-07-29 21:46:11.385 | INFO     | __main__:build_sector_daily:166 - [312/335] 获取 851024...
2026-07-29 21:46:12.431 | INFO     | __main__:build_sector_daily:166 - [313/335] 获取 851025...
2026-07-29 21:46:13.877 | INFO     | __main__:build_sector_daily:166 - [314/335] 获取 851026...
2026-07-29 21:46:15.086 | INFO     | __main__:build_sector_daily:166 - [315/335] 获取 851027...
2026-07-29 21:46:15.869 | INFO     | __main__:build_sector_daily:166 - [316/335] 获取 859511...
2026-07-29 21:46:16.555 | INFO     | __main__:build_sector_daily:166 - [317/335] 获取 859512...
2026-07-29 21:46:17.263 | INFO     | __main__:build_sector_daily:166 - [318/335] 获取 859521...
2026-07-29 21:46:17.986 | INFO     | __main__:build_sector_daily:166 - [319/335] 获取 859611...
2026-07-29 21:46:18.579 | INFO     | __main__:build_sector_daily:166 - [320/335] 获取 859621...
2026-07-29 21:46:19.509 | INFO     | __main__:build_sector_daily:166 - [321/335] 获取 859622...
2026-07-29 21:46:20.335 | INFO     | __main__:build_sector_daily:166 - [322/335] 获取 859631...
2026-07-29 21:46:21.005 | INFO     | __main__:build_sector_daily:166 - [323/335] 获取 859632...
2026-07-29 21:46:21.772 | INFO     | __main__:build_sector_daily:166 - [324/335] 获取 859633...
2026-07-29 21:46:22.509 | INFO     | __main__:build_sector_daily:166 - [325/335] 获取 859711...
2026-07-29 21:46:23.232 | INFO     | __main__:build_sector_daily:166 - [326/335] 获取 859712...
2026-07-29 21:46:24.000 | INFO     | __main__:build_sector_daily:166 - [327/335] 获取 859713...
2026-07-29 21:46:24.659 | INFO     | __main__:build_sector_daily:166 - [328/335] 获取 859714...
2026-07-29 21:46:25.346 | INFO     | __main__:build_sector_daily:166 - [329/335] 获取 859721...
2026-07-29 21:46:26.008 | INFO     | __main__:build_sector_daily:166 - [330/335] 获取 859811...
2026-07-29 21:46:26.693 | INFO     | __main__:build_sector_daily:166 - [331/335] 获取 859812...
2026-07-29 21:46:27.272 | INFO     | __main__:build_sector_daily:166 - [332/335] 获取 859821...
2026-07-29 21:46:27.918 | INFO     | __main__:build_sector_daily:166 - [333/335] 获取 859822...
2026-07-29 21:46:28.629 | INFO     | __main__:build_sector_daily:166 - [334/335] 获取 859831...
2026-07-29 21:46:29.208 | INFO     | __main__:build_sector_daily:166 - [335/335] 获取 859832...
2026-07-29 21:46:29.878 | WARNING  | __main__:run:227 - 未获取到任何板块数据
2026-07-29 21:50:23.873 | INFO     | sector_service:get_ths_boards:56 - 同花顺行业板块: 90 个
2026-07-29 21:50:43.083 | WARNING  | sector_service:fetch_ths_board_daily:96 -   半导体 数据获取失败: cannot do slice indexing on DatetimeIndex with these indexers [20250691] of type str
2026-07-29 21:51:05.887 | INFO     | sector_service:get_ths_boards:56 - 同花顺行业板块: 90 个
2026-07-29 21:51:05.887 | INFO     | sector_service:run:165 - 共 90 个同花顺行业板块
2026-07-29 21:51:05.887 | INFO     | sector_service:build_ths_sector_daily:113 - [1/3] 半导体...
2026-07-29 21:51:06.374 | INFO     | sector_service:build_ths_sector_daily:125 -   -> 半导体: 10 条
2026-07-29 21:51:06.874 | INFO     | sector_service:build_ths_sector_daily:113 - [2/3] 白酒...
2026-07-29 21:51:07.362 | INFO     | sector_service:build_ths_sector_daily:125 -   -> 白酒: 10 条
2026-07-29 21:51:07.863 | INFO     | sector_service:build_ths_sector_daily:113 - [3/3] 白色家电...
2026-07-29 21:51:08.348 | INFO     | sector_service:build_ths_sector_daily:125 -   -> 白色家电: 10 条
2026-07-29 21:51:08.868 | INFO     | sector_service:save_sector_data:157 - 已保存到 data\sector_daily.csv (30 条)
2026-07-29 21:51:08.870 | INFO     | sector_service:run:173 - 完成: 30 条记录, 3 个板块, 日期 2025-07-01 ~ 2025-07-14
2026-07-29 21:51:29.986 | INFO     | __main__:get_ths_boards:56 - 同花顺行业板块: 90 个
2026-07-29 21:51:29.987 | INFO     | __main__:run:165 - 共 90 个同花顺行业板块
2026-07-29 21:51:29.987 | INFO     | __main__:build_ths_sector_daily:113 - [1/2] 半导体...
2026-07-29 21:51:31.724 | INFO     | __main__:build_ths_sector_daily:125 -   -> 半导体: 1592 条
2026-07-29 21:51:32.225 | INFO     | __main__:build_ths_sector_daily:113 - [2/2] 白酒...
2026-07-29 21:51:33.960 | INFO     | __main__:build_ths_sector_daily:125 -   -> 白酒: 1592 条
2026-07-29 21:51:34.489 | INFO     | __main__:save_sector_data:157 - 已保存到 data\sector_daily.csv (3184 条)
2026-07-29 21:51:34.490 | INFO     | __main__:run:173 - 完成: 3184 条记录, 2 个板块, 日期 2020-01-02 ~ 2026-07-29
2026-07-29 21:53:53.822 | INFO     | sector_service:get_ths_boards:52 - 同花顺行业板块: 90 个
2026-07-29 21:53:53.823 | INFO     | sector_service:run:155 - 共 90 个同花顺行业板块
2026-07-29 21:53:53.823 | INFO     | sector_service:build_ths_sector_daily:109 - [1/2] 半导体...
2026-07-29 21:53:54.312 | INFO     | sector_service:build_ths_sector_daily:117 -   -> 半导体: 10 条
2026-07-29 21:53:54.812 | INFO     | sector_service:build_ths_sector_daily:109 - [2/2] 白酒...
2026-07-29 21:53:55.299 | INFO     | sector_service:build_ths_sector_daily:117 -   -> 白酒: 10 条
2026-07-29 21:53:55.866 | INFO     | sector_service:save_sector_data:147 - 已保存到 data\sector_daily.csv (20 条)
2026-07-29 21:53:55.867 | INFO     | sector_service:run:163 - 完成: 20 条记录, 2 个板块, 日期 2025-07-01 ~ 2025-07-14
2026-07-29 21:54:30.045 | INFO     | __main__:get_ths_boards:52 - 同花顺行业板块: 90 个
2026-07-29 21:54:30.045 | INFO     | __main__:run:155 - 共 90 个同花顺行业板块
2026-07-29 21:54:30.045 | INFO     | __main__:build_ths_sector_daily:109 - [1/2] 半导体...
2026-07-29 21:54:31.814 | INFO     | __main__:build_ths_sector_daily:117 -   -> 半导体: 1592 条
2026-07-29 21:54:32.315 | INFO     | __main__:build_ths_sector_daily:109 - [2/2] 白酒...
2026-07-29 21:54:34.121 | INFO     | __main__:build_ths_sector_daily:117 -   -> 白酒: 1592 条
2026-07-29 21:54:34.650 | INFO     | __main__:save_sector_data:147 - 已保存到 data\sector_daily.csv (3184 条)
2026-07-29 21:54:34.650 | INFO     | __main__:run:163 - 完成: 3184 条记录, 2 个板块, 日期 2020-01-02 ~ 2026-07-29
2026-07-29 21:55:31.943 | INFO     | __main__:get_ths_boards:52 - 同花顺行业板块: 90 个
2026-07-29 21:55:31.944 | INFO     | __main__:run:155 - 共 90 个同花顺行业板块
2026-07-29 21:55:31.944 | INFO     | __main__:build_ths_sector_daily:109 - [1/2] 半导体...
2026-07-29 21:55:32.167 | INFO     | __main__:build_ths_sector_daily:117 -   -> 半导体: 42 条
2026-07-29 21:55:32.668 | INFO     | __main__:build_ths_sector_daily:109 - [2/2] 白酒...
2026-07-29 21:55:32.922 | INFO     | __main__:build_ths_sector_daily:117 -   -> 白酒: 42 条
2026-07-29 21:55:33.458 | INFO     | __main__:save_sector_data:147 - 已保存到 data\sector_daily.csv (84 条)
2026-07-29 21:55:33.459 | INFO     | __main__:run:163 - 完成: 84 条记录, 2 个板块, 日期 2026-06-01 ~ 2026-07-29
2026-07-29 22:06:44.647 | INFO     | sector_service:get_ths_boards:53 - 同花顺行业板块: 90 个
2026-07-29 22:06:44.648 | INFO     | sector_service:run:157 - 共 90 个同花顺行业板块
2026-07-29 22:06:44.648 | INFO     | sector_service:build_ths_sector_daily:110 - [1/2] 半导体...
2026-07-29 22:06:45.125 | INFO     | sector_service:build_ths_sector_daily:118 -   -> 半导体: 8 条
2026-07-29 22:06:45.626 | INFO     | sector_service:build_ths_sector_daily:110 - [2/2] 白酒...
2026-07-29 22:06:46.109 | INFO     | sector_service:build_ths_sector_daily:118 -   -> 白酒: 8 条
2026-07-29 22:06:46.671 | INFO     | sector_service:save_sector_data:149 - 已保存到 data\sector_daily.csv (16 条)
2026-07-29 22:06:46.672 | INFO     | sector_service:run:165 - 完成: 16 条记录, 2 个板块, 日期 2025-07-01 ~ 2025-07-10
2026-07-29 22:08:13.856 | INFO     | __main__:get_ths_boards:53 - 同花顺行业板块: 90 个
2026-07-29 22:08:13.856 | INFO     | __main__:run:157 - 共 90 个同花顺行业板块
2026-07-29 22:08:13.856 | INFO     | __main__:build_ths_sector_daily:110 - [1/2] 半导体...
2026-07-29 22:08:14.084 | INFO     | __main__:build_ths_sector_daily:118 -   -> 半导体: 42 条
2026-07-29 22:08:14.585 | INFO     | __main__:build_ths_sector_daily:110 - [2/2] 白酒...
2026-07-29 22:08:14.816 | INFO     | __main__:build_ths_sector_daily:118 -   -> 白酒: 42 条
2026-07-29 22:08:15.335 | INFO     | __main__:save_sector_data:149 - 已保存到 data\sector_daily.csv (84 条)
2026-07-29 22:08:15.336 | INFO     | __main__:run:165 - 完成: 84 条记录, 2 个板块, 日期 2026-06-01 ~ 2026-07-29
2026-07-29 22:09:41.441 | INFO     | sector_service:get_ths_boards:68 - 同花顺行业板块: 90 个
2026-07-29 22:09:41.441 | INFO     | sector_service:run:176 - 共 90 个同花顺行业板块
2026-07-29 22:09:41.442 | INFO     | sector_service:build_ths_sector_daily:125 - [1/2] 半导体...
2026-07-29 22:09:41.924 | INFO     | sector_service:build_ths_sector_daily:133 -   -> 半导体: 8 条
2026-07-29 22:09:42.424 | INFO     | sector_service:build_ths_sector_daily:125 - [2/2] 白酒...
2026-07-29 22:09:42.935 | INFO     | sector_service:build_ths_sector_daily:133 -   -> 白酒: 8 条
2026-07-29 22:09:43.444 | INFO     | sector_service:save_sector_data:168 - 已保存到 data\sector_daily.csv (16 条)
2026-07-29 22:09:43.445 | INFO     | sector_service:run:184 - 完成: 16 条记录, 2 个板块, 日期 2025-07-01 ~ 2025-07-10
2026-07-29 22:10:03.980 | INFO     | sector_service:get_ths_boards:68 - 同花顺行业板块: 90 个
2026-07-29 22:10:03.980 | INFO     | sector_service:run:176 - 共 90 个同花顺行业板块
2026-07-29 22:10:03.980 | INFO     | sector_service:build_ths_sector_daily:125 - [1/2] 半导体...
2026-07-29 22:10:04.253 | INFO     | sector_service:build_ths_sector_daily:133 -   -> 半导体: 8 条
2026-07-29 22:10:04.754 | INFO     | sector_service:build_ths_sector_daily:125 - [2/2] 白酒...
2026-07-29 22:10:05.027 | INFO     | sector_service:build_ths_sector_daily:133 -   -> 白酒: 8 条
2026-07-29 22:10:05.546 | INFO     | sector_service:save_sector_data:168 - 已保存到 data\sector_daily.csv (16 条)
2026-07-29 22:10:05.548 | INFO     | sector_service:run:184 - 完成: 16 条记录, 2 个板块, 日期 2026-07-01 ~ 2026-07-10
2026-07-29 22:12:51.432 | INFO     | __main__:get_ths_boards:68 - 同花顺行业板块: 90 个
2026-07-29 22:12:51.432 | INFO     | __main__:run:176 - 共 90 个同花顺行业板块
2026-07-29 22:12:51.432 | INFO     | __main__:build_ths_sector_daily:125 - [1/2] 半导体...
2026-07-29 22:12:52.390 | INFO     | __main__:build_ths_sector_daily:133 -   -> 半导体: 42 条
2026-07-29 22:12:52.892 | INFO     | __main__:build_ths_sector_daily:125 - [2/2] 白酒...
2026-07-29 22:12:53.847 | INFO     | __main__:build_ths_sector_daily:133 -   -> 白酒: 42 条
2026-07-29 22:12:54.356 | INFO     | __main__:save_sector_data:168 - 已保存到 data\sector_daily.csv (84 条)
2026-07-29 22:12:54.357 | INFO     | __main__:run:184 - 完成: 84 条记录, 2 个板块, 日期 2026-06-01 ~ 2026-07-29
2026-07-29 22:14:24.189 | INFO     | sector_service:get_ths_boards:70 - 同花顺行业板块: 90 个
2026-07-29 22:14:24.190 | INFO     | sector_service:run:178 - 共 90 个同花顺行业板块
2026-07-29 22:14:24.190 | INFO     | sector_service:build_ths_sector_daily:127 - [1/1] 半导体...
2026-07-29 22:14:24.435 | INFO     | sector_service:build_ths_sector_daily:135 -   -> 半导体: 8 条
2026-07-29 22:14:24.943 | INFO     | sector_service:save_sector_data:170 - 已保存到 data\sector_daily.csv (8 条)
2026-07-29 22:14:24.943 | INFO     | sector_service:run:186 - 完成: 8 条记录, 1 个板块, 日期 2026-07-01 ~ 2026-07-10
2026-07-29 22:14:51.576 | INFO     | sector_service:get_ths_boards:70 - 同花顺行业板块: 90 个
2026-07-29 22:14:51.576 | INFO     | sector_service:run:179 - 共 90 个同花顺行业板块
2026-07-29 22:14:51.576 | INFO     | sector_service:build_ths_sector_daily:127 - [1/1] 半导体...
2026-07-29 22:14:51.825 | INFO     | sector_service:build_ths_sector_daily:136 -   -> 半导体: 8 条
2026-07-29 22:14:52.334 | INFO     | sector_service:save_sector_data:171 - 已保存到 data\sector_daily.csv (8 条)
2026-07-29 22:14:52.335 | INFO     | sector_service:run:187 - 完成: 8 条记录, 1 个板块, 日期 2026-07-01 ~ 2026-07-10
2026-07-29 22:19:18.227 | INFO     | __main__:get_ths_boards:70 - 同花顺行业板块: 90 个
2026-07-29 22:19:18.227 | INFO     | __main__:run:179 - 共 90 个同花顺行业板块
2026-07-29 22:19:18.227 | INFO     | __main__:build_ths_sector_daily:127 - [1/2] 半导体...
2026-07-29 22:19:19.997 | INFO     | __main__:build_ths_sector_daily:136 -   -> 半导体: 42 条
2026-07-29 22:19:20.499 | INFO     | __main__:build_ths_sector_daily:127 - [2/2] 白酒...
2026-07-29 22:19:30.370 | INFO     | __main__:build_ths_sector_daily:136 -   -> 白酒: 42 条
2026-07-29 22:19:30.886 | INFO     | __main__:save_sector_data:171 - 已保存到 data\sector_daily.csv (84 条)
2026-07-29 22:19:30.887 | INFO     | __main__:run:187 - 完成: 84 条记录, 2 个板块, 日期 2026-06-01 ~ 2026-07-29
2026-07-29 22:24:09.591 | INFO     | sector_service:get_ths_boards:74 - 同花顺行业板块: 90 个
2026-07-29 22:24:09.591 | INFO     | sector_service:run:186 - 共 90 个同花顺行业板块
2026-07-29 22:24:09.591 | INFO     | sector_service:build_ths_sector_daily:132 - [1/1] 半导体...
2026-07-29 22:24:09.839 | INFO     | sector_service:build_ths_sector_daily:142 -   -> 半导体: 8 条
2026-07-29 22:24:10.344 | INFO     | sector_service:save_sector_data:178 - 已保存到 data\sector_daily.csv (8 条)
2026-07-29 22:24:10.345 | INFO     | sector_service:run:194 - 完成: 8 条记录, 1 个板块, 日期 2026-07-01 ~ 2026-07-10
