date,code,name,board_code,board_name,prev_close,open,pct_chg,volume,amount,macd
2026-07-30,000001,平安银行,881155,银行,11.28,11.28,2.93,277770770.0,3194072400.0,0.2042
2026-07-30,000002,万  科Ａ,881153,房地产,3.28,3.26,1.52,211866620.0,708739130.0,0.0182
2026-07-30,000006,深振业Ａ,881153,房地产,6.51,6.45,-2.15,22256808.0,143913460.0,-0.3781
2026-07-30,000007,全新好,881158,零售,9.16,9.16,-4.91,7523900.0,67022149.0,-0.9416
2026-07-30,000008,神州高铁,881269,轨交设备,2.37,2.36,-0.84,28288268.0,66796143.0,-0.0394
2026-07-30,000009,中国宝安,881281,电池,6.5,6.46,10.0,56205002.0,390363860.0,-0.0383
2026-07-30,000010,*ST美丽,881116,建筑装饰,1.52,1.53,-0.66,19083600.0,29124615.0,-0.1306
2026-07-30,000011,深物业A,881153,房地产,7.82,7.79,2.17,32788025.0,262751150.0,0.2594
2026-07-30,000012,南  玻Ａ,881115,建筑材料,3.9,3.89,0.77,27475426.0,107928034.0,-0.1485
2026-07-30,000014,沙河股份,881153,房地产,9.99,10.0,-0.1,12734608.0,129687874.0,-0.069
2026-07-30,000016,*ST康佳A,881131,白色家电,2.55,2.54,-3.14,18986139.0,47831705.0,-0.0481
2026-07-30,000017,深中华A,881136,服装家纺,5.99,5.99,-2.84,10074870.0,60000274.0,0.0454
2026-07-30,000019,深粮控股,881103,农产品加工,6.04,6.02,0.66,6815930.0,41561444.0,-0.0315
2026-07-30,000020,深华发Ａ,881122,光学光电子,10.36,10.28,0.1,5347655.0,56060285.0,-0.3674
2026-07-30,000021,深科技,881124,消费电子,40.15,38.65,-9.29,159265780.0,5981223800.0,-2.4083
2026-07-30,000025,特  力Ａ,881165,综合,14.22,14.23,9.99,14636510.0,223174740.0,0.0713
2026-07-30,000026,飞亚达,881136,服装家纺,16.1,15.99,0.62,10404293.0,171953240.0,-1.2385
2026-07-30,000027,深圳能源,881145,电力,6.43,6.41,0.62,27566552.0,177149090.0,-0.0538
2026-07-30,000028,国药一致,881143,医药商业,20.77,20.69,1.11,2951073.0,61735620.0,0.105
2026-07-30,000029,深深房Ａ,881153,房地产,20.13,20.02,-3.13,6642574.0,131336436.0,-1.2024
2026-07-30,000030,富奥股份,881126,汽车零部件,4.24,4.24,0.94,12287043.0,52549174.0,0.0133
2026-07-30,000031,大悦城,881153,房地产,2.19,2.18,0.0,29954976.0,66037216.0,-0.0476
2026-07-30,000032,深桑达Ａ,881116,建筑装饰,13.57,13.5,-9.29,88064847.0,1124051060.0,-1.9945
2026-07-30,000034,神州数码,881271,IT服务,25.32,25.5,-7.86,52986566.0,1274800040.0,-0.4201
2026-07-30,000035,中国天楹,881181,环境治理,4.98,4.99,0.6,54655214.0,274720470.0,-0.0602
2026-07-30,000036,华联控股,881153,房地产,4.01,3.96,-3.74,32059539.0,125435197.0,-0.2105
2026-07-30,000037,深南电A,881145,电力,9.27,9.1,-2.91,23096189.0,208864070.0,-0.1068
2026-07-30,000039,中集集团,881117,通用设备,8.7,8.65,0.0,44990958.0,393811500.0,-0.1233
2026-07-30,000042,中洲控股,881153,房地产,8.08,8.11,-0.25,5355261.0,43504129.0,-0.1784
2026-07-30,000045,深纺织Ａ,881122,光学光电子,9.58,9.51,-0.63,11651409.0,111912096.0,-0.2751
2026-07-30,000048,京基智农,881102,养殖业,18.11,17.88,-5.58,18416100.0,316443730.0,-0.4767
2026-07-30,000049,德赛电池,881281,电池,24.81,24.58,-1.89,11252921.0,275281550.0,-0.0066
2026-07-30,000050,深天马Ａ,881122,光学光电子,6.57,6.5,-1.83,36431545.0,235574750.0,-0.5831
2026-07-30,000055,方大集团,881115,建筑材料,3.4,3.37,-1.76,10790000.0,36479699.0,-0.0417
2026-07-30,000056,*ST皇庭,881158,零售,1.9,1.91,-3.68,15319730.0,28590371.0,-0.0251
2026-07-30,000058,深 赛 格,881158,零售,6.48,6.58,1.85,13670951.0,90340160.0,-0.0539
2026-07-30,000059,华锦股份,881180,石油加工贸易,4.62,4.58,0.87,21678100.0,100543258.0,0.0953
2026-07-30,000060,中金岭南,881168,工业金属,6.29,6.28,-0.95,92053523.0,575824840.0,-0.2995
2026-07-30,000061,农 产 品,881158,零售,5.88,5.84,0.34,24859969.0,146811680.0,-0.0261
2026-07-30,000062,深圳华强,881123,其他电子,21.53,21.3,-3.58,19770077.0,415240980.0,-2.7649
2026-07-30,000063,中兴通讯,881129,通信设备,34.08,33.74,-2.29,128022171.0,4295358700.0,-0.8555
2026-07-30,000065,北方国际,881116,建筑装饰,9.28,9.26,-0.43,14044213.0,130211140.0,-0.4226
2026-07-30,000066,中国长城,881130,计算机设备,13.89,13.7,-5.33,143936890.0,1927442300.0,-1.2141
2026-07-30,000068,华控赛格,881181,环境治理,2.76,2.76,-2.17,12975000.0,35735472.0,-0.0946
2026-07-30,000069,华侨城Ａ,881160,旅游及酒店,1.72,1.71,1.16,62519001.0,109409853.0,-0.0176
2026-07-30,000070,特发信息,881129,通信设备,12.72,12.64,-4.25,42287802.0,524243980.0,-1.7639
2026-07-30,000078,ST海王,881143,医药商业,1.67,1.66,-5.39,98925546.0,159819230.0,-0.0292
2026-07-30,000088,盐 田 港,881148,港口航运,4.4,4.4,1.59,32968033.0,146803470.0,0.0486
2026-07-30,000089,深圳机场,881151,机场航运,6.64,6.64,1.96,16851243.0,113504845.0,0.0831
2026-07-30,000090,天健集团,881153,房地产,3.29,3.27,0.0,15550012.0,51305865.0,0.0092
2026-07-30,000096,广聚能源,881180,石油加工贸易,7.58,7.63,0.66,6395401.0,49019098.0,-0.0123
2026-07-30,000099,中信海直,881151,机场航运,14.15,14.04,1.7,10660700.0,153217580.0,-0.3136
2026-07-30,000100,TCL科技,881122,光学光电子,4.93,4.85,-4.26,720687990.0,3441265100.0,-0.0281
2026-07-30,000151,中成股份,881159,贸易,9.46,9.4,0.21,7127550.0,67656077.0,-0.5585
2026-07-30,000153,丰原药业,881140,化学制药,5.42,5.4,-0.55,7454280.0,40461255.0,-0.0227
2026-07-30,000155,川能动力,881145,电力,12.63,12.51,-2.93,62686259.0,788288860.0,-0.1021
2026-07-30,000156,华数传媒,881164,文化传媒,6.78,6.75,1.03,11142290.0,76391312.0,0.0174
2026-07-30,000157,中联重科,881268,工程机械,7.61,7.58,1.58,59823774.0,458378080.0,0.1242
2026-07-30,000158,常山北明,881271,IT服务,12.73,12.63,-1.65,26175078.0,333346750.0,-0.3961
2026-07-30,000159,国际实业,881279,光伏设备,5.27,5.28,-0.95,10007689.0,52922395.0,-0.1716
2026-07-30,000166,申万宏源,881157,证券,4.67,4.66,0.64,84631901.0,396119510.0,0.0383
2026-07-30,000301,东方盛虹,881180,石油加工贸易,11.97,11.99,-0.58,23557723.0,282193470.0,-0.0912
2026-07-30,000333,美的集团,881131,白色家电,87.01,87.01,2.23,46149832.0,4071773600.0,2.4403
2026-07-30,000338,潍柴动力,881126,汽车零部件,27.29,26.6,-4.87,103180631.0,2684248400.0,-0.6518
2026-07-30,000400,许继电气,881278,电网设备,22.63,22.71,1.46,25000991.0,574141200.0,0.1023
2026-07-30,000401,金隅冀东,881115,建筑材料,3.64,3.63,0.55,7376200.0,27024050.0,-0.0075
2026-07-30,000402,金 融 街,881153,房地产,2.44,2.42,0.82,51288219.0,125923543.0,-0.0615
2026-07-30,000403,派林生物,881142,生物制品,10.21,10.16,2.06,11641135.0,121032947.0,-0.0491
2026-07-30,000404,长虹华意,881131,白色家电,7.74,7.7,-0.78,14879146.0,114954471.0,-0.0726
2026-07-30,000407,胜利股份,881146,燃气,3.91,3.89,-0.26,13461000.0,52600520.0,-0.0139
2026-07-30,000408,藏格矿业,881263,农化制品,79.6,80.0,0.25,10944079.0,877048720.0,1.4418
2026-07-30,000409,云鼎科技,881271,IT服务,8.54,8.5,-0.35,6094400.0,52209619.0,-0.0779
2026-07-30,000410,沈阳机床,881117,通用设备,4.86,4.83,-0.62,16116300.0,78791634.0,-0.0545
2026-07-30,000411,英特集团,881143,医药商业,9.4,9.36,0.64,3474887.0,32730545.0,-0.0682
2026-07-30,000415,渤海租赁,881283,多元金融,4.43,4.4,-0.45,60652800.0,267576050.0,0.0109
2026-07-30,000417,合百集团,881158,零售,5.74,5.69,-1.74,50778167.0,292774850.0,-0.5534
2026-07-30,000419,通程控股,881158,零售,4.8,4.76,0.83,7956200.0,38632208.0,-0.0327
2026-07-30,000420,吉林化纤,881264,化学纤维,3.75,3.73,0.53,42408557.0,159577610.0,-0.1317
2026-07-30,000421,南京公用,881165,综合,5.37,5.36,-0.19,6694001.0,35950312.0,-0.0231
2026-07-30,000422,湖北宜化,881263,农化制品,13.12,13.0,0.08,25517515.0,337433440.0,-0.196
2026-07-30,000423,东阿阿胶,881141,中药,53.8,53.8,2.68,11310075.0,621403750.0,1.5195
2026-07-30,000425,徐工机械,881268,工程机械,9.0,8.96,2.11,148956940.0,1350774400.0,0.0806
2026-07-30,000426,兴业银锡,881169,贵金属,32.35,32.83,-2.63,65048834.0,2097067200.0,-1.2342
2026-07-30,000428,华天酒店,881160,旅游及酒店,4.04,4.44,-5.2,108656162.0,452627130.0,0.1055
2026-07-30,000429,粤高速Ａ,881149,公路铁路运输,14.7,14.78,-2.99,13136465.0,189977620.0,0.2491
2026-07-30,000430,张家界,881160,旅游及酒店,6.28,6.28,0.16,7730400.0,49020301.0,-0.3115
2026-07-30,000488,ST晨鸣,881137,造纸,1.96,1.95,-0.51,9636450.0,18952799.0,-0.0382
2026-07-30,000498,山东路桥,881116,建筑装饰,5.0,4.99,1.4,11365600.0,57312511.0,0.0321
2026-07-30,000501,武商集团,881158,零售,7.05,7.01,1.7,13869830.0,99586725.0,-0.0354
2026-07-30,000503,国新健康,881272,软件开发,7.2,7.15,-0.56,28771350.0,207880660.0,0.0614
2026-07-30,000504,南华生物,881175,医疗服务,7.62,7.54,-3.02,7450805.0,55750784.0,-0.1796
2026-07-30,000505,京粮控股,881103,农产品加工,5.53,5.5,0.0,7154301.0,39831094.0,-0.0086
2026-07-30,000506,招金黄金,881169,贵金属,12.71,13.1,3.86,115718720.0,1563182200.0,-0.1985
2026-07-30,000507,珠海港,881148,港口航运,5.02,5.0,0.6,11760300.0,59318072.0,0.0369
2026-07-30,000509,华塑控股,881122,光学光电子,2.92,2.9,-2.74,29816800.0,85772855.0,-0.2524
2026-07-30,000510,新金路,881108,化学原料,14.44,14.52,-9.97,53213591.0,713113900.0,-1.7256
2026-07-30,000513,丽珠集团,881140,化学制药,30.92,30.9,0.29,6695149.0,207886150.0,0.2272
2026-07-30,000514,渝 开 发,881153,房地产,3.78,3.75,-0.26,10812600.0,41071330.0,-0.0719
2026-07-30,000516,国际医学,881175,医疗服务,4.21,4.22,0.24,25430607.0,107920318.0,0.0271
2026-07-30,000517,荣安地产,881153,房地产,1.89,1.86,-0.53,61431200.0,115901467.0,0.0028
2026-07-30,000518,四环生物,881142,生物制品,3.58,3.57,-3.63,35152800.0,123384513.0,0.0118
2026-07-30,000519,中兵红箭,881166,军工装备,14.03,13.91,-0.21,47775040.0,670883100.0,-1.4199
2026-07-30,000520,凤凰航运,881148,港口航运,3.82,3.83,-4.45,21391027.0,79807688.0,-0.1192
2026-07-30,000521,长虹美菱,881131,白色家电,4.91,4.9,0.0,10307942.0,50746605.0,-0.1745
2026-07-30,000523,红棉股份,881133,饮料制造,2.83,2.81,1.77,51359658.0,149138680.0,-0.007
2026-07-30,000524,岭南控股,881160,旅游及酒店,8.95,8.93,0.11,17214366.0,157278180.0,-0.1504
2026-07-30,000525,红太阳,881263,农化制品,4.68,4.68,-0.43,26233480.0,123569974.0,0.0711
2026-07-30,000526,学大教育,881178,教育,33.03,33.51,9.99,6231329.0,220878670.0,1.7175
2026-07-30,000528,柳    工,881268,工程机械,8.79,8.74,0.8,31096980.0,274934080.0,0.1358
2026-07-30,000529,广弘控股,881134,食品加工制造,4.68,4.67,0.21,3595200.0,16941243.0,-0.0183
2026-07-30,000530,冰山冷热,881117,通用设备,4.85,4.83,-1.03,10741980.0,52031986.0,-0.174
2026-07-30,000531,穗恒运Ａ,881145,电力,5.83,5.79,-0.34,9781360.0,56994089.0,-0.1544
2026-07-30,000532,华金资本,881283,多元金融,10.6,10.59,-0.28,5377400.0,57602998.0,-0.2475
2026-07-30,000533,顺钠股份,881278,电网设备,12.13,11.52,-9.98,140420360.0,1585978200.0,0.1941
2026-07-30,000534,万泽股份,881142,生物制品,26.22,26.06,-4.69,17849045.0,451302090.0,-1.4417
2026-07-30,000536,华映科技,881122,光学光电子,3.13,3.1,-1.28,40661729.0,125940678.0,-0.1436
2026-07-30,000537,绿发电力,881145,电力,7.63,7.59,0.13,20694642.0,158283930.0,-0.1499
2026-07-30,000538,云南白药,881141,中药,51.89,51.89,1.66,14517155.0,763130530.0,0.7375
2026-07-30,000539,粤电力Ａ,881145,电力,5.65,5.6,-3.54,87910467.0,488485170.0,-0.3276
2026-07-30,000541,佛山照明,881122,光学光电子,4.95,4.92,0.81,8924889.0,44675982.0,-0.0437
2026-07-30,000543,皖能电力,881145,电力,7.91,7.88,0.88,33314289.0,265430190.0,0.0393
2026-07-30,000544,中原环保,881181,环境治理,7.35,7.35,0.95,5420429.0,40021567.0,-0.0178
2026-07-30,000545,金浦钛业,881108,化学原料,2.48,2.46,-1.21,31875700.0,78728122.0,-0.0379
2026-07-30,000546,金圆股份,881181,环境治理,4.33,4.34,-0.92,17271100.0,75235646.0,-0.2611
2026-07-30,000547,航天发展,881276,军工电子,14.18,14.1,-3.03,50466875.0,702154990.0,-1.3836
2026-07-30,000548,湖南投资,881149,公路铁路运输,4.22,4.22,0.47,9101105.0,38862657.0,-0.0632
2026-07-30,000550,江铃汽车,881125,汽车整车,16.66,16.62,2.64,4829980.0,82086106.0,0.0636
2026-07-30,000551,创元科技,881284,环保设备,12.87,12.76,-6.37,22749048.0,281144580.0,-1.3077
2026-07-30,000552,甘肃能化,881105,煤炭开采加工,2.61,2.6,0.0,63188300.0,164554470.0,0.0258
2026-07-30,000553,安道麦A,881263,农化制品,5.26,5.24,1.71,8788647.0,46951892.0,-0.1891
2026-07-30,000554,泰山石油,881180,石油加工贸易,6.34,6.45,1.74,29928568.0,192712820.0,0.0325
2026-07-30,000555,神州信息,881271,IT服务,10.82,10.82,3.97,48611498.0,541921480.0,-0.0759
2026-07-30,000557,西部创业,881149,公路铁路运输,3.67,3.65,-0.54,8659720.0,31789611.0,-0.0384
2026-07-30,000558,天府文旅,881160,旅游及酒店,3.33,3.32,-0.3,30115333.0,101402263.0,-0.0447
2026-07-30,000559,万向钱潮,881126,汽车零部件,10.77,10.69,-0.56,33584225.0,361851840.0,-0.7884
2026-07-30,000560,我爱我家,881153,房地产,2.24,2.22,-0.89,70574316.0,157972720.0,-0.0215
2026-07-30,000561,烽火电子,881166,军工装备,7.39,7.36,1.62,13613200.0,102137670.0,-0.1041
2026-07-30,000563,陕国投Ａ,881283,多元金融,3.07,3.07,1.3,52462455.0,162516180.0,0.0348
2026-07-30,000564,供销大集,881158,零售,1.4,1.39,0.0,303471940.0,432423680.0,-0.0193
2026-07-30,000565,渝三峡Ａ,881109,化学制品,5.59,5.59,-0.89,8622600.0,48326787.0,-0.2104
2026-07-30,000566,海南海药,881140,化学制药,5.41,5.45,9.98,365539450.0,2127007200.0,0.2191
2026-07-30,000567,海德股份,881283,多元金融,6.0,6.0,1.33,41639755.0,255772210.0,-0.052
2026-07-30,000568,泸州老窖,881273,白酒,88.23,88.23,2.62,19763082.0,1793155500.0,1.6393
2026-07-30,000570,苏常柴Ａ,881117,通用设备,4.92,4.9,-0.61,11068700.0,54410978.0,-0.0743
2026-07-30,000571,新大洲A,881105,煤炭开采加工,5.65,5.6,-4.25,22067816.0,122962450.0,-0.1027
2026-07-30,000572,海马汽车,881125,汽车整车,3.72,3.72,1.88,94395093.0,359222350.0,-0.103
2026-07-30,000573,粤宏远Ａ,881153,房地产,3.6,3.58,-3.33,17507800.0,61956464.0,-0.0952
2026-07-30,000576,甘化科工,881166,军工装备,6.69,6.65,-1.94,11106121.0,74024979.0,-0.1799
2026-07-30,000581,威孚高科,881126,汽车零部件,17.61,17.6,1.76,10815963.0,192670110.0,0.0443
2026-07-30,000582,北部湾港,881148,港口航运,12.32,12.29,1.54,43502162.0,539231560.0,0.2061
2026-07-30,000586,汇源通信,881129,通信设备,10.6,10.55,-2.92,5743610.0,59843389.0,-1.0626
2026-07-30,000589,贵州轮胎,881126,汽车零部件,4.36,4.35,0.46,25884151.0,113278015.0,-0.0084
2026-07-30,000590,古汉医药,881141,中药,8.08,8.1,-0.74,3405600.0,27526383.0,-0.2626
2026-07-30,000591,太阳能,881145,电力,4.52,4.5,0.22,49770992.0,224948790.0,-0.0776
2026-07-30,000592,平潭发展,881101,种植业与林业,5.76,5.71,-3.3,127577113.0,729272640.0,-0.4478
2026-07-30,000593,德龙汇能,881146,燃气,16.67,16.58,-7.74,20979921.0,341917020.0,-1.6116
2026-07-30,000595,新能股份,881145,电力,5.36,5.3,-8.02,50420700.0,257454090.0,-0.2142
2026-07-30,000596,古井贡酒,881273,白酒,90.91,90.88,1.85,11934647.0,1132395880.0,2.8536
2026-07-30,000597,东北制药,881140,化学制药,4.61,4.61,-1.08,12221762.0,55993276.0,0.0219
2026-07-30,000598,兴蓉环境,881181,环境治理,7.33,7.31,0.95,29574797.0,216575070.0,0.2252
2026-07-30,000599,青岛双星,881126,汽车零部件,4.59,4.59,0.65,11514900.0,53222784.0,-0.0309
2026-07-30,000600,建投能源,881145,电力,8.78,8.7,-2.73,32609761.0,280862580.0,-0.1753
2026-07-30,000601,韶能股份,881145,电力,6.41,6.41,-2.81,49186884.0,311118860.0,-0.1066
2026-07-30,000603,盛达资源,881168,工业金属,25.0,25.4,-3.72,55686828.0,1374390300.0,-0.4061
2026-07-30,000605,渤海股份,881181,环境治理,5.54,5.53,-1.08,4071080.0,22622326.0,-0.1172
2026-07-30,000607,华媒控股,881164,文化传媒,3.44,3.42,-0.58,13928101.0,48264942.0,0.0027
2026-07-30,000608,阳光股份,881153,房地产,6.03,6.04,-6.47,26250200.0,152601670.0,0.0024
2026-07-30,000609,*ST中迪,881153,房地产,9.19,9.1,-2.72,7210002.0,65218447.0,-0.9529
2026-07-30,000610,*ST西旅,881160,旅游及酒店,5.44,5.39,1.65,3492600.0,19360630.0,-0.2333
2026-07-30,000612,焦作万方,881168,工业金属,11.01,11.06,-0.45,33550687.0,371238470.0,-0.0626
2026-07-30,000615,*ST美谷,881182,美容护理,3.01,3.02,1.0,7200890.0,21861425.0,-0.0793
2026-07-30,000617,中油资本,881283,多元金融,7.05,7.03,1.7,114158489.0,818617550.0,-0.0334
2026-07-30,000619,海螺新材,881115,建筑材料,4.38,4.38,1.37,8248300.0,36628110.0,-0.138
2026-07-30,000620,盈新发展,881153,房地产,2.67,2.63,-4.12,181566160.0,472091220.0,-0.1553
2026-07-30,000623,吉林敖东,881141,中药,18.24,18.12,0.33,13582380.0,247513830.0,0.1216
2026-07-30,000625,长安汽车,881125,汽车整车,7.52,7.5,4.12,194857310.0,1514490000.0,0.044
2026-07-30,000626,远大控股,881159,贸易,6.98,7.06,-1.29,10077700.0,70289857.0,-0.0401
2026-07-30,000628,高新发展,881116,建筑装饰,36.43,36.32,-4.8,8684103.0,306420660.0,-3.8659
2026-07-30,000629,钒钛股份,881112,钢铁,3.08,3.06,-0.65,100492215.0,308373830.0,-0.0659
2026-07-30,000630,铜陵有色,881168,工业金属,6.15,6.17,-0.98,199811770.0,1224565870.0,-0.1088
2026-07-30,000631,顺发恒能,881145,电力,2.92,2.91,-1.37,10821669.0,31442129.0,-0.0437
2026-07-30,000632,ST三木,881165,综合,3.18,3.18,6.92,17484800.0,57892719.0,-0.083
2026-07-30,000633,合金投资,881114,金属新材料,4.94,4.95,-1.21,8207200.0,40400016.0,-0.101
2026-07-30,000635,英 力 特,881108,化学原料,6.14,6.14,-1.14,3963400.0,24289893.0,-0.1323
2026-07-30,000636,风华高科,881270,元件,47.51,48.67,6.29,267362250.0,13157270000.0,-4.2327
2026-07-30,000637,茂化实华,881180,石油加工贸易,3.59,3.64,-0.56,10434900.0,37775265.0,-0.0805
2026-07-30,000639,ST西王,881134,食品加工制造,1.56,1.55,-2.56,66537900.0,101481240.0,0.028
2026-07-30,000650,仁和药业,881141,中药,5.47,5.44,0.37,15058500.0,82388036.0,0.0785
2026-07-30,000651,格力电器,881131,白色家电,41.65,41.6,1.97,67071653.0,2822839400.0,0.853
2026-07-30,000652,泰达股份,881165,综合,3.53,3.52,-0.57,12781356.0,45141669.0,-0.0063
2026-07-30,000655,金岭矿业,881112,钢铁,6.68,6.65,0.75,5534835.0,37286731.0,-0.0404
2026-07-30,000656,金科股份,881153,房地产,1.23,1.22,-3.25,200982420.0,243239610.0,-0.0231
2026-07-30,000657,中钨高新,881170,小金属,52.54,52.57,-7.88,67726245.0,3364472900.0,-7.8683
2026-07-30,000659,珠海中富,881138,包装印刷,2.64,2.61,-2.65,45957514.0,120535261.0,-0.1907
2026-07-30,000661,长春高新,881142,生物制品,81.15,81.17,-0.81,9424792.0,764736370.0,2.8307
2026-07-30,000663,永安林业,881101,种植业与林业,5.03,5.01,-1.19,5114502.0,25748216.0,-0.1535
2026-07-30,000665,湖北广电,881164,文化传媒,3.81,3.79,-0.79,14025777.0,53607586.0,-0.0558
2026-07-30,000668,荣丰控股,881153,房地产,20.3,20.86,-6.35,7597309.0,146930870.0,-0.583
2026-07-30,000669,ST金鸿,881146,燃气,3.41,3.4,-2.05,3166640.0,10672826.6,-0.1378
2026-07-30,000670,盈方微,881123,其他电子,6.71,6.65,4.32,85529400.0,585578980.0,-0.32
2026-07-30,000672,上峰材料,881115,建筑材料,13.2,13.0,-5.0,28618387.0,362373760.0,-1.5885
2026-07-30,000676,智度股份,881164,文化传媒,7.17,7.0,-5.02,155787810.0,1095046010.0,0.3964
2026-07-30,000677,ST海龙,881264,化学纤维,1.67,1.65,-3.59,46386850.0,76439601.0,-0.0586
2026-07-30,000678,襄阳轴承,881126,汽车零部件,8.1,8.07,0.12,8983893.0,73025797.0,-0.4377
2026-07-30,000679,大连友谊,881158,零售,5.62,5.58,-3.38,7760800.0,43222825.0,-0.2523
2026-07-30,000680,山推股份,881268,工程机械,11.29,11.2,0.09,23715250.0,269422060.0,0.149
2026-07-30,000681,视觉中国,881164,文化传媒,16.87,16.86,-0.77,29577044.0,504123670.0,-1.0574
2026-07-30,000682,东方电子,881278,电网设备,11.99,11.89,-0.92,18734343.0,224006720.0,-0.2294
2026-07-30,000683,博源化工,881108,化学原料,6.31,6.28,0.0,92062364.0,582471210.0,0.0355
2026-07-30,000685,中山公用,881181,环境治理,11.06,11.0,0.63,17217014.0,191073850.0,0.0356
2026-07-30,000686,东北证券,881157,证券,8.04,8.0,0.75,22655603.0,182621430.0,-0.0664
2026-07-30,000688,国城矿业,881170,小金属,28.93,29.02,-4.63,19135692.0,538874230.0,-2.3919
2026-07-30,000690,宝新能源,881145,电力,5.09,4.97,-2.55,112040128.0,557766610.0,-0.0014
2026-07-30,000691,亚太实业,881108,化学原料,9.49,9.48,-4.11,13697506.0,126993890.0,-0.4316
2026-07-30,000692,惠天热电,881145,电力,3.75,3.71,-3.47,12696902.0,46806446.0,-0.1663
2026-07-30,000695,滨海能源,881281,电池,12.99,12.96,-1.92,5159800.0,66361388.0,-0.0874
2026-07-30,000697,炼石航空,881166,军工装备,8.46,8.5,-3.9,8404700.0,69444621.0,-0.5757
2026-07-30,000698,ST沈化,881180,石油加工贸易,3.24,3.23,-0.31,4205500.0,13641133.0,-0.0075
2026-07-30,000700,模塑科技,881126,汽车零部件,10.27,10.2,-7.59,56228669.0,548856610.0,-1.354
2026-07-30,000701,厦门信达,881159,贸易,4.78,4.75,-1.05,13484901.0,64992926.0,-0.0715
2026-07-30,000702,正虹科技,881103,农产品加工,4.89,4.93,1.23,7511288.0,37332634.0,-0.1689
2026-07-30,000703,恒逸石化,881264,化学纤维,15.6,15.51,2.88,90198162.0,1427403600.0,0.438
2026-07-30,000705,浙江震元,881143,医药商业,6.46,6.42,-0.46,4126500.0,26666460.0,-0.0365
2026-07-30,000707,双环科技,881108,化学原料,4.38,4.37,0.68,8901400.0,39408130.0,-0.077
2026-07-30,000708,中信特钢,881112,钢铁,14.75,14.74,1.63,14969786.0,223343240.0,0.325
2026-07-30,000709,河钢股份,881112,钢铁,2.13,2.13,0.94,94267602.0,202876540.0,0.0237
2026-07-30,000710,贝瑞基因,881175,医疗服务,8.08,8.08,-1.36,6815700.0,55058694.0,-0.0544
2026-07-30,000711,ST京蓝,881181,环境治理,4.58,4.65,-1.31,80655408.0,364160280.0,-0.1458
2026-07-30,000712,锦龙股份,881157,证券,8.48,8.38,1.3,25693597.0,220436060.0,-0.1777
2026-07-30,000713,国投丰乐,881101,种植业与林业,5.67,5.64,1.06,6230040.0,35729301.0,0.0055
2026-07-30,000715,中兴商业,881158,零售,4.73,4.73,-0.42,8549555.0,40750417.0,-0.0689
2026-07-30,000716,黑芝麻,881134,食品加工制造,4.63,4.6,0.65,29329786.0,137522060.0,-0.0185
2026-07-30,000717,中南股份,881112,钢铁,2.2,2.2,0.91,21919443.0,49026602.0,0.0133
2026-07-30,000718,苏宁环球,881153,房地产,1.86,1.85,-1.08,24233120.0,45105781.0,-0.0094
2026-07-30,000719,中原传媒,881164,文化传媒,12.8,12.7,0.31,5508696.0,70793865.0,0.2536
2026-07-30,000720,新能泰山,881278,电网设备,3.47,3.48,-3.46,49824000.0,171068150.0,-0.1663
2026-07-30,000721,西安饮食,881160,旅游及酒店,6.19,6.2,10.02,29140400.0,193167640.0,0.0809
2026-07-30,000722,湖南发展,881145,电力,12.59,12.57,-3.42,24779730.0,308164730.0,-0.033
2026-07-30,000723,美锦能源,881105,煤炭开采加工,3.57,3.57,0.28,45771433.0,164308340.0,-0.0302
2026-07-30,000725,京东方Ａ,881122,光学光电子,5.71,5.63,-6.13,2198719900.0,11990208100.0,-0.3401
2026-07-30,000726,鲁  泰Ａ,881135,纺织制造,5.96,5.93,0.34,5582100.0,33262849.0,0.0475
2026-07-30,000727,冠捷科技,881122,光学光电子,2.25,2.24,-0.89,80446796.0,181738720.0,-0.1117
2026-07-30,000728,国元证券,881157,证券,7.29,7.27,0.27,31062815.0,227227900.0,-0.0088
2026-07-30,000729,燕京啤酒,881133,饮料制造,12.77,12.73,0.47,29642500.0,381667520.0,0.463
2026-07-30,000731,四川美丰,881263,农化制品,5.87,5.87,-1.02,6839468.0,40053744.0,0.0295
2026-07-30,000733,振华科技,881276,军工电子,40.39,40.24,1.04,20953287.0,848656520.0,-3.271
2026-07-30,000735,罗 牛 山,881102,养殖业,5.08,5.07,2.56,32039891.0,166132700.0,-0.026
2026-07-30,000736,中交发展,881153,房地产,4.4,4.28,-1.82,35045776.0,154945140.0,-0.0202
2026-07-30,000737,北方铜业,881168,工业金属,13.26,13.42,-2.11,39605366.0,521936210.0,-0.0885
2026-07-30,000738,航发控制,881166,军工装备,18.43,18.39,-0.38,11501888.0,211828720.0,-0.0708
2026-07-30,000739,普洛药业,881140,化学制药,20.66,20.67,-3.1,16062291.0,323214350.0,0.7909
2026-07-30,000750,国海证券,881157,证券,3.83,3.81,0.0,57843486.0,221712380.0,0.027
2026-07-30,000751,锌业股份,881168,工业金属,4.46,4.42,-2.69,41395580.0,181639910.0,-0.275
2026-07-30,000752,*ST西发,881133,饮料制造,8.01,8.02,-0.37,2826301.0,22728147.0,-0.0941
2026-07-30,000753,漳州发展,881165,综合,4.65,4.63,-0.22,24941355.0,116734621.0,-0.0769
2026-07-30,000755,山西高速,881149,公路铁路运输,4.67,4.67,0.0,3941848.0,18429104.0,0.0155
2026-07-30,000756,新华制药,881140,化学制药,13.67,13.58,-1.17,8179694.0,110996517.0,-0.0577
2026-07-30,000757,浩物股份,881128,汽车服务及其他,3.68,3.67,-0.82,12561400.0,46176576.0,-0.0649
2026-07-30,000758,中色股份,881168,工业金属,5.88,5.86,0.34,27121128.0,160150970.0,-0.1955
2026-07-30,000759,中百集团,881158,零售,7.14,6.9,-6.72,112098903.0,773877800.0,0.1875
2026-07-30,000761,本钢板材,881112,钢铁,2.32,2.31,0.43,15179800.0,35625278.0,-0.0066
2026-07-30,000762,西藏矿业,881112,钢铁,22.38,22.29,0.18,15337223.0,344764510.0,-1.5988
2026-07-30,000766,通化金马,881140,化学制药,16.36,16.35,1.16,18049860.0,298518330.0,-1.3451
2026-07-30,000767,晋控电力,881145,电力,3.76,3.71,-4.52,156741710.0,571488230.0,-0.1198
2026-07-30,000768,中航西飞,881166,军工装备,20.98,20.85,-0.1,18781644.0,393963280.0,0.0172
2026-07-30,000776,广发证券,881157,证券,21.68,21.38,-2.21,72514528.0,1548953000.0,-0.0519
2026-07-30,000777,中核科技,881117,通用设备,17.26,17.16,-1.1,9782892.0,167845670.0,-0.2193
2026-07-30,000778,新兴铸管,881112,钢铁,3.83,3.81,0.52,65338545.0,252157740.0,-0.0178
2026-07-30,000779,甘咨询,881116,建筑装饰,12.2,12.2,-1.97,76721615.0,941542100.0,0.7817
2026-07-30,000782,恒申新材,881264,化学纤维,6.59,6.56,-3.95,12180868.0,77641564.0,-0.3638
2026-07-30,000783,长江证券,881157,证券,8.6,8.49,-0.35,91843700.0,788346860.0,-0.0561
2026-07-30,000785,居然智家,881158,零售,2.25,2.21,0.44,87799125.0,197971400.0,0.0081
2026-07-30,000786,北新建材,881115,建筑材料,20.36,20.3,0.25,18013955.0,366879410.0,0.1292
2026-07-30,000788,北大医药,881140,化学制药,5.2,5.2,-1.35,13084300.0,67711991.0,-0.0353
2026-07-30,000789,万年青,881115,建筑材料,4.03,4.03,0.99,8421919.0,34336207.0,-0.0301
2026-07-30,000790,华神科技,881141,中药,3.75,3.74,-0.53,14451814.0,54237720.0,-0.0168
2026-07-30,000791,甘肃能源,881145,电力,7.81,7.83,-0.38,29979229.0,235648210.0,-0.104
2026-07-30,000792,盐湖股份,881263,农化制品,27.62,27.6,0.87,78663403.0,2190461500.0,-0.5963
2026-07-30,000793,*ST华闻,881164,文化传媒,,,,,,
2026-07-30,000795,英洛华,881114,金属新材料,8.37,8.3,0.24,12767752.0,107243628.0,-0.2074
2026-07-30,000796,凯撒旅业,881160,旅游及酒店,3.73,3.73,0.0,42078800.0,160281990.0,-0.114
2026-07-30,000797,中国武夷,881153,房地产,2.33,2.32,-0.43,22071404.0,51712635.0,-0.0174
2026-07-30,000798,中水渔业,881102,养殖业,7.86,7.79,0.13,7118000.0,56343848.0,0.0263
2026-07-30,000799,酒鬼酒,881273,白酒,39.04,38.79,4.28,21342127.0,874271850.0,-0.4289
2026-07-30,000800,一汽解放,881125,汽车整车,6.37,6.35,1.73,18782037.0,121064311.0,0.0652
2026-07-30,000801,四川九洲,881132,黑色家电,11.33,11.3,1.94,17628894.0,203541740.0,-0.2147
2026-07-30,000802,北京文化,881274,影视院线,4.07,3.91,-5.41,91860072.0,362205860.0,-0.045
2026-07-30,000803,山高环能,881181,环境治理,6.6,6.58,-0.61,9184936.0,60776540.0,-0.1618
2026-07-30,000807,云铝股份,881168,工业金属,26.15,26.53,1.34,94357211.0,2537737600.0,0.3022
2026-07-30,000809,和展能源,881280,风电设备,3.16,3.15,-1.58,15166000.0,47644145.0,-0.1072
2026-07-30,000810,创维数字,881132,黑色家电,9.36,9.31,-1.71,23886199.0,222171980.0,-0.7457
2026-07-30,000811,冰轮环境,881117,通用设备,37.18,36.52,-10.01,46631613.0,1612299700.0,-1.7216
2026-07-30,000812,陕西金叶,881138,包装印刷,3.37,3.34,3.56,41130840.0,144331330.0,-0.0047
2026-07-30,000813,德展健康,881140,化学制药,3.32,3.31,-1.51,25598749.0,84581015.0,0.0175
2026-07-30,000815,美利云,881162,通信服务,15.0,14.73,-8.0,84303664.0,1200633540.0,-0.0433
2026-07-30,000816,智慧农业,881168,工业金属,2.57,2.57,-0.78,32073435.0,83086968.0,0.0119
2026-07-30,000818,航锦科技,881108,化学原料,12.47,12.35,-3.37,19982769.0,245053720.0,-0.5108
2026-07-30,000819,岳阳兴长,881180,石油加工贸易,11.89,11.89,1.09,7050956.0,86284662.0,-0.2816
2026-07-30,000820,神雾节能,881284,环保设备,2.91,3.2,9.97,672800.0,2152960.0,-0.0299
2026-07-30,000821,ST京机,881279,光伏设备,7.01,6.97,-1.14,6915204.0,48261135.0,-0.3766
2026-07-30,000822,山东海化,881108,化学原料,4.22,4.2,-0.24,12772005.0,53886966.0,-0.0554
2026-07-30,000823,超声电子,881270,元件,13.12,12.92,-6.94,56000858.0,701271990.0,-2.013
2026-07-30,000825,太钢不锈,881112,钢铁,3.61,3.6,0.55,35584350.0,129594299.0,-0.0125
2026-07-30,000826,*ST启环,881181,环境治理,1.53,1.58,2.61,60060412.0,92921038.0,-0.1419
2026-07-30,000828,东莞控股,881149,公路铁路运输,10.0,9.97,0.7,7795337.0,78417766.0,0.0535
2026-07-30,000829,天音控股,881158,零售,8.58,8.69,-1.05,24237426.0,208545270.0,0.0528
2026-07-30,000830,鲁西化工,881108,化学原料,12.84,12.8,-0.86,28556794.0,364415380.0,0.0044
2026-07-30,000831,中国稀土,881170,小金属,48.03,47.7,-1.31,17130910.0,815516860.0,-1.5148
2026-07-30,000833,粤桂股份,881167,非金属材料,19.4,19.3,-3.45,18685262.0,355991710.0,-1.11
2026-07-30,000837,秦川机床,881117,通用设备,9.26,9.19,-1.4,12952780.0,119526059.0,-0.6563
2026-07-30,000838,*ST发展,881153,房地产,2.27,2.23,0.0,24078101.0,54820972.0,0.1459
2026-07-30,000839,国安股份,881162,通信服务,2.82,2.64,-4.61,187442650.0,503338380.0,-0.0047
2026-07-30,000848,承德露露,881133,饮料制造,8.87,8.84,2.59,37328124.0,336869470.0,0.1927
2026-07-30,000850,华茂股份,881135,纺织制造,4.01,3.99,-1.25,6715200.0,26850743.0,0.0615
2026-07-30,000852,石化机械,881118,专用设备,5.2,5.2,-0.19,10452863.0,54530882.0,-0.0676
2026-07-30,000856,冀东装备,881118,专用设备,7.36,7.45,0.54,4392600.0,32498588.0,-0.1905
2026-07-30,000858,五 粮 液,881273,白酒,75.17,75.1,4.51,72903867.0,5681290300.0,0.4249
2026-07-30,000859,国风新材,881265,塑料制品,7.87,7.76,6.35,77479430.0,646554230.0,-0.5408
2026-07-30,000860,顺鑫农业,881273,白酒,10.84,10.84,2.68,16852691.0,187571390.0,0.1116
2026-07-30,000862,银星能源,881145,电力,5.73,5.64,-3.84,49929703.0,278354410.0,0.0897
2026-07-30,000863,三湘印象,881153,房地产,3.85,3.82,-5.71,17501200.0,65175213.0,-0.2132
2026-07-30,000868,安凯客车,881125,汽车整车,3.6,3.62,1.11,12084100.0,44090501.0,-0.0178
2026-07-30,000869,张  裕Ａ,881133,饮料制造,17.46,17.4,1.95,1768181.0,31391161.0,0.1353
2026-07-30,000875,电投绿能,881145,电力,5.32,5.26,2.26,80163118.0,431121120.0,-0.0772
2026-07-30,000876,新 希 望,881103,农产品加工,6.9,6.89,1.45,37095511.0,259357740.0,-0.0238
2026-07-30,000877,天山股份,881115,建筑材料,3.74,3.74,2.14,17664900.0,67170391.0,-0.0562
2026-07-30,000878,云南铜业,881168,工业金属,15.53,15.54,0.58,33801426.0,527242640.0,-0.3285
2026-07-30,000880,潍柴重机,881117,通用设备,21.61,21.48,-1.71,8119740.0,174013020.0,-1.008
2026-07-30,000881,中广核技,881109,化学制品,6.37,6.33,-0.31,7426400.0,47294365.0,-0.1188
2026-07-30,000882,华联股份,881158,零售,1.41,1.41,-0.71,75464800.0,107283291.0,-0.0019
2026-07-30,000883,湖北能源,881145,电力,4.72,4.71,0.85,27546610.0,130408937.0,0.0498
2026-07-30,000885,城发环境,881181,环境治理,12.77,12.75,1.33,5378815.0,69193012.0,0.0436
2026-07-30,000886,海南高速,881149,公路铁路运输,4.54,4.55,0.66,15725452.0,72051722.0,0.0387
2026-07-30,000887,中鼎股份,881126,汽车零部件,17.02,16.8,-1.29,20549827.0,346071720.0,-0.6929
2026-07-30,000888,峨眉山Ａ,881160,旅游及酒店,9.61,9.6,0.31,10863300.0,106006804.0,0.018
2026-07-30,000889,中嘉博创,881162,通信服务,3.67,3.66,-5.99,51440200.0,181988610.0,0.0102
2026-07-30,000890,法尔胜,881284,环保设备,6.65,6.66,-4.51,16055200.0,104304535.0,-0.6541
2026-07-30,000892,欢瑞世纪,881274,影视院线,3.51,3.48,-4.56,136858800.0,478041830.0,-0.1327
2026-07-30,000893,亚钾国际,881263,农化制品,51.33,51.6,1.89,21438529.0,1141524850.0,1.8328
2026-07-30,000895,双汇发展,881134,食品加工制造,26.07,26.06,2.99,16669098.0,444324400.0,0.5926
2026-07-30,000897,津滨发展,881153,房地产,1.75,1.74,-0.57,26497500.0,46467572.0,-0.0138
2026-07-30,000898,鞍钢股份,881112,钢铁,2.05,2.05,0.98,38448890.0,79654534.0,0.0198
2026-07-30,000899,赣能股份,881145,电力,10.95,10.75,-1.1,20717769.0,224669600.0,-0.0349
2026-07-30,000900,现代投资,881149,公路铁路运输,3.74,3.74,0.53,12395961.0,46557985.0,0.0137
2026-07-30,000901,航天科技,881126,汽车零部件,14.05,13.99,-1.28,13840650.0,193428900.0,-1.1179
2026-07-30,000902,新洋丰,881263,农化制品,13.76,13.74,1.09,9929689.0,138102160.0,0.3079
2026-07-30,000903,ST云动,881126,汽车零部件,1.74,1.73,-1.72,16693600.0,28866833.0,-0.0435
2026-07-30,000905,厦门港务,881148,港口航运,8.48,8.43,-0.59,11129000.0,94271826.0,-0.0173
2026-07-30,000906,浙商中拓,881152,物流,5.41,5.38,0.0,5658268.0,30700816.0,-0.0455
2026-07-30,000908,石药景峰,881140,化学制药,6.15,6.11,-4.72,24470502.0,145798110.0,-0.1116
2026-07-30,000909,*ST数源,881153,房地产,4.38,4.35,-3.2,7337700.0,31738261.0,0.0027
2026-07-30,000910,大亚圣象,881139,家居用品,5.05,5.06,0.4,5224600.0,26698703.0,-0.181
2026-07-30,000911,*ST广糖,881103,农产品加工,4.19,4.19,-1.91,2993700.0,12454138.0,-0.0972
2026-07-30,000912,泸天化,881263,农化制品,3.64,3.63,-0.82,20636574.0,75143418.0,0.0141
2026-07-30,000913,钱江摩托,881128,汽车服务及其他,11.36,11.35,7.04,14132080.0,168751800.0,0.1062
2026-07-30,000915,华特达因,881140,化学制药,25.52,25.48,1.06,3608901.0,93315189.0,-0.0132
2026-07-30,000917,电广传媒,881164,文化传媒,6.78,6.75,0.44,31089550.0,213888180.0,-0.1058
2026-07-30,000919,金陵药业,881140,化学制药,6.25,6.22,-0.96,10966600.0,68280267.0,0.0
2026-07-30,000920,沃顿科技,881265,塑料制品,11.25,11.17,-6.67,19872700.0,213648220.0,-0.5737
2026-07-30,000921,海信家电,881131,白色家电,26.49,26.48,2.49,14951222.0,402507010.0,-0.0313
2026-07-30,000922,佳电股份,881277,电机,10.76,10.65,0.65,12624462.0,137157710.0,-0.6497
2026-07-30,000923,河钢资源,881112,钢铁,15.0,15.0,-1.73,13862064.0,207027240.0,0.2774
2026-07-30,000925,众合科技,881269,轨交设备,6.93,7.05,-1.73,20251450.0,139382900.0,-0.5135
2026-07-30,000926,福星股份,881153,房地产,2.11,2.09,-1.9,26366980.0,55508728.0,0.0028
2026-07-30,000927,中国铁物,881152,物流,2.5,2.5,1.2,42684369.0,107732037.0,0.0152
2026-07-30,000928,中钢国际,881116,建筑装饰,5.13,5.11,0.58,17243946.0,88687913.0,-0.0767
2026-07-30,000929,兰州黄河,881133,饮料制造,8.02,8.03,0.75,4777456.0,38938861.0,-0.4075
2026-07-30,000930,中粮科技,881103,农产品加工,4.66,4.64,1.72,19516146.0,91877912.0,-0.016
2026-07-30,000931,中 关 村,881140,化学制药,4.18,4.17,-9.33,28115128.0,109927053.0,-0.0533
2026-07-30,000932,华菱钢铁,881112,钢铁,3.92,3.9,1.53,104096879.0,413330350.0,0.0637
2026-07-30,000933,神火股份,881168,工业金属,25.75,26.2,2.37,67433988.0,1784969500.0,0.3313
2026-07-30,000935,四川双马,881283,多元金融,22.5,22.45,-4.89,8259585.0,179319230.0,-1.2623
2026-07-30,000936,华西股份,881264,化学纤维,5.03,5.03,0.6,13111028.0,66263864.0,-0.197
2026-07-30,000937,冀中能源,881105,煤炭开采加工,4.78,4.79,-0.63,18485830.0,88331114.0,0.0776
2026-07-30,000938,紫光股份,881271,IT服务,37.33,35.0,-9.99,253945440.0,8755283400.0,2.2005
2026-07-30,000948,南天信息,881272,软件开发,14.46,14.41,6.36,55988900.0,866775950.0,0.3904
2026-07-30,000949,新乡化纤,881264,化学纤维,5.97,5.91,-1.34,30634856.0,180666520.0,-0.1703
2026-07-30,000950,重药控股,881143,医药商业,5.43,5.41,0.18,23570500.0,128041239.0,0.0084
2026-07-30,000951,中国重汽,881125,汽车整车,23.23,23.09,2.07,13580108.0,318737620.0,0.447
2026-07-30,000952,广济药业,881140,化学制药,5.51,5.47,-1.27,7778800.0,42875720.0,-0.1616
2026-07-30,000953,中哲精化,881140,化学制药,5.38,5.36,-1.67,5797800.0,31077255.0,-0.1072
2026-07-30,000955,欣龙控股,881135,纺织制造,3.86,3.87,-1.81,11870800.0,45648082.0,-0.1879
2026-07-30,000957,中通客车,881125,汽车整车,10.4,10.39,1.83,15397339.0,162464420.0,0.0875
2026-07-30,000958,电投产融,881145,电力,5.43,5.42,-0.18,15114433.0,82158260.0,-0.0924
2026-07-30,000959,首钢股份,881112,钢铁,3.92,3.85,-0.77,41701585.0,163742980.0,0.1075
2026-07-30,000960,锡业股份,881170,小金属,32.0,32.06,-1.69,48557552.0,1533408800.0,-2.1815
2026-07-30,000962,东方钽业,881170,小金属,45.31,44.91,-9.4,25403231.0,1074522270.0,-5.9502
2026-07-30,000963,华东医药,881140,化学制药,29.25,29.2,0.82,18277760.0,538257570.0,0.0433
2026-07-30,000965,天保基建,881153,房地产,3.13,3.1,-0.32,13704720.0,42986541.0,-0.0169
2026-07-30,000966,长源电力,881145,电力,4.31,4.31,-0.93,46281272.0,198274830.0,-0.0107
2026-07-30,000967,盈峰环境,881284,环保设备,7.51,7.49,-4.93,95744457.0,699079070.0,-0.8312
2026-07-30,000968,蓝焰控股,881107,油气开采及服务,6.86,6.95,1.75,50780557.0,354078640.0,0.0423
2026-07-30,000969,安泰科技,881114,金属新材料,15.96,15.86,-3.7,28534009.0,445455790.0,-1.9276
2026-07-30,000970,中科三环,881114,金属新材料,12.86,12.9,-5.21,60262181.0,756975140.0,-0.4478
2026-07-30,000972,中基健康,881103,农产品加工,3.32,3.33,-2.41,9066200.0,29813801.0,-0.0626
2026-07-30,000973,佛塑科技,881265,塑料制品,12.38,12.26,-1.45,31327733.0,387266540.0,-0.6228
2026-07-30,000975,山金国际,881169,贵金属,22.45,23.0,3.21,95785376.0,2242544300.0,0.5832
2026-07-30,000977,浪潮信息,881130,计算机设备,74.94,73.31,-7.82,91621151.0,6495033100.0,2.0549
2026-07-30,000978,桂林旅游,881160,旅游及酒店,5.8,5.79,0.69,15749818.0,92778162.0,0.0127
2026-07-30,000980,众泰汽车,881125,汽车整车,1.64,1.64,0.61,149188400.0,248745040.0,-0.1365
2026-07-30,000981,山子高科,881126,汽车零部件,2.57,2.55,-0.39,238017520.0,616085860.0,-0.1522
2026-07-30,000983,山西焦煤,881105,煤炭开采加工,6.5,6.49,0.31,70415978.0,459953500.0,0.0108
2026-07-30,000985,大庆华科,881180,石油加工贸易,14.24,14.25,-0.7,1866800.0,26502851.0,-0.3994
2026-07-30,000987,越秀资本,881283,多元金融,7.76,7.72,0.39,36414544.0,283719030.0,-0.0548
2026-07-30,000988,华工科技,881171,自动化设备,100.26,98.01,-9.14,73503993.0,6868311600.0,-15.7804
2026-07-30,000989,九芝堂,881141,中药,9.01,8.98,-1.78,40475770.0,365146730.0,0.1891
2026-07-30,000990,诚志股份,881108,化学原料,6.49,6.49,0.15,43059311.0,279862390.0,-0.0141
2026-07-30,000993,闽东电力,881145,电力,10.02,10.08,-0.1,11566366.0,116645845.0,-0.2255
2026-07-30,000995,皇台酒业,881273,白酒,10.15,10.1,2.96,28976154.0,306518330.0,-0.1923
2026-07-30,000997,新 大 陆,881130,计算机设备,17.61,17.6,4.88,43887331.0,812634170.0,-0.036
2026-07-30,000998,隆平高科,881101,种植业与林业,8.27,8.25,1.93,17929848.0,150379490.0,0.0682
2026-07-30,000999,华润三九,881141,中药,25.47,25.3,1.77,20187673.0,521476450.0,0.3875
2026-07-30,001201,东瑞股份,881102,养殖业,11.26,11.25,-0.53,3604700.0,40685159.0,-0.073
2026-07-30,001202,炬申股份,881152,物流,12.32,12.24,-1.14,3070678.0,37599548.0,-0.4722
2026-07-30,001203,大中矿业,881112,钢铁,26.76,26.73,-2.95,13401705.0,351998460.0,-2.0024
2026-07-30,001205,盛航股份,881148,港口航运,13.26,13.25,0.9,6652378.0,91091371.0,-0.2652
2026-07-30,001206,依依股份,881182,美容护理,16.36,16.2,-6.97,11444912.0,182615000.0,-0.602
2026-07-30,001207,联科科技,881266,橡胶制品,14.82,14.82,0.34,3423080.0,51241842.0,-0.515
2026-07-30,001208,华菱线缆,881278,电网设备,13.88,13.8,-5.19,19039100.0,255857970.0,-0.4646
2026-07-30,001209,洪兴股份,881136,服装家纺,15.6,15.6,0.0,1749200.0,27388482.0,-0.6344
2026-07-30,001210,金房能源,881145,电力,17.58,17.46,-3.64,4699635.0,81341362.0,-1.1888
2026-07-30,001211,双枪科技,881139,家居用品,18.81,18.86,-2.34,3008884.0,55924639.0,-2.3966
2026-07-30,001212,中旗新材,881115,建筑材料,33.26,32.94,-6.34,5447460.0,174209960.0,-3.6017
2026-07-30,001213,中铁特货,881149,公路铁路运输,3.56,3.55,0.56,8155164.0,29135515.0,-0.0033
2026-07-30,001215,千味央厨,881134,食品加工制造,31.72,32.02,-3.69,2292271.0,71724314.0,-2.1574
2026-07-30,001216,华瓷股份,881139,家居用品,13.53,13.42,-1.18,3055900.0,41257474.0,-0.4855
2026-07-30,001217,华尔泰,881108,化学原料,9.76,9.77,1.54,8251400.0,82443288.0,0.0485
2026-07-30,001218,丽臣实业,881109,化学制品,21.7,21.53,-1.11,1833100.0,39504750.0,-0.7547
2026-07-30,001219,青岛食品,881134,食品加工制造,12.41,12.31,0.0,3626441.0,45184077.0,-0.1006
2026-07-30,001220,世盟股份,,,29.13,29.14,0.76,970303.0,28563641.0,-0.4127
2026-07-30,001221,悍高集团,,,39.66,39.49,5.07,4663741.0,194379020.0,-1.0247
2026-07-30,001222,源飞宠物,881139,家居用品,14.03,13.96,0.14,7488840.0,106842652.0,-0.1941
2026-07-30,001223,欧克科技,881171,自动化设备,31.5,31.8,-5.11,2047348.0,62826977.0,-3.7668
2026-07-30,001225,和泰机电,881118,专用设备,39.69,39.67,10.0,1832300.0,77704473.0,-0.6939
2026-07-30,001226,拓山重工,881268,工程机械,39.93,39.94,-7.71,860636.0,32837113.0,-2.8617
2026-07-30,001227,兰州银行,881155,银行,2.18,2.18,1.83,118008128.0,260481420.0,0.0272
2026-07-30,001228,永泰运,881152,物流,26.71,26.47,0.56,861800.0,23097451.0,-0.1654
2026-07-30,001229,魅视科技,881130,计算机设备,34.99,34.67,-10.0,5095900.0,166368010.0,0.5174
2026-07-30,001230,劲旅环境,881181,环境治理,17.27,17.27,-4.4,4864099.0,81977698.0,-0.145
2026-07-30,001231,农心科技,881263,农化制品,18.03,18.06,1.72,1774600.0,32541468.0,-0.5655
2026-07-30,001233,海安集团,,,43.34,43.29,2.7,1978957.0,87355722.0,-1.1257
2026-07-30,001234,泰慕士,881136,服装家纺,19.29,19.29,0.57,1490000.0,29102168.0,-0.7932
2026-07-30,001236,弘业期货,881283,多元金融,7.52,7.46,1.33,15415841.0,117306426.0,-0.0415
2026-07-30,001237,惠康科技,,,52.85,52.7,-1.46,1969391.0,103663962.0,-4.3587
2026-07-30,001238,浙江正特,881139,家居用品,23.81,23.99,1.6,491120.0,11841501.6,-1.3397
2026-07-30,001239,永达股份,881268,工程机械,11.04,11.04,-1.54,4484604.0,49306767.0,-0.6951
2026-07-30,001248,华润新能源,,,13.94,13.69,-6.24,187471450.0,2502668500.0,
2026-07-30,001255,博菲电气,881265,塑料制品,23.04,23.04,-1.26,1183500.0,27183570.0,-1.3298
2026-07-30,001256,炜冈科技,881118,专用设备,22.7,22.64,-3.88,2505690.0,55440869.0,-1.0675
2026-07-30,001257,盛龙股份,,,23.91,23.81,-1.67,12877525.0,308568560.0,-0.8679
2026-07-30,001258,立新能源,881145,电力,11.61,11.85,6.37,186889460.0,2245060900.0,1.3316
2026-07-30,001259,利仁科技,881173,小家电,41.82,42.02,-6.81,1690298.0,67441132.0,-6.1591
2026-07-30,001260,坤泰股份,881126,汽车零部件,15.46,15.49,-1.68,1260000.0,19357175.0,-0.6034
2026-07-30,001266,宏英智能,881171,自动化设备,30.72,30.59,-5.99,2662200.0,78421452.0,-4.3325
2026-07-30,001267,汇绿生态,881129,通信设备,30.12,29.57,-9.99,37194354.0,1035829670.0,-5.7163
2026-07-30,001268,联合精密,881131,白色家电,17.25,17.37,-5.91,3104040.0,51908267.0,-2.6953
2026-07-30,001269,欧晶科技,881279,光伏设备,17.77,17.82,4.84,5331140.0,98883737.0,-1.283
2026-07-30,001270,铖昌科技,881276,军工电子,95.22,95.12,-7.53,8553867.0,777514480.0,-13.4197
2026-07-30,001277,速达股份,,,26.68,26.68,0.04,1047300.0,28165979.0,-0.9166
2026-07-30,001278,一彬科技,881126,汽车零部件,14.1,14.5,-0.99,2546800.0,36094597.0,-0.7755
2026-07-30,001279,强邦新材,,,23.74,23.6,4.17,2550602.0,63131524.0,-1.0238
2026-07-30,001280,中国铀业,,,60.6,60.5,-1.44,4885088.0,293604030.0,-2.0994
2026-07-30,001282,三联锻造,881126,汽车零部件,15.1,15.02,-0.6,3219596.0,48749883.0,-1.1373
2026-07-30,001283,豪鹏科技,881281,电池,43.85,43.61,-4.65,2434620.0,103784499.0,-2.2173
2026-07-30,001285,瑞立科密,,,40.23,40.0,1.39,1373480.0,55888465.0,-0.9253
2026-07-30,001286,陕西能源,881145,电力,10.48,10.43,0.19,25001300.0,261812870.0,-0.0951
2026-07-30,001287,中电港,881123,其他电子,20.99,20.71,-2.95,22529373.0,462478630.0,-2.0655
2026-07-30,001288,运机集团,881118,专用设备,25.59,25.42,-1.25,3140764.0,78481537.0,0.1511
2026-07-30,001289,龙源电力,881145,电力,16.27,16.26,0.92,5712923.0,93417155.0,-0.0741
2026-07-30,001296,长江材料,881167,非金属材料,16.98,17.09,-1.18,1969412.0,33412838.0,-0.7985
2026-07-30,001298,好上好,881123,其他电子,16.09,15.9,-2.92,6887064.0,108842018.0,-1.3359
2026-07-30,001299,美能能源,881146,燃气,9.61,9.62,-0.94,2390437.0,22810396.0,-0.3372
2026-07-30,001300,三柏硕,881139,家居用品,10.15,10.2,-3.45,2814310.0,28117412.0,-0.9189
2026-07-30,001301,尚太科技,881281,电池,55.15,54.79,2.45,6550440.0,361254590.0,-1.4832
2026-07-30,001306,夏厦精密,881117,通用设备,47.41,47.45,-0.46,675100.0,32017195.0,-3.383
2026-07-30,001308,康冠科技,881122,光学光电子,17.25,17.08,-0.64,2418887.0,41570366.0,-0.8765
2026-07-30,001309,德明利,881121,半导体,354.58,359.33,10.0,30638735.0,11365746100.0,-104.9399
2026-07-30,001311,多利科技,881126,汽车零部件,16.0,16.27,-1.94,5666423.0,89933465.0,-0.8422
2026-07-30,001312,福恩股份,,,17.51,17.51,0.06,2757100.0,48562411.0,-0.5824
2026-07-30,001313,粤海饲料,881103,农产品加工,7.1,7.05,0.0,13655300.0,97175727.0,-0.1972
2026-07-30,001314,亿道信息,881124,消费电子,48.02,47.6,-7.25,7050858.0,322463920.0,-2.9069
2026-07-30,001316,润贝航科,881180,石油加工贸易,25.52,25.44,-3.1,1842560.0,46228924.0,-2.5595
2026-07-30,001317,三羊马,881152,物流,52.5,52.54,-3.1,7212852.0,373081900.0,1.059
2026-07-30,001318,阳光乳业,881133,饮料制造,11.1,11.22,-4.05,16333055.0,179100300.0,-0.1008
2026-07-30,001319,铭科精技,881126,汽车零部件,18.24,18.08,-0.11,1914300.0,35061864.0,-1.0981
2026-07-30,001322,箭牌家居,881139,家居用品,6.08,6.03,0.49,4492800.0,27383340.0,-0.0698
2026-07-30,001323,慕思股份,881139,家居用品,17.17,17.17,3.49,9751249.0,170295400.0,-0.3192
2026-07-30,001324,长青科技,881269,轨交设备,18.95,18.83,-1.79,1753000.0,32577136.0,-0.1629
2026-07-30,001325,元创股份,,,35.09,34.79,1.45,1040400.0,37100735.0,-0.9878
2026-07-30,001326,联域股份,881122,光学光电子,44.15,44.37,-4.48,1489140.0,64055935.0,-4.5553
2026-07-30,001328,登康口腔,881182,美容护理,32.08,32.08,-0.78,3358600.0,108946844.0,1.0073
2026-07-30,001330,博纳影业,881274,影视院线,4.8,4.75,-3.96,70479665.0,332177700.0,-0.4831
2026-07-30,001331,胜通能源,881146,燃气,38.7,38.58,-4.13,10294289.0,389632550.0,-2.1717
2026-07-30,001332,锡装股份,881118,专用设备,29.91,29.91,-2.07,1405440.0,41644311.0,-2.8592
2026-07-30,001333,光华股份,881265,塑料制品,17.93,17.93,-1.34,1412449.0,25084163.0,-0.6973
2026-07-30,001335,信凯科技,,,29.94,29.94,-1.94,815157.0,24227406.0,-3.4658
2026-07-30,001336,楚环科技,881284,环保设备,16.22,16.25,-0.25,1789330.0,28935468.0,-0.6642
2026-07-30,001337,四川黄金,881169,贵金属,38.99,39.77,-0.21,24577847.0,984974470.0,-0.7955
2026-07-30,001338,永顺泰,881103,农产品加工,8.66,8.62,0.23,5303100.0,46264577.0,-0.2331
2026-07-30,001339,智微智能,881130,计算机设备,68.64,68.28,-7.69,10949253.0,710179400.0,-6.0249
2026-07-30,001356,富岭股份,,,8.42,8.42,-0.71,4691300.0,39548599.0,-0.1804
2026-07-30,001358,兴欣新材,881109,化学制品,26.98,25.37,-10.01,11630982.0,302572510.0,-0.4064
2026-07-30,001359,平安电工,881167,非金属材料,77.44,76.08,-9.99,5965020.0,427592430.0,-6.8379
2026-07-30,001360,南矿集团,881118,专用设备,14.23,14.17,-2.39,3046076.0,43033789.0,-1.1851
2026-07-30,001365,天海电子,,,36.22,35.99,-3.37,5870268.0,209061120.0,-2.4124
2026-07-30,001366,播恩集团,881103,农产品加工,10.73,10.76,0.19,3421900.0,37094240.0,-0.4692
2026-07-30,001367,海森药业,881140,化学制药,17.95,17.87,-2.67,1182642.0,20953251.0,-0.6311
2026-07-30,001368,通达创智,881139,家居用品,19.96,19.89,-1.8,1446700.0,28613624.0,-0.8207
2026-07-30,001369,双欣材料,,,12.79,12.71,0.47,11315660.0,145126870.0,-0.2823
2026-07-30,001373,翔腾新材,881122,光学光电子,25.02,25.03,-1.32,1872600.0,46689618.0,-2.0997
2026-07-30,001376,百通能源,881145,电力,11.36,11.13,-1.85,34086464.0,384679320.0,-0.1553
2026-07-30,001378,德冠新材,881265,塑料制品,16.36,16.3,-1.83,3805270.0,61588662.0,-0.9904
2026-07-30,001379,腾达科技,881117,通用设备,14.84,14.85,-1.15,1688600.0,24989724.0,-0.6093
2026-07-30,001380,华纬科技,881126,汽车零部件,15.72,15.63,0.06,1590132.0,25204506.0,-0.2965
2026-07-30,001382,新亚电缆,,,18.02,17.6,-5.33,8158704.0,141162250.0,-0.1058
2026-07-30,001386,马可波罗,,,14.98,14.91,1.34,4716606.0,71410301.0,-0.0813
2026-07-30,001387,雪祺电气,881131,白色家电,11.48,11.44,-0.96,3630194.0,41722473.0,-0.4382
2026-07-30,001388,信通电子,,,20.69,20.32,-5.99,8483107.0,168086830.0,0.2545
2026-07-30,001389,广合科技,881270,元件,146.0,145.5,-10.0,8887800.0,1199143160.0,-11.921
2026-07-30,001390,古麒绒材,,,17.7,17.81,-0.68,879278.0,15569543.0,-0.3769
2026-07-30,001391,国货航,,,4.34,4.32,0.23,29563800.0,128291362.0,-0.03
2026-07-30,001393,维通利,,,43.02,42.83,-0.81,2836022.0,121951663.0,-4.5204
2026-07-30,001395,亚联机械,,,28.24,28.04,-2.27,4210608.0,118555350.0,0.4392
2026-07-30,001396,誉帆科技,,,31.81,31.86,0.35,1369686.0,44312275.0,-1.851
2026-07-30,001399,惠科股份,,,24.22,23.82,-9.0,56908497.0,1302940340.0,
2026-07-30,001400,江顺科技,,,65.52,65.22,-6.59,1569065.0,98586814.0,-12.4045
2026-07-30,001696,宗申动力,881117,通用设备,14.54,14.39,-4.95,54474502.0,761675400.0,-1.4348
2026-07-30,001872,招商港口,881148,港口航运,21.65,21.66,2.54,3572985.0,78438113.0,0.437
2026-07-30,001896,豫能控股,881145,电力,13.16,13.01,-10.03,107021893.0,1321985960.0,-1.0703
2026-07-30,001914,招商积余,881153,房地产,9.07,9.05,0.88,6049000.0,55320897.0,0.0818
2026-07-30,001965,招商公路,881149,公路铁路运输,10.56,10.55,1.33,19257177.0,204829250.0,0.2362
2026-07-30,001979,招商蛇口,881153,房地产,7.15,7.14,-1.82,88851503.0,631737550.0,-0.0549
2026-07-30,002001,新 和 成,881140,化学制药,30.3,30.15,0.73,29049508.0,884830820.0,0.134
2026-07-30,002003,伟星股份,881135,纺织制造,10.83,10.77,0.37,20356940.0,221872940.0,0.482
2026-07-30,002004,华邦健康,881140,化学制药,4.35,4.33,1.15,21108000.0,92560514.0,0.0313
2026-07-30,002005,德豪润达,881173,小家电,2.21,2.19,-1.36,14848040.0,32859014.0,-0.097
2026-07-30,002006,精工科技,881118,专用设备,13.31,13.2,-1.43,8404437.0,111099104.0,-0.5775
2026-07-30,002007,华兰生物,881142,生物制品,13.26,13.22,1.66,14770370.0,197912550.0,0.0735
2026-07-30,002008,大族激光,881171,自动化设备,91.0,89.08,-10.0,53839385.0,4528445000.0,-10.6961
2026-07-30,002009,天奇股份,881118,专用设备,16.5,16.33,-3.21,11476800.0,185452010.0,-1.2272
2026-07-30,002010,传化智联,881152,物流,4.72,4.7,1.48,24455900.0,116588284.0,-0.0333
2026-07-30,002011,盾安环境,881131,白色家电,10.52,10.52,0.19,10939536.0,115711940.0,-0.1147
2026-07-30,002012,凯恩股份,881137,造纸,5.46,5.46,-2.38,14478400.0,78516179.0,-0.3411
2026-07-30,002014,永新股份,881138,包装印刷,10.8,10.82,2.31,4129820.0,45522612.0,0.0297
2026-07-30,002015,协鑫能科,881145,电力,14.17,14.06,-3.25,50822764.0,708927830.0,-0.8449
2026-07-30,002016,世荣兆业,881153,房地产,4.22,4.21,0.71,10696943.0,45568536.0,-0.0438
2026-07-30,002017,东信和平,881129,通信设备,13.3,13.26,0.6,15555068.0,209729460.0,-0.5765
2026-07-30,002019,亿帆医药,881140,化学制药,10.24,10.16,-0.1,8909283.0,91188196.0,0.0302
2026-07-30,002020,京新药业,881140,化学制药,13.88,13.78,-2.02,13345025.0,183490470.0,0.0849
2026-07-30,002021,中捷资源,881118,专用设备,2.56,2.55,-2.34,33925502.0,85991823.0,-0.0385
2026-07-30,002022,科华生物,881144,医疗器械,5.05,5.01,0.0,5242310.0,26586411.0,-0.0109
2026-07-30,002023,海特高新,881166,军工装备,9.1,9.07,-0.11,21910250.0,198894050.0,-0.8676
2026-07-30,002024,ST易购,881177,互联网电商,1.2,1.19,-0.83,29224782.0,34906674.0,-0.0071
2026-07-30,002025,航天电器,881276,军工电子,61.08,61.0,-6.42,19114377.0,1100888760.0,-3.2359
2026-07-30,002026,山东威达,881117,通用设备,9.8,9.73,-1.94,6327522.0,61680339.0,-0.5029
2026-07-30,002027,分众传媒,881164,文化传媒,5.47,5.45,2.74,216088180.0,1206991180.0,0.1187
2026-07-30,002028,思源电气,881278,电网设备,165.66,165.0,-6.98,10944929.0,1730813900.0,-4.0609
2026-07-30,002029,七 匹 狼,881136,服装家纺,8.05,8.03,-0.12,21488070.0,174295920.0,-0.1454
2026-07-30,002030,达安基因,881144,医疗器械,5.45,5.44,-2.02,21879781.0,117783872.0,-0.0245
2026-07-30,002031,巨轮智能,881118,专用设备,4.77,4.7,-1.47,51104200.0,242663030.0,-0.3304
2026-07-30,002032,苏 泊 尔,881173,小家电,42.74,43.0,5.15,4457782.0,196456580.0,0.1936
2026-07-30,002033,丽江股份,881160,旅游及酒店,8.58,8.58,0.12,17478800.0,151381480.0,0.0058
2026-07-30,002034,旺能环境,881181,环境治理,14.2,14.12,0.35,7435434.0,106310094.0,-0.6448
2026-07-30,002035,华帝股份,881174,厨卫电器,4.83,4.8,0.83,10148000.0,49410828.0,-0.0052
2026-07-30,002036,联创电子,881122,光学光电子,7.23,7.25,-4.84,115051656.0,856771370.0,-0.3571
2026-07-30,002037,保利联合,881109,化学制品,6.72,6.66,-2.83,22118910.0,144523230.0,-0.0853
2026-07-30,002038,双鹭药业,881140,化学制药,5.49,5.45,-2.0,34326701.0,187541750.0,-0.134
2026-07-30,002039,黔源电力,881145,电力,19.9,19.87,0.7,9002874.0,180684290.0,-0.0533
2026-07-30,002040,南 京 港,881148,港口航运,8.09,8.05,-0.37,6066718.0,49082886.0,-0.0406
2026-07-30,002041,登海种业,881101,种植业与林业,8.53,8.51,1.52,15785411.0,136675450.0,0.0265
2026-07-30,002042,华孚时尚,881135,纺织制造,3.68,3.65,-1.09,24468700.0,89608960.0,-0.0563
2026-07-30,002043,兔 宝 宝,881115,建筑材料,13.73,13.59,-1.09,16310232.0,223168500.0,0.3384
2026-07-30,002044,美年健康,881175,医疗服务,4.55,4.51,-1.1,73928369.0,336783720.0,-0.1656
2026-07-30,002045,国光电器,881124,消费电子,8.48,8.55,-3.77,54726603.0,454726670.0,-0.1355
2026-07-30,002046,国机精工,881117,通用设备,45.3,45.61,-10.0,15556303.0,662665380.0,-5.0708
2026-07-30,002047,宝鹰股份,881116,建筑装饰,3.19,3.17,-5.02,26395200.0,81918740.0,-0.3617
2026-07-30,002048,宁波华翔,881126,汽车零部件,18.21,18.11,-2.86,17815311.0,319165740.0,-1.9182
2026-07-30,002049,紫光国微,881121,半导体,64.86,64.12,-0.25,23908445.0,1544530000.0,-4.3986
2026-07-30,002050,三花智控,881131,白色家电,36.02,35.65,-1.55,47521928.0,1695794700.0,-2.4751
2026-07-30,002051,中工国际,881116,建筑装饰,9.03,8.85,-0.66,32171268.0,288071060.0,-0.561
2026-07-30,002052,同洲电子,881282,其他电源设备,8.83,8.83,-4.64,10408100.0,89633845.0,-0.0314
2026-07-30,002053,云南能投,881145,电力,9.55,9.52,-0.42,7787100.0,74325306.0,-0.1661
2026-07-30,002054,德美化工,881109,化学制品,6.9,6.85,-2.17,22707953.0,154375230.0,-0.1568
2026-07-30,002055,ST得润,881124,消费电子,5.3,5.24,-4.34,15069100.0,77910291.0,-0.3424
2026-07-30,002056,横店东磁,881279,光伏设备,20.88,20.65,-3.5,37468836.0,762850930.0,-1.7169
2026-07-30,002057,中钢天源,881179,其他社会服务,7.99,7.91,-0.88,25904260.0,205404150.0,-0.8368
2026-07-30,002058,威尔泰,881281,电池,15.5,15.5,-4.77,2798100.0,42096466.0,-1.6598
2026-07-30,002059,云南旅游,881160,旅游及酒店,4.35,4.33,0.92,13995000.0,61925501.0,-0.0132
2026-07-30,002060,广东建工,881116,建筑装饰,3.29,3.27,0.91,15568000.0,51574362.0,0.0084
2026-07-30,002061,浙江交科,881116,建筑装饰,3.63,3.61,0.28,17068089.0,62132760.0,0.0165
2026-07-30,002062,宏润建设,881116,建筑装饰,7.49,7.46,-1.2,14487500.0,107304866.0,-0.1134
2026-07-30,002063,远光软件,881272,软件开发,5.42,5.4,-0.55,28023049.0,152480680.0,-0.0046
2026-07-30,002064,华峰化学,881264,化学纤维,11.22,11.12,-0.62,60975867.0,686311670.0,0.2041
2026-07-30,002065,东华软件,881271,IT服务,6.92,6.86,-0.58,41535990.0,288021190.0,-0.1017
2026-07-30,002066,瑞泰科技,881115,建筑材料,20.56,20.56,-2.82,3406900.0,68479658.0,-0.4251
2026-07-30,002067,景兴纸业,881137,造纸,4.28,4.26,-2.8,56913164.0,239974610.0,0.0128
2026-07-30,002068,黑猫股份,881266,橡胶制品,7.36,7.3,-0.82,31860910.0,236162240.0,-1.1856
2026-07-30,002069,獐子岛,881102,养殖业,3.11,3.09,0.64,9295701.0,29136667.0,-0.0318
2026-07-30,002072,凯瑞德,881159,贸易,6.69,6.64,-0.3,6375999.0,42465620.0,-0.4057
2026-07-30,002073,软控股份,881118,专用设备,5.65,5.67,3.36,27595221.0,159677070.0,0.0434
2026-07-30,002074,国轩高科,881281,电池,28.29,27.95,1.38,40286851.0,1154177250.0,-0.1992
2026-07-30,002075,沙钢股份,881112,钢铁,3.63,3.63,1.1,35115928.0,129203607.0,-0.0097
2026-07-30,002076,星光股份,881122,光学光电子,1.93,1.93,-1.55,31281304.0,60731706.0,-0.129
2026-07-30,002077,大港股份,881121,半导体,11.61,11.52,-3.1,29409126.0,334473980.0,-1.7285
2026-07-30,002078,太阳纸业,881137,造纸,14.52,14.58,0.96,18669800.0,273621270.0,0.4412
2026-07-30,002079,苏州固锝,881279,光伏设备,9.01,9.0,-3.22,43116077.0,380668280.0,-1.2117
2026-07-30,002080,中材科技,881115,建筑材料,43.62,43.55,-2.96,68750608.0,2930889800.0,-8.1551
2026-07-30,002081,金 螳 螂,881116,建筑装饰,3.73,3.73,-2.14,106464069.0,393765690.0,-0.3169
2026-07-30,002082,ST万邦,881141,中药,10.18,10.16,-8.15,20008604.0,199170950.0,-0.9773
2026-07-30,002083,孚日股份,881135,纺织制造,11.88,11.44,-5.22,116898969.0,1339629260.0,0.3181
2026-07-30,002084,海鸥住工,881139,家居用品,3.44,3.43,-2.03,15188909.0,52105324.0,-0.0537
2026-07-30,002085,万丰奥威,881126,汽车零部件,10.35,10.28,1.93,32998762.0,346724320.0,-0.3832
2026-07-30,002086,东方海洋,881103,农产品加工,1.8,1.8,-1.11,34324600.0,62112817.0,-0.0045
2026-07-30,002088,鲁阳节能,881115,建筑材料,7.21,7.15,-0.28,3661800.0,26433667.0,-0.257
2026-07-30,002090,金智科技,881278,电网设备,9.26,9.29,3.24,21860494.0,211600060.0,-0.111
2026-07-30,002091,江苏国泰,881159,贸易,7.74,7.75,2.71,15982012.0,126166447.0,0.0153
2026-07-30,002092,中泰化学,881108,化学原料,4.44,4.44,0.0,56640200.0,251567000.0,0.036
2026-07-30,002093,国脉科技,881162,通信服务,6.76,6.74,1.04,16394600.0,112221245.0,-0.0308
2026-07-30,002094,青岛金王,881139,家居用品,4.56,4.56,0.44,26324700.0,122097334.0,-0.0709
2026-07-30,002095,生 意 宝,881164,文化传媒,13.6,13.6,1.54,3886932.0,54068645.0,-0.0146
2026-07-30,002096,易普力,881109,化学制品,9.38,9.4,2.03,8488980.0,81171622.0,0.0259
2026-07-30,002097,山河智能,881268,工程机械,7.15,7.14,0.28,17680196.0,127151301.0,-0.1996
2026-07-30,002098,浔兴股份,881135,纺织制造,6.56,6.55,-0.61,2638300.0,17372250.0,-0.1062
2026-07-30,002099,海翔药业,881140,化学制药,5.47,5.41,-0.73,16302223.0,88340456.0,-0.0196
2026-07-30,002100,天康生物,881103,农产品加工,7.03,7.01,2.42,21304034.0,152292310.0,0.1659
2026-07-30,002101,广东鸿图,881126,汽车零部件,8.76,8.75,2.4,6461963.0,57827290.0,-0.0624
2026-07-30,002102,ST能特,881140,化学制药,2.31,2.29,-2.16,12306300.0,28022808.0,-0.0004
2026-07-30,002103,广博股份,881139,家居用品,6.34,6.26,1.26,11795600.0,76068825.0,-0.0298
2026-07-30,002104,恒宝股份,881129,通信设备,10.08,9.99,0.4,38576054.0,393507290.0,-0.2972
2026-07-30,002105,信隆健康,881128,汽车服务及其他,5.25,5.23,-0.38,8056701.0,42176410.0,-0.069
2026-07-30,002106,莱宝高科,881122,光学光电子,9.81,9.68,-0.92,22002903.0,213500570.0,-0.9898
2026-07-30,002107,沃华医药,881141,中药,6.04,6.02,-1.49,10472160.0,63037865.0,-0.0811
2026-07-30,002108,沧州明珠,881265,塑料制品,4.33,4.3,0.0,25111873.0,109254271.0,-0.0598
2026-07-30,002109,ST兴化,881108,化学原料,2.56,2.57,-0.78,6054151.0,15537235.0,-0.0431
2026-07-30,002110,三钢闽光,881112,钢铁,3.1,3.1,3.23,40700753.0,130210468.0,0.0286
2026-07-30,002111,威海广泰,881166,军工装备,9.5,9.43,-0.21,8359080.0,79203928.0,0.0292
2026-07-30,002112,三变科技,881278,电网设备,16.19,16.16,2.41,45142087.0,738076510.0,-0.3391
2026-07-30,002114,罗平锌电,881168,工业金属,6.48,6.48,-1.23,7233500.0,46829468.0,-0.2756
2026-07-30,002115,三维通信,881162,通信服务,10.7,10.58,-4.58,61094243.0,641639350.0,-0.1924
2026-07-30,002116,中国海诚,881116,建筑装饰,6.99,7.01,0.43,3497120.0,24609152.0,-0.0439
2026-07-30,002117,东港股份,881138,包装印刷,7.87,7.81,0.13,7364900.0,58557499.0,-0.2023
2026-07-30,002119,康强电子,881121,半导体,20.94,20.61,-8.31,36285464.0,720041740.0,-2.9683
2026-07-30,002120,韵达股份,881152,物流,6.83,6.82,0.88,34413953.0,236612240.0,0.0318
2026-07-30,002121,科陆电子,881278,电网设备,4.94,4.92,0.4,30953750.0,153690250.0,-0.2582
2026-07-30,002122,ST汇洲,881117,通用设备,2.37,2.36,-1.69,13199100.0,31024245.0,-0.0474
2026-07-30,002123,梦网科技,881162,通信服务,8.24,8.23,-3.88,28526000.0,231023450.0,-0.0533
2026-07-30,002124,天邦食品,881102,养殖业,2.19,2.18,0.0,57216201.0,126300901.0,-0.0397
2026-07-30,002125,湘潭电化,881281,电池,12.22,12.11,0.16,19306767.0,236349150.0,-0.6837
2026-07-30,002126,银轮股份,881126,汽车零部件,39.71,39.07,-6.62,32613584.0,1222725620.0,-3.1443
2026-07-30,002127,南极电商,881177,互联网电商,3.07,3.05,-0.65,43726464.0,134440580.0,0.0602
2026-07-30,002128,电投能源,881105,煤炭开采加工,26.76,26.79,1.27,17429743.0,470665820.0,0.2391
2026-07-30,002129,TCL中环,881279,光伏设备,8.62,8.52,2.67,141391570.0,1239226420.0,-0.4497
2026-07-30,002130,沃尔核材,881123,其他电子,16.48,16.2,3.7,59850800.0,1018314060.0,-0.7281
2026-07-30,002131,利欧股份,881117,通用设备,4.09,4.06,3.67,918200450.0,3973950200.0,-0.2662
2026-07-30,002132,恒星科技,881117,通用设备,4.01,3.99,-6.98,76897108.0,295623500.0,-0.3731
2026-07-30,002133,广宇集团,881153,房地产,2.5,2.48,-0.8,11099250.0,27800326.0,-0.051
2026-07-30,002134,天津普林,881270,元件,19.39,19.17,-6.6,10222516.0,189358810.0,-2.5007
2026-07-30,002135,东南网架,881116,建筑装饰,5.91,5.91,-1.69,13740200.0,81298777.0,-0.317
2026-07-30,002136,安 纳 达,881108,化学原料,11.93,11.89,-0.84,7230700.0,85212576.0,-0.3266
2026-07-30,002137,实益达,881122,光学光电子,7.14,7.05,-0.7,25213800.0,177176910.0,-0.9055
2026-07-30,002138,顺络电子,881270,元件,43.15,42.79,-7.07,52311024.0,2142911500.0,-4.5916
2026-07-30,002139,拓邦股份,881124,消费电子,9.79,9.79,-0.41,14092784.0,138343500.0,-0.0792
2026-07-30,002140,东华科技,881116,建筑装饰,8.83,8.82,0.91,6699320.0,59781498.0,-0.2171
2026-07-30,002141,贤丰控股,881270,元件,6.3,6.4,-10.0,330051080.0,1929020300.0,0.3032
2026-07-30,002142,宁波银行,881155,银行,31.92,31.85,3.07,36001180.0,1172332290.0,0.5176
2026-07-30,002144,宏达高科,881135,纺织制造,9.87,9.87,0.2,5208000.0,51693159.0,-0.3092
2026-07-30,002145,钛能化学,881108,化学原料,4.63,4.6,-0.65,43054997.0,198818430.0,0.0007
2026-07-30,002146,荣盛发展,881153,房地产,1.11,1.11,0.0,112610234.0,125889035.0,-0.0178
2026-07-30,002148,北纬科技,881162,通信服务,6.17,6.14,-2.59,19015700.0,116575514.0,-0.1218
2026-07-30,002149,西部材料,881170,小金属,32.19,31.98,-2.89,27503986.0,886042320.0,-5.5716
2026-07-30,002150,正泰电源,881279,光伏设备,20.99,20.97,-6.15,9614194.0,193732950.0,-1.4425
2026-07-30,002151,北斗星通,881276,军工电子,28.05,27.89,-0.18,14732662.0,412357790.0,-1.4373
2026-07-30,002152,广电运通,881130,计算机设备,9.87,9.8,0.41,32549652.0,323693250.0,-0.0495
2026-07-30,002153,石基信息,881272,软件开发,7.95,7.95,3.52,41346069.0,340107160.0,0.0208
2026-07-30,002154,报 喜 鸟,881136,服装家纺,3.82,3.8,1.57,30294227.0,116945511.0,-0.0267
2026-07-30,002155,湖南黄金,881169,贵金属,22.81,23.02,-1.62,54834931.0,1256332490.0,-0.5852
2026-07-30,002156,通富微电,881121,半导体,62.1,61.07,-10.0,161022820.0,9191320300.0,-0.8657
2026-07-30,002157,正邦科技,881102,养殖业,2.9,2.89,0.34,107295998.0,313903290.0,-0.0308
2026-07-30,002158,汉钟精机,881117,通用设备,25.8,25.59,-7.33,14842791.0,364831440.0,-2.1292
2026-07-30,002159,三特索道,881160,旅游及酒店,12.83,12.8,1.48,4846029.0,63221603.0,-0.1813
2026-07-30,002160,常铝股份,881168,工业金属,3.76,3.76,-1.06,19497000.0,73392036.0,-0.0982
2026-07-30,002161,远 望 谷,881123,其他电子,5.36,5.3,-3.73,19817100.0,104622718.0,-0.1553
2026-07-30,002162,悦心健康,881139,家居用品,3.96,3.94,-0.25,17570374.0,69661778.0,0.0657
2026-07-30,002163,海南发展,881116,建筑装饰,7.95,7.9,-0.88,29103400.0,233621110.0,-0.3384
2026-07-30,002164,宁波东力,881117,通用设备,10.86,10.65,-2.85,8919403.0,95049820.0,-0.4966
2026-07-30,002165,红 宝 丽,881109,化学制品,6.55,6.43,-3.82,72075184.0,460511070.0,-0.0805
2026-07-30,002166,莱茵生物,881109,化学制品,6.61,6.6,-1.51,14262150.0,93715121.0,-0.1467
2026-07-30,002167,东方锆业,881170,小金属,15.44,15.34,-7.84,83617206.0,1228600150.0,-0.8733
2026-07-30,002168,ST惠程,881140,化学制药,3.67,3.67,-1.91,4467100.0,16176312.0,-0.0301
2026-07-30,002169,智光电气,881278,电网设备,11.03,10.95,-5.71,24508600.0,262108380.0,-0.9948
2026-07-30,002170,芭田股份,881263,农化制品,11.65,11.58,0.69,17951840.0,210646600.0,0.0456
2026-07-30,002171,楚江新材,881168,工业金属,9.17,9.1,-0.44,44825961.0,411264700.0,-1.0563
2026-07-30,002172,澳洋健康,881175,医疗服务,3.16,3.16,-0.63,14772700.0,46597590.0,0.0089
2026-07-30,002173,创新医疗,881175,医疗服务,20.48,20.18,-6.98,97350789.0,1958464900.0,0.5339
2026-07-30,002174,游族网络,881275,游戏,11.4,11.29,-3.07,30028520.0,340108920.0,-0.2265
2026-07-30,002175,*ST东智,881117,通用设备,2.37,2.35,-2.53,18734000.0,43837458.0,-0.0367
2026-07-30,002176,江特电机,881277,电机,8.21,8.17,-0.61,54498134.0,447179820.0,-0.6753
2026-07-30,002177,御银股份,881158,零售,5.6,5.62,1.96,56583352.0,325908000.0,-0.131
2026-07-30,002178,延华智能,881272,软件开发,4.43,4.41,-1.58,12110300.0,53832520.0,-0.1377
2026-07-30,002179,中航光电,881276,军工电子,33.67,33.33,-0.86,26453752.0,881503680.0,-1.801
2026-07-30,002180,奔图科技,881130,计算机设备,16.79,16.61,-3.51,15902582.0,257099010.0,0.2439
2026-07-30,002181,粤 传 媒,881164,文化传媒,8.19,8.15,-2.2,33255157.0,270976980.0,-0.929
2026-07-30,002182,宝武镁业,881170,小金属,11.82,11.77,-1.61,16068217.0,188357110.0,-0.6802
2026-07-30,002183,怡 亚 通,881159,贸易,4.54,4.52,-0.44,50098983.0,228122180.0,-0.2691
2026-07-30,002184,海得控制,881171,自动化设备,9.62,9.53,-1.14,6925697.0,66667303.0,-0.2324
2026-07-30,002185,华天科技,881121,半导体,16.57,16.31,-10.02,399613740.0,6187454600.0,-0.9586
2026-07-30,002186,全 聚 德,881160,旅游及酒店,9.12,9.2,0.88,8715185.0,81454968.0,0.0184
2026-07-30,002187,广百股份,881158,零售,5.17,5.19,0.77,22715800.0,120062699.0,-0.0092
2026-07-30,002188,中天服务,881153,房地产,4.74,4.73,-0.84,10357400.0,49220380.0,-0.2078
2026-07-30,002189,中光学,881276,军工电子,18.73,18.52,-3.1,4265800.0,79201492.0,-0.5851
2026-07-30,002190,成飞集成,881126,汽车零部件,22.73,22.7,-0.84,6363820.0,145242380.0,-0.6131
2026-07-30,002191,劲嘉股份,881138,包装印刷,3.75,3.72,0.27,16846562.0,63863207.0,-0.0316
2026-07-30,002192,融捷股份,881267,能源金属,65.54,65.13,-4.23,15704094.0,1003386020.0,-5.9769
2026-07-30,002193,ST如意,881136,服装家纺,3.83,3.82,-1.83,3854900.0,14615800.0,-0.2145
2026-07-30,002194,武汉凡谷,881129,通信设备,8.8,8.68,-1.48,15269594.0,133206971.0,-0.5428
2026-07-30,002195,岩山科技,881271,IT服务,6.69,6.57,-1.35,326842290.0,2202136800.0,-0.1076
2026-07-30,002196,方正电机,881277,电机,10.25,10.2,0.2,27622528.0,285845980.0,-0.7583
2026-07-30,002197,证通电子,881271,IT服务,6.62,6.59,-7.7,65636300.0,412220900.0,0.1197
2026-07-30,002198,ST嘉应,881141,中药,3.19,3.16,1.25,4916700.0,15817597.0,-0.1024
2026-07-30,002199,东晶电子,881270,元件,13.39,13.26,6.35,33972048.0,486525230.0,0.0417
2026-07-30,002200,交投生态,881116,建筑装饰,6.52,6.57,-1.53,2785600.0,18245075.0,-0.0685
2026-07-30,002201,九鼎新材,881115,建筑材料,7.63,7.59,-1.57,15476898.0,117354560.0,-0.8889
2026-07-30,002202,金风科技,881280,风电设备,18.08,18.0,-0.39,82168361.0,1489225000.0,-1.2738
2026-07-30,002203,海亮股份,881168,工业金属,17.76,17.45,-2.87,50382407.0,852948890.0,-1.019
2026-07-30,002204,大连重工,881118,专用设备,5.37,5.36,0.93,25055809.0,135554540.0,-0.0538
2026-07-30,002205,国统股份,881115,建筑材料,9.65,9.65,-0.83,2320700.0,22434298.0,-0.4517
2026-07-30,002206,海 利 得,881264,化学纤维,5.33,5.32,-0.94,8378878.0,44524389.0,-0.0353
2026-07-30,002207,*ST准油,881107,油气开采及服务,5.66,5.71,-1.41,15477500.0,86820873.0,-0.4116
2026-07-30,002208,合肥城建,881153,房地产,11.88,11.62,-9.85,77388162.0,860270220.0,-1.6181
2026-07-30,002209,达 意 隆,881118,专用设备,10.66,10.65,-1.78,3479500.0,37045291.0,-0.2302
2026-07-30,002210,飞马国际,881181,环境治理,2.24,2.23,-1.79,60722184.0,135709220.0,-0.0425
2026-07-30,002211,ST宏达,881109,化学制品,3.96,3.99,-7.58,26383011.0,101042419.0,-0.0237
2026-07-30,002212,天融信,881272,软件开发,6.6,6.41,-4.7,146405360.0,929103160.0,-0.0084
2026-07-30,002213,大为股份,881121,半导体,26.75,26.29,-4.41,16155100.0,421998610.0,-2.591
2026-07-30,002214,*ST大立,881276,军工电子,13.26,13.27,-2.79,3730620.0,48905279.0,-0.5041
2026-07-30,002215,诺 普 信,881101,种植业与林业,9.11,9.11,2.31,22668501.0,211670630.0,-0.0191
2026-07-30,002216,三全食品,881134,食品加工制造,13.37,13.38,0.3,10682514.0,143457190.0,0.23
2026-07-30,002217,ST合力泰,881122,光学光电子,1.43,1.42,-1.4,132265100.0,187813640.0,-0.2005
2026-07-30,002218,拓日新能,881145,电力,4.06,4.04,-4.19,94923763.0,377346310.0,-0.0239
2026-07-30,002219,新里程,881175,医疗服务,2.11,2.1,-3.32,96282453.0,199318490.0,0.0323
2026-07-30,002221,东华能源,881180,石油加工贸易,5.51,5.51,1.09,26011867.0,145297070.0,-0.1108
2026-07-30,002222,福晶科技,881122,光学光电子,52.56,49.94,-10.01,45822368.0,2236930000.0,-9.6824
2026-07-30,002223,鱼跃医疗,881144,医疗器械,27.71,27.64,1.01,11713994.0,326785850.0,0.3363
2026-07-30,002224,三 力 士,881266,橡胶制品,3.45,3.44,-1.16,10082500.0,34775242.0,-0.0308
2026-07-30,002225,濮耐股份,881115,建筑材料,3.55,3.53,-1.13,26932923.0,95593426.0,-0.2216
2026-07-30,002226,江南化工,881109,化学制品,4.88,4.9,1.84,26032828.0,128928481.0,0.0184
2026-07-30,002227,*ST特迅,881282,其他电源设备,6.0,5.99,-1.83,1853802.0,10952309.7,-0.3286
2026-07-30,002228,合兴包装,881138,包装印刷,3.04,3.02,0.0,21459586.0,65855291.0,-0.0422
2026-07-30,002229,鸿博股份,881271,IT服务,10.02,9.73,-3.09,30100400.0,297484960.0,-0.5306
2026-07-30,002230,科大讯飞,881272,软件开发,40.07,39.8,-0.5,32333927.0,1301438250.0,-0.7796
2026-07-30,002232,启明信息,881271,IT服务,13.88,13.79,-0.14,4554491.0,63897235.0,-0.3188
2026-07-30,002233,塔牌集团,881115,建筑材料,7.61,7.59,2.76,12315055.0,94984468.0,-0.0374
2026-07-30,002234,民和股份,881102,养殖业,6.9,6.91,-0.14,4582700.0,31810226.0,-0.0749
2026-07-30,002235,安妮股份,881137,造纸,7.5,7.49,-2.67,30299269.0,227136430.0,-0.5196
2026-07-30,002236,大华股份,881130,计算机设备,16.42,16.3,-1.58,48911268.0,793028330.0,-0.0724
2026-07-30,002237,恒邦股份,881169,贵金属,13.21,13.3,-0.91,23332204.0,309372310.0,-0.1874
2026-07-30,002238,天威视讯,881164,文化传媒,5.91,5.86,0.0,5358600.0,31967917.0,-0.0278
2026-07-30,002239,奥特佳,881126,汽车零部件,2.55,2.54,0.0,58858752.0,150920580.0,0.0014
2026-07-30,002240,盛新锂能,881267,能源金属,29.08,28.87,-3.89,48045795.0,1367262600.0,-4.0998
2026-07-30,002241,歌尔股份,881124,消费电子,23.69,23.48,-2.66,95696724.0,2218961200.0,0.003
2026-07-30,002242,九阳股份,881173,小家电,9.16,9.11,0.55,12207984.0,112426125.0,0.1201
2026-07-30,002243,力合科创,881182,美容护理,6.91,6.85,-0.14,14006512.0,96905262.0,-0.1152
2026-07-30,002244,滨江集团,881153,房地产,9.45,9.45,0.21,30574308.0,291696660.0,0.1767
2026-07-30,002245,蔚蓝锂芯,881281,电池,16.05,15.81,-5.79,85470406.0,1307421740.0,-1.0832
2026-07-30,002246,北化股份,881109,化学制品,20.28,20.15,-2.47,17213607.0,341180690.0,0.0243
2026-07-30,002247,聚力文化,881115,建筑材料,2.12,2.11,-1.42,25696900.0,54699796.0,-0.0657
2026-07-30,002248,华东数控,881117,通用设备,8.4,8.49,-1.31,8673700.0,73031706.0,-0.3854
2026-07-30,002249,大洋电机,881277,电机,7.23,7.18,0.28,43628990.0,316520330.0,-0.2421
2026-07-30,002250,联化科技,881263,农化制品,15.63,15.33,-0.83,12014322.0,186555210.0,0.3299
2026-07-30,002251,步步高,881158,零售,3.7,3.67,-1.62,144272830.0,537535750.0,-0.0426
2026-07-30,002252,上海莱士,881142,生物制品,5.15,5.15,1.36,48667270.0,252555010.0,0.1017
2026-07-30,002253,川大智胜,881272,软件开发,8.92,8.82,0.9,6879527.0,62812584.0,-0.4558
2026-07-30,002254,泰和新材,881264,化学纤维,11.5,11.43,-3.22,25779886.0,291368850.0,-1.248
2026-07-30,002255,海陆重工,881282,其他电源设备,8.3,8.25,-0.36,15007100.0,124853298.0,-0.3182
2026-07-30,002256,兆新股份,881145,电力,3.32,3.3,-3.31,59885600.0,194479730.0,-0.1665
2026-07-30,002258,利尔化学,881263,农化制品,14.71,16.18,9.99,36862243.0,593390690.0,0.4547
2026-07-30,002259,升达林业,881146,燃气,3.65,3.67,-3.29,14790743.0,52843612.0,-0.1737
2026-07-30,002261,拓维信息,881272,软件开发,26.26,26.0,-6.36,61354927.0,1555853600.0,-1.1047
2026-07-30,002262,恩华药业,881140,化学制药,22.0,21.96,0.36,13395060.0,297262320.0,0.547
2026-07-30,002263,大东南,881265,塑料制品,2.92,2.9,-1.71,49072500.0,141900830.0,-0.1865
2026-07-30,002264,新 华 都,881164,文化传媒,6.27,6.27,-0.64,19289300.0,122132005.0,-0.0078
2026-07-30,002265,建设工业,881166,军工装备,18.45,18.27,-0.92,24344638.0,453774850.0,-0.0334
2026-07-30,002266,浙富控股,881181,环境治理,4.6,4.57,-0.65,84873201.0,388221660.0,-0.1545
2026-07-30,002267,陕天然气,881146,燃气,7.29,7.3,1.51,6924300.0,50959777.0,0.0904
2026-07-30,002268,电科网安,881130,计算机设备,14.2,14.04,-0.7,12988980.0,185577850.0,0.0239
2026-07-30,002269,美邦服饰,881136,服装家纺,1.38,1.37,0.0,74309077.0,103996837.0,-0.0159
2026-07-30,002270,华明装备,881278,电网设备,19.89,19.57,3.27,40786167.0,829206410.0,-0.0755
2026-07-30,002271,东方雨虹,881115,建筑材料,11.85,11.79,0.76,45520906.0,542500470.0,-0.1899
2026-07-30,002272,川润股份,881117,通用设备,13.85,13.78,-9.96,38068513.0,490738880.0,-2.1712
2026-07-30,002273,水晶光电,881122,光学光电子,26.35,26.2,-6.3,65513445.0,1635447100.0,-2.4104
2026-07-30,002274,华昌化工,881108,化学原料,5.55,5.49,-0.9,17141999.0,94867614.0,0.0627
2026-07-30,002275,桂林三金,881141,中药,13.22,13.2,0.38,1796035.0,23839339.0,0.0592
2026-07-30,002276,万马股份,881278,电网设备,10.06,9.95,1.29,27421109.0,279204340.0,-0.224
2026-07-30,002277,友阿股份,881158,零售,5.74,5.59,-2.79,32487287.0,183207680.0,-0.19
2026-07-30,002278,神开股份,881118,专用设备,7.67,7.67,-1.17,9403300.0,71917048.0,-0.1718
2026-07-30,002279,久其软件,881272,软件开发,6.67,6.58,1.95,105619598.0,722092120.0,0.0462
2026-07-30,002281,光迅科技,881129,通信设备,169.26,168.01,-10.0,39462888.0,6146684400.0,-15.1828
2026-07-30,002282,博深股份,881117,通用设备,5.73,5.72,0.0,3932400.0,22592933.0,-0.0758
2026-07-30,002283,天润工业,881126,汽车零部件,8.11,8.01,-2.47,36210651.0,287665470.0,-0.5566
2026-07-30,002284,亚太股份,881126,汽车零部件,9.51,9.48,-1.47,21441581.0,203196130.0,-0.31
2026-07-30,002285,世联行,881153,房地产,2.09,2.08,-1.44,37691796.0,78800031.0,-0.0647
2026-07-30,002286,保龄宝,881103,农产品加工,8.15,7.95,-2.94,22630933.0,181766420.0,-0.2491
2026-07-30,002287,奇正藏药,881141,中药,20.68,20.68,1.06,2552345.0,53283854.0,0.0993
2026-07-30,002289,宇顺电子,881162,通信服务,31.72,31.72,-9.99,5324577.0,156681650.0,-3.2178
2026-07-30,002290,禾盛新材,881131,白色家电,53.5,53.99,-8.82,11369836.0,579511500.0,-8.7948
2026-07-30,002291,遥望科技,881164,文化传媒,4.93,4.93,-0.2,33588236.0,167946730.0,-0.096
2026-07-30,002292,奥飞娱乐,881274,影视院线,8.08,8.07,-1.11,64731045.0,519637790.0,0.1701
2026-07-30,002293,罗莱生活,881136,服装家纺,11.29,11.25,-0.09,5685707.0,64106130.0,0.2361
2026-07-30,002294,信立泰,881140,化学制药,33.08,32.89,0.21,21475752.0,713925320.0,-0.4864
2026-07-30,002295,精艺股份,881168,工业金属,8.03,8.03,-1.49,2869700.0,22877707.0,-0.3774
2026-07-30,002296,辉煌科技,881129,通信设备,8.98,8.97,-1.78,8059967.0,71802394.0,-0.171
2026-07-30,002297,博云新材,881166,军工装备,16.2,16.11,-7.28,40140460.0,620039590.0,-2.5974
2026-07-30,002298,中电鑫龙,881278,电网设备,8.77,9.0,0.46,143584390.0,1285099290.0,0.0874
2026-07-30,002299,圣农发展,881102,养殖业,16.37,16.32,2.02,10984608.0,182637100.0,0.0154
2026-07-30,002300,太阳电缆,881278,电网设备,7.27,7.01,-4.13,51161912.0,362265020.0,-0.0452
2026-07-30,002301,齐心集团,881139,家居用品,6.82,6.77,-5.72,25315564.0,166388350.0,-0.2964
2026-07-30,002302,西部建设,881115,建筑材料,4.56,4.55,1.75,9458402.0,43827413.0,-0.0362
2026-07-30,002303,美盈森,881138,包装印刷,4.44,4.45,-3.38,73685966.0,325520430.0,0.1396
2026-07-30,002304,洋河股份,881273,白酒,40.49,40.37,4.82,18118634.0,766613780.0,0.2105
2026-07-30,002305,*ST南置,881158,零售,1.95,1.95,-1.54,17146100.0,33176827.0,-0.0405
2026-07-30,002306,ST云网,881160,旅游及酒店,1.71,1.7,-2.92,10191001.0,17145448.0,-0.0922
2026-07-30,002307,北新路桥,881116,建筑装饰,3.0,2.98,-0.67,21513300.0,64334905.0,-0.1162
2026-07-30,002309,中利集团,881278,电网设备,3.28,3.21,-2.74,293270660.0,949222190.0,0.0321
2026-07-30,002310,东方新能,881145,电力,2.62,2.58,-4.96,340987820.0,868183940.0,0.029
2026-07-30,002311,海大集团,881103,农产品加工,48.18,47.67,2.22,8576153.0,419834610.0,1.0735
2026-07-30,002312,川发龙蟒,881263,农化制品,8.34,8.34,1.44,23537700.0,199278890.0,-0.2125
2026-07-30,002313,日海智能,881129,通信设备,7.88,7.8,-2.92,8853000.0,68877117.0,-0.144
2026-07-30,002314,南山控股,881153,房地产,2.09,2.09,0.0,22496400.0,47119989.0,-0.0224
2026-07-30,002315,焦点科技,881177,互联网电商,25.31,25.15,2.09,12764408.0,331502300.0,0.0634
2026-07-30,002316,亚联发展,881165,综合,4.09,4.08,-1.22,12056230.0,49012881.0,-0.1289
2026-07-30,002317,众生药业,881141,中药,26.19,26.12,-4.58,30712684.0,781222440.0,0.3119
2026-07-30,002318,久立特材,881112,钢铁,20.32,20.2,0.49,9837389.0,201142500.0,-0.7592
2026-07-30,002319,乐通股份,881109,化学制品,10.15,10.11,-3.45,9755100.0,95669042.0,-0.1927
2026-07-30,002320,海峡股份,881148,港口航运,6.6,6.59,1.36,24640552.0,165636050.0,-0.0718
2026-07-30,002321,华英农业,881102,养殖业,1.86,1.86,-1.08,25356503.0,47425397.0,0.0043
2026-07-30,002322,理工能科,881272,软件开发,10.47,10.47,0.38,3885500.0,40953330.0,-0.0336
2026-07-30,002323,*ST雅博,881116,建筑装饰,1.31,1.29,-2.29,32930268.0,42539587.0,-0.0267
2026-07-30,002324,普利特,881265,塑料制品,8.93,8.89,-0.78,25255889.0,224922900.0,-0.8813
2026-07-30,002326,永太科技,881109,化学制品,18.86,18.76,-2.39,33659358.0,627152580.0,-1.2097
2026-07-30,002327,富安娜,881136,服装家纺,6.5,6.5,1.54,5467474.0,35955689.0,0.0145
2026-07-30,002328,新朋股份,881126,汽车零部件,6.57,6.52,-2.59,22692600.0,146815960.0,-0.4289
2026-07-30,002329,皇氏集团,881133,饮料制造,3.29,3.26,-6.08,46732400.0,150022040.0,-0.0327
2026-07-30,002330,得利斯,881134,食品加工制造,3.76,3.77,-0.53,11369500.0,43124998.0,-0.0284
2026-07-30,002331,皖通科技,881271,IT服务,6.6,6.58,-4.55,10240135.0,66076014.0,-0.357
2026-07-30,002332,仙琚制药,881140,化学制药,8.47,8.44,0.71,9989550.0,84966649.0,0.0238
2026-07-30,002333,罗普斯金,881115,建筑材料,5.32,5.28,-0.56,7128900.0,38013052.0,0.0938
2026-07-30,002334,英威腾,881171,自动化设备,6.45,6.41,-1.09,11726884.0,75376523.0,-0.3732
2026-07-30,002335,科华数据,881282,其他电源设备,28.8,28.47,-3.78,18006785.0,505303770.0,-2.7271
2026-07-30,002337,赛象科技,881118,专用设备,4.35,4.35,-1.15,8391503.0,36526608.0,-0.1418
2026-07-30,002338,奥普光电,881276,军工电子,39.94,38.83,-0.15,11746114.0,467118990.0,-3.9114
2026-07-30,002339,积成电子,881278,电网设备,7.17,7.11,-1.53,22393590.0,160394610.0,-0.1173
2026-07-30,002340,格林美,881281,电池,6.69,6.64,0.15,113711486.0,761167450.0,-0.1198
2026-07-30,002342,巨力索具,881117,通用设备,7.27,7.24,-4.26,63665147.0,451983060.0,-1.0791
2026-07-30,002343,慈文传媒,881274,影视院线,4.81,4.8,-0.62,12452180.0,60408573.0,-0.0455
2026-07-30,002344,海宁皮城,881158,零售,3.73,3.72,0.54,11056800.0,41512866.0,-0.0081
2026-07-30,002345,潮宏基,881136,服装家纺,10.66,10.67,0.38,30215200.0,327346140.0,0.2315
2026-07-30,002346,柘中股份,881278,电网设备,16.5,16.39,-5.64,5974700.0,95004646.0,-0.8336
2026-07-30,002347,泰尔股份,881117,通用设备,5.51,5.5,-1.09,13356700.0,73723667.0,-0.2482
2026-07-30,002348,高乐股份,881139,家居用品,9.94,9.92,-6.94,19498500.0,184532510.0,-0.4947
2026-07-30,002349,精华制药,881141,中药,6.74,6.71,-0.45,9364700.0,63238631.0,0.0263
2026-07-30,002350,北京科锐,881278,电网设备,14.07,14.07,-4.9,16539819.0,223306100.0,-0.1443
2026-07-30,002351,漫步者,881124,消费电子,10.23,10.23,0.98,8884789.0,91505818.0,0.0638
2026-07-30,002352,顺丰控股,881152,物流,34.74,34.73,1.09,27322641.0,956498140.0,0.4221
2026-07-30,002353,杰瑞股份,881118,专用设备,139.7,140.71,-10.0,25584813.0,3285938600.0,-4.9548
2026-07-30,002354,天娱数科,881164,文化传媒,6.19,6.1,-4.36,210066870.0,1283438980.0,-0.5451
2026-07-30,002355,兴民智通,881126,汽车零部件,4.35,4.32,-1.38,14213200.0,62069905.0,-0.1228
2026-07-30,002356,鹏飞绿能,881158,零售,2.6,2.59,-1.92,19146170.0,49622700.0,-0.1039
2026-07-30,002357,富临运业,881149,公路铁路运输,8.54,8.5,-1.52,7302503.0,61417688.0,-0.3345
2026-07-30,002358,森源电气,881278,电网设备,5.67,5.66,-0.88,32642313.0,184501640.0,-0.068
2026-07-30,002360,ST同德,881109,化学制品,4.86,4.82,-2.26,4431480.0,21136201.0,-0.1517
2026-07-30,002361,神剑股份,881265,塑料制品,9.26,9.26,-4.97,56787937.0,512032990.0,-1.4771
2026-07-30,002362,汉王科技,881272,软件开发,14.93,14.81,-1.61,4207500.0,62917538.0,-0.4772
2026-07-30,002363,隆基机械,881126,汽车零部件,6.21,6.21,-1.29,5343400.0,33043711.0,-0.1298
2026-07-30,002364,中恒电气,881282,其他电源设备,36.18,35.98,-5.47,31760666.0,1115728040.0,-4.3659
2026-07-30,002365,永安药业,881140,化学制药,12.69,12.71,-1.89,22143993.0,281286660.0,0.4071
2026-07-30,002366,融发核电,881282,其他电源设备,5.78,5.68,-1.9,62175944.0,356006540.0,-0.0875
2026-07-30,002367,康力电梯,881118,专用设备,5.28,5.25,-0.95,12742400.0,67467299.0,-0.2541
2026-07-30,002368,太极股份,881271,IT服务,13.93,13.9,-1.15,8366800.0,116698164.0,-0.3857
2026-07-30,002369,卓翼科技,881124,消费电子,5.61,5.42,-4.1,44140579.0,241146990.0,-0.1208
2026-07-30,002370,亚太药业,881140,化学制药,4.77,4.77,0.0,24105576.0,116049319.0,-0.2197
2026-07-30,002371,北方华创,881121,半导体,706.39,688.08,-5.42,16329609.0,11114290100.0,-8.9884
2026-07-30,002372,伟星新材,881115,建筑材料,8.72,8.7,1.38,14659550.0,129308524.0,-0.0556
2026-07-30,002373,千方科技,881271,IT服务,7.65,7.62,1.31,24255103.0,188119180.0,0.0175
2026-07-30,002374,中锐股份,881138,包装印刷,3.06,3.05,-1.96,25062500.0,76389654.0,-0.0648
2026-07-30,002375,亚厦股份,881116,建筑装饰,3.52,3.49,-0.85,12812400.0,45102440.0,-0.0261
2026-07-30,002376,新北洋,881130,计算机设备,6.23,6.2,-0.8,8928001.0,55748872.0,0.0171
2026-07-30,002377,国创高新,881180,石油加工贸易,2.55,2.54,-2.35,22395900.0,56610782.0,-0.0824
2026-07-30,002378,章源钨业,881170,小金属,22.18,22.08,-3.61,28187099.0,614273160.0,-2.6957
2026-07-30,002379,宏桥控股,881168,工业金属,20.52,20.53,2.34,85247627.0,1818987500.0,0.8872
2026-07-30,002380,科远智慧,881271,IT服务,27.3,27.0,-5.6,7200400.0,189529700.0,-2.3847
2026-07-30,002381,双箭股份,881266,橡胶制品,5.13,5.13,0.0,4742600.0,24368916.0,-0.1152
2026-07-30,002382,蓝帆医疗,881144,医疗器械,5.82,5.72,-1.89,32992508.0,191107040.0,0.018
2026-07-30,002383,合众思壮,881276,军工电子,6.77,6.76,-1.03,9788485.0,66225202.0,-0.1646
2026-07-30,002384,东山精密,881270,元件,179.78,178.05,-10.0,106029846.0,17487071000.0,-15.1723
2026-07-30,002385,大北农,881103,农产品加工,3.0,2.99,0.67,59037701.0,178931240.0,-0.0126
2026-07-30,002386,天原股份,881108,化学原料,5.77,5.73,0.69,15790210.0,91556769.0,-0.0697
2026-07-30,002387,维信诺,881122,光学光电子,7.2,6.99,-3.89,20873280.0,145945680.0,-0.4214
2026-07-30,002388,新亚制程,881123,其他电子,4.94,4.99,-9.92,105589899.0,491477580.0,-0.1251
2026-07-30,002389,航天彩虹,881166,军工装备,18.64,18.45,0.21,22479667.0,419577800.0,-0.0241
2026-07-30,002390,信邦制药,881141,中药,2.97,2.96,0.0,19969654.0,59467430.0,0.0294
2026-07-30,002391,长青股份,881263,农化制品,5.15,5.15,1.94,9046700.0,47340194.0,-0.0278
2026-07-30,002392,北京利尔,881115,建筑材料,7.2,7.17,-1.81,12335708.0,87843783.0,-0.296
2026-07-30,002393,力生制药,881140,化学制药,14.29,14.27,-1.26,2915072.0,41640031.0,-0.1737
2026-07-30,002394,联发股份,881135,纺织制造,8.91,8.83,1.8,6184000.0,56222982.0,-0.2939
2026-07-30,002395,双象股份,881265,塑料制品,11.86,11.85,-1.35,3022103.0,35761168.0,-0.4305
2026-07-30,002396,星网锐捷,881129,通信设备,26.32,26.4,-7.18,83080219.0,2093259500.0,1.4944
2026-07-30,002397,梦洁股份,881136,服装家纺,3.42,3.39,-2.05,14841379.0,50368550.0,-0.2247
2026-07-30,002398,垒知集团,881115,建筑材料,3.89,3.91,-0.26,16713647.0,65620764.0,-0.0561
2026-07-30,002399,海普瑞,881140,化学制药,9.7,9.65,-1.24,4859577.0,46932684.0,0.0341
2026-07-30,002400,省广集团,881164,文化传媒,6.32,6.25,-0.32,91517039.0,586119870.0,-0.1771
2026-07-30,002401,中远海科,881271,IT服务,11.81,11.76,0.68,4189700.0,50074101.0,-0.1857
2026-07-30,002402,和而泰,881131,白色家电,20.03,19.89,-2.85,28491103.0,561116610.0,-1.5773
2026-07-30,002403,爱仕达,881173,小家电,8.48,8.52,-0.71,10615400.0,92810237.0,-0.4609
2026-07-30,002404,嘉欣丝绸,881136,服装家纺,5.74,5.73,-0.17,7823200.0,45009009.0,-0.123
2026-07-30,002405,四维图新,881272,软件开发,6.49,6.42,1.08,51254298.0,337372390.0,-0.2076
2026-07-30,002406,远东传动,881126,汽车零部件,6.5,6.45,-0.31,13134200.0,85824424.0,-0.1385
2026-07-30,002407,多氟多,881109,化学制品,31.99,31.45,-4.47,145775630.0,4628052700.0,-2.6443
2026-07-30,002408,齐翔腾达,881180,石油加工贸易,5.06,5.08,0.4,25921657.0,131879995.0,-0.0112
2026-07-30,002409,雅克科技,881121,半导体,152.18,147.99,-10.0,38835609.0,5473875400.0,-4.1029
2026-07-30,002410,广联达,881272,软件开发,8.96,8.96,2.23,37620843.0,344114900.0,0.0283
2026-07-30,002412,汉森制药,881141,中药,6.91,6.84,-5.07,46012600.0,307579190.0,0.2253
2026-07-30,002413,雷科防务,881276,军工电子,7.93,7.87,-2.52,38378912.0,300023810.0,-0.5817
2026-07-30,002414,高德红外,881276,军工电子,13.91,13.65,-9.99,139229600.0,1837189400.0,0.0787
2026-07-30,002415,海康威视,881130,计算机设备,35.74,35.59,-0.34,98817495.0,3517549200.0,0.7821
2026-07-30,002416,爱施德,881158,零售,9.53,9.53,4.51,36983404.0,365938620.0,-0.1331
2026-07-30,002418,康盛股份,881131,白色家电,3.41,3.4,-2.64,35459900.0,119819348.0,-0.241
2026-07-30,002419,天虹股份,881158,零售,4.48,4.47,0.0,14371907.0,64909681.0,-0.0297
2026-07-30,002420,毅昌科技,881165,综合,5.25,5.24,-1.52,6716900.0,35057482.0,-0.156
2026-07-30,002421,达实智能,881271,IT服务,2.82,2.8,-3.55,164480000.0,458776120.0,-0.2565
2026-07-30,002422,科伦药业,881140,化学制药,43.04,42.72,-0.58,36068635.0,1530663800.0,1.3984
2026-07-30,002423,中粮资本,881283,多元金融,9.18,9.14,1.09,18373349.0,170345690.0,0.0882
2026-07-30,002424,ST百灵,881141,中药,4.58,4.57,-0.44,4385700.0,20013750.0,-0.0056
2026-07-30,002425,凯撒文化,881275,游戏,2.68,2.68,4.85,78608884.0,223528900.0,-0.0475
2026-07-30,002426,胜利精密,881124,消费电子,2.54,2.52,0.79,133528341.0,343529140.0,-0.3253
2026-07-30,002427,尤夫股份,881264,化学纤维,4.21,4.18,-1.43,13063737.0,54842417.0,-0.1593
2026-07-30,002428,云南锗业,881170,小金属,66.98,66.36,-7.73,62478640.0,4000734000.0,-8.7071
2026-07-30,002429,兆驰股份,881132,黑色家电,7.46,7.37,-4.69,77043933.0,558512410.0,-0.9552
2026-07-30,002430,杭氧股份,881109,化学制品,23.35,23.14,-1.16,11599567.0,268725930.0,-1.1324
2026-07-30,002431,ST棕榈,881116,建筑装饰,1.32,1.31,-2.27,19071201.0,24982472.0,-0.0336
2026-07-30,002432,九安医疗,881144,医疗器械,66.81,68.0,-6.84,40482080.0,2593454800.0,-0.0325
2026-07-30,002434,万里扬,881126,汽车零部件,5.51,5.47,-0.91,14775602.0,81230627.0,-0.299
2026-07-30,002436,兴森科技,881270,元件,30.77,30.75,-10.01,124420397.0,3548588000.0,-3.2361
2026-07-30,002437,誉衡药业,881140,化学制药,2.88,2.87,-1.39,71847619.0,206352480.0,-0.0058
2026-07-30,002438,江苏神通,881117,通用设备,12.58,12.55,-1.35,5600700.0,70040964.0,-0.6813
2026-07-30,002439,启明星辰,881272,软件开发,13.79,13.62,-2.61,39176575.0,535747020.0,0.0501
2026-07-30,002440,闰土股份,881109,化学制品,13.64,13.47,0.0,102524961.0,1380883100.0,0.7766
2026-07-30,002441,众业达,881278,电网设备,7.9,7.89,-0.63,4871442.0,38323504.0,-0.1259
2026-07-30,002442,龙星科技,881266,橡胶制品,4.73,4.73,-1.06,10588700.0,50201080.0,-0.1945
2026-07-30,002443,金洲管道,881112,钢铁,7.91,7.89,-1.14,13282301.0,104745524.0,-0.7213
2026-07-30,002444,巨星科技,881117,通用设备,29.91,29.74,0.33,9648600.0,290247010.0,-0.4571
2026-07-30,002445,中南文化,881117,通用设备,2.92,2.9,-3.42,50085070.0,144007800.0,-0.0586
2026-07-30,002446,盛路通信,881276,军工电子,7.7,7.62,-4.16,27499501.0,206744380.0,-0.8287
2026-07-30,002448,中原内配,881126,汽车零部件,12.21,12.04,-4.1,23986780.0,283336090.0,-0.2101
2026-07-30,002449,国星光电,881122,光学光电子,6.26,6.19,-1.6,8070470.0,50059842.0,-0.3934
2026-07-30,002451,摩恩电气,881278,电网设备,7.05,7.21,-2.13,28953411.0,205039860.0,-0.1815
2026-07-30,002452,长高电气,881278,电网设备,10.88,10.84,-2.21,12651395.0,135695160.0,-0.2752
2026-07-30,002453,华软科技,881109,化学制品,4.12,4.09,-2.18,12759495.0,52207196.0,-0.2373
2026-07-30,002454,松芝股份,881126,汽车零部件,4.86,4.87,0.41,8207962.0,40161357.0,-0.1338
2026-07-30,002455,百川股份,881109,化学制品,6.5,6.55,-2.62,40685544.0,262317100.0,-0.3981
2026-07-30,002456,欧菲光,881122,光学光电子,7.05,7.0,-0.28,74605500.0,526148030.0,-0.6127
2026-07-30,002457,青龙管业,881115,建筑材料,10.26,10.2,-3.51,23083999.0,232254190.0,-0.8521
2026-07-30,002458,益生股份,881102,养殖业,8.56,8.44,-1.05,42058092.0,357374440.0,-0.0058
2026-07-30,002459,晶澳科技,881279,光伏设备,7.39,7.32,1.62,51138813.0,385049720.0,-0.2819
2026-07-30,002460,赣锋锂业,881267,能源金属,49.92,49.48,0.02,45390024.0,2276956400.0,-4.2872
2026-07-30,002461,珠江啤酒,881133,饮料制造,8.72,8.71,1.72,10275993.0,90541744.0,0.0643
2026-07-30,002462,嘉事堂,881143,医药商业,11.66,11.65,0.86,3134400.0,36714198.0,-0.1737
2026-07-30,002463,沪电股份,881270,元件,105.25,104.21,-8.27,81221121.0,7964445500.0,-7.7464
2026-07-30,002465,海格通信,881276,军工电子,9.93,9.83,-1.81,54087276.0,531848890.0,-1.0007
2026-07-30,002466,天齐锂业,881267,能源金属,46.08,45.7,-1.35,42558903.0,1946505000.0,-3.9722
2026-07-30,002467,二六三,881162,通信服务,4.57,4.53,-1.97,56661650.0,259301410.0,-0.1553
2026-07-30,002468,申通快递,881152,物流,14.03,13.98,0.36,20438900.0,289202570.0,-0.3407
2026-07-30,002469,三维化学,881108,化学原料,5.61,5.62,1.43,8812250.0,50420510.0,-0.1455
2026-07-30,002470,金正大,881263,农化制品,1.9,1.9,-1.58,87810100.0,166685490.0,-0.0706
2026-07-30,002471,中超控股,881278,电网设备,5.22,5.16,-2.68,40949099.0,210771460.0,-0.371
2026-07-30,002472,双环传动,881126,汽车零部件,36.2,35.79,-1.41,26053334.0,924284540.0,-1.6738
2026-07-30,002474,榕基软件,881271,IT服务,6.06,6.15,-0.99,27853868.0,170270730.0,-0.096
2026-07-30,002475,立讯精密,881124,消费电子,62.35,61.36,-6.42,166062980.0,9834310100.0,-1.6742
2026-07-30,002476,新叶股份,881180,石油加工贸易,4.33,4.34,-1.39,10579900.0,45785424.0,-0.2035
2026-07-30,002478,常宝股份,881112,钢铁,6.23,6.2,0.16,18690761.0,116649409.0,-0.1212
2026-07-30,002479,富春环保,881145,电力,5.39,5.36,-1.3,18917527.0,101432139.0,0.1575
2026-07-30,002480,新筑股份,881145,电力,5.29,5.25,-1.51,6865700.0,36011775.0,-0.0636
2026-07-30,002481,双塔食品,881103,农产品加工,4.17,4.17,0.24,10443050.0,43933895.0,0.0243
2026-07-30,002482,广田集团,881116,建筑装饰,1.25,1.25,-1.6,60697800.0,76189855.0,-0.0262
2026-07-30,002483,润邦股份,881118,专用设备,5.14,5.11,-0.78,10892593.0,55692229.0,-0.0561
2026-07-30,002484,江海股份,881270,元件,61.4,60.77,-9.61,60484567.0,3475364700.0,-7.5181
2026-07-30,002485,ST雪发,881152,物流,5.23,5.24,-0.96,1740600.0,8997183.0,-0.0347
2026-07-30,002486,嘉麟杰,881136,服装家纺,2.25,2.24,-0.44,30750400.0,69261140.0,-0.0383
2026-07-30,002487,大金重工,881280,风电设备,40.4,40.3,-1.49,28326704.0,1145714540.0,-4.9341
2026-07-30,002488,金固股份,881126,汽车零部件,8.72,8.65,-3.44,20001158.0,171914180.0,-0.2848
2026-07-30,002489,浙江永强,881139,家居用品,2.66,2.65,0.0,21911300.0,58558209.0,-0.1122
2026-07-30,002490,山东墨龙,881118,专用设备,7.39,7.6,4.19,72177661.0,553879740.0,0.036
2026-07-30,002491,通鼎互联,881129,通信设备,14.83,14.65,-6.95,120966186.0,1720689300.0,-3.0613
2026-07-30,002492,恒基达鑫,881152,物流,5.28,5.27,-2.08,7495100.0,39226651.0,-0.1614
2026-07-30,002493,荣盛石化,881180,石油加工贸易,12.16,12.12,2.88,62048616.0,771797660.0,0.1665
2026-07-30,002494,华斯股份,881136,服装家纺,4.37,4.34,-0.92,11178900.0,48756191.0,-0.1613
2026-07-30,002495,佳隆股份,881134,食品加工制造,2.18,2.18,0.0,24855630.0,54780368.0,-0.0277
2026-07-30,002496,辉丰股份,881263,农化制品,1.91,1.9,-1.57,22680800.0,43491847.0,-0.0742
2026-07-30,002497,雅化集团,881109,化学制品,17.81,17.69,-1.35,30912116.0,546437940.0,-1.2143
2026-07-30,002498,汉缆股份,881278,电网设备,7.19,7.0,-3.2,260140380.0,1832834400.0,-0.0812
2026-07-30,002500,山西证券,881157,证券,5.37,5.34,0.56,26964719.0,145438250.0,0.0285
2026-07-30,002501,*ST利源,881168,工业金属,1.24,1.23,-0.81,21928400.0,27163877.0,-0.0388
2026-07-30,002506,协鑫集成,881279,光伏设备,2.55,2.51,-2.35,231003410.0,582757630.0,-0.1725
2026-07-30,002507,涪陵榨菜,881134,食品加工制造,11.86,11.86,2.78,22573781.0,273460260.0,0.1201
2026-07-30,002508,老板电器,881174,厨卫电器,16.45,16.45,0.55,8471022.0,139962080.0,0.126
2026-07-30,002510,天汽模,881126,汽车零部件,5.59,5.57,-1.25,23449400.0,131799876.0,-0.1095
2026-07-30,002511,中顺洁柔,881182,美容护理,7.22,7.23,3.88,20995800.0,155470830.0,0.0539
2026-07-30,002512,ST达华,881130,计算机设备,3.35,3.35,10.15,54221352.0,190794130.0,-0.1006
2026-07-30,002513,蓝丰生化,881279,光伏设备,4.69,4.74,-0.43,9728900.0,45918479.0,-0.1645
2026-07-30,002514,*ST宝馨,881117,通用设备,1.95,1.92,-9.74,68895991.0,125820193.0,-0.2637
2026-07-30,002515,金字火腿,881134,食品加工制造,7.06,6.94,-9.92,128933508.0,853724850.0,-0.4104
2026-07-30,002516,旷达科技,881126,汽车零部件,5.22,5.21,-0.77,11548500.0,60204239.0,-0.1512
2026-07-30,002517,恺英网络,881275,游戏,16.69,17.24,-1.14,149663090.0,2548799600.0,-0.0283
2026-07-30,002518,科士达,881282,其他电源设备,31.36,31.21,-5.2,12815265.0,386142990.0,-4.5729
2026-07-30,002519,银河电子,881276,军工电子,5.21,5.19,-2.5,29097249.0,150107550.0,-0.2834
2026-07-30,002520,日发精机,881117,通用设备,5.52,5.48,-3.44,30364238.0,164211070.0,-0.3791
2026-07-30,002521,齐峰新材,881137,造纸,6.79,6.76,-0.88,3261300.0,22042556.0,-0.094
2026-07-30,002522,浙江众成,881265,塑料制品,4.84,4.78,-0.21,32642900.0,157079850.0,-0.5025
2026-07-30,002523,天桥起重,881118,专用设备,3.32,3.3,-1.51,21624548.0,71484875.0,0.0188
2026-07-30,002524,光正眼科,881175,医疗服务,3.61,3.65,-0.55,11991400.0,43233197.0,-0.0225
2026-07-30,002526,山东矿机,881118,专用设备,2.63,2.61,-0.76,22991020.0,60407678.0,-0.0468
2026-07-30,002527,新时达,881171,自动化设备,10.65,10.6,-1.78,8410033.0,88688670.0,-0.7643
2026-07-30,002528,*ST英飞,881130,计算机设备,4.66,4.6,-0.64,7337065.0,33711475.0,0.0003
2026-07-30,002529,海源复材,881118,专用设备,6.42,6.42,-1.56,5070500.0,32600298.0,-0.2881
2026-07-30,002530,金财互联,881117,通用设备,7.01,7.01,-0.43,16017400.0,113302076.0,-0.102
2026-07-30,002531,天顺风能,881280,风电设备,6.45,6.36,-2.33,41082835.0,261676200.0,-0.7062
2026-07-30,002532,天山铝业,881168,工业金属,13.04,13.19,0.69,117197228.0,1568495500.0,0.1134
2026-07-30,002533,金杯电工,881278,电网设备,11.34,11.3,-1.06,13220046.0,150113410.0,-0.042
2026-07-30,002534,西子洁能,881282,其他电源设备,12.55,12.55,10.04,23448423.0,313071090.0,-1.5741
2026-07-30,002535,林州重机,881118,专用设备,2.26,2.25,0.0,14653330.0,33381318.0,-0.0645
2026-07-30,002536,飞龙股份,881126,汽车零部件,40.92,39.9,-10.0,27875623.0,1061314080.0,-1.1801
2026-07-30,002537,海联金汇,881126,汽车零部件,5.72,5.7,1.4,29331330.0,170465240.0,-0.0345
2026-07-30,002538,ST司特,881263,农化制品,6.36,6.32,0.31,6812000.0,43601965.0,0.0612
2026-07-30,002539,云图控股,881263,农化制品,11.79,11.7,2.04,33292938.0,398066210.0,-0.0257
2026-07-30,002540,亚太科技,881168,工业金属,4.94,4.93,0.61,10575529.0,52549932.0,-0.0318
2026-07-30,002541,鸿路钢构,881116,建筑装饰,20.58,20.39,-1.94,7793150.0,157918000.0,0.5828
2026-07-30,002542,*ST中岩,881116,建筑装饰,1.64,1.62,-2.44,32019600.0,51441827.0,0.0578
2026-07-30,002543,万和电气,881174,厨卫电器,6.6,6.61,1.82,5011600.0,33476534.0,-0.0435
2026-07-30,002544,普天科技,881162,通信服务,15.66,15.55,-1.98,11379427.0,176631910.0,-1.0459
2026-07-30,002545,东方铁塔,881263,农化制品,18.96,18.96,0.58,25879213.0,502293120.0,0.1177
2026-07-30,002546,新联电子,881278,电网设备,8.53,8.37,-2.7,37407900.0,312213410.0,0.2245
2026-07-30,002547,*ST春兴,881129,通信设备,2.21,2.43,9.95,9043700.0,21976191.0,-0.1551
2026-07-30,002548,金新农,881103,农产品加工,3.8,3.77,-1.05,29136927.0,110966071.0,-0.0616
2026-07-30,002549,凯美特气,881181,环境治理,13.18,13.01,-4.86,34617083.0,443740420.0,-1.2999
2026-07-30,002550,千红制药,881140,化学制药,6.86,6.86,-1.17,14880348.0,101403082.0,0.0808
2026-07-30,002551,尚荣医疗,881144,医疗器械,2.91,2.91,-0.69,12661603.0,37027026.0,-0.0131
2026-07-30,002552,宝鼎科技,881270,元件,35.21,35.23,-9.51,19927900.0,655338290.0,-6.5048
2026-07-30,002553,南方精工,881126,汽车零部件,14.97,14.9,0.2,8496211.0,128725703.0,-0.6579
2026-07-30,002554,惠博普,881107,油气开采及服务,2.81,2.81,-1.07,22535720.0,63106613.0,-0.0852
2026-07-30,002555,三七互娱,881275,游戏,19.18,19.0,0.52,63135857.0,1221392050.0,-0.0126
2026-07-30,002556,辉隆股份,881101,种植业与林业,4.78,4.76,1.26,9504000.0,45921191.0,-0.0225
2026-07-30,002557,洽洽食品,881134,食品加工制造,20.71,20.61,0.48,11417784.0,237640840.0,0.1094
2026-07-30,002558,巨人网络,881275,游戏,26.98,28.15,2.59,177111990.0,5025691100.0,-0.2819
2026-07-30,002559,亚威股份,881117,通用设备,8.92,8.81,-4.6,31036650.0,268776300.0,-0.7514
2026-07-30,002560,通达股份,881278,电网设备,6.14,6.13,-2.44,35845373.0,216848590.0,-0.5223
2026-07-30,002561,徐家汇,881158,零售,6.49,6.48,2.0,6086787.0,40289052.0,-0.072
2026-07-30,002562,兄弟科技,881109,化学制品,4.39,4.37,0.0,16338077.0,71971290.0,-0.0896
2026-07-30,002563,森马服饰,881136,服装家纺,6.15,6.17,3.41,30721312.0,193395180.0,0.1513
2026-07-30,002564,天沃科技,881118,专用设备,4.35,4.35,-0.46,13720700.0,59965650.0,-0.1048
2026-07-30,002565,顺灏股份,881138,包装印刷,8.44,8.42,-3.91,40595080.0,337162620.0,-1.2232
2026-07-30,002566,益盛药业,881141,中药,6.53,6.53,-0.15,16228000.0,106536443.0,-0.0456
2026-07-30,002567,唐人神,881103,农产品加工,3.58,3.58,0.0,14243985.0,51354563.0,0.0069
2026-07-30,002568,百润股份,881133,饮料制造,19.59,19.18,0.92,29703004.0,585029060.0,0.4093
2026-07-30,002569,*ST步森,881136,服装家纺,14.23,12.81,-9.98,560700.0,7182567.0,-0.4156
2026-07-30,002570,贝因美,881133,饮料制造,4.28,4.24,0.7,46795389.0,203472880.0,-0.0686
2026-07-30,002571,德力股份,881139,家居用品,10.4,10.41,-1.54,5213700.0,54090341.0,-0.155
2026-07-30,002572,索菲亚,881139,家居用品,8.62,8.6,4.18,19661050.0,174347070.0,0.0458
2026-07-30,002573,清新环境,881181,环境治理,3.19,3.17,0.0,8940503.0,28593038.0,-0.0031
2026-07-30,002574,明牌珠宝,881136,服装家纺,4.37,4.35,0.0,7829456.0,34483988.0,-0.0674
2026-07-30,002575,群兴玩具,881165,综合,4.85,4.84,0.21,37324700.0,180056380.0,-0.2272
2026-07-30,002576,通达动力,881277,电机,14.08,13.98,-1.28,3457000.0,48763436.0,-0.446
2026-07-30,002577,雷柏科技,881130,计算机设备,18.77,18.5,-6.23,6435934.0,115666594.0,-0.2183
2026-07-30,002578,闽发铝业,881168,工业金属,2.95,2.93,-1.02,21212800.0,62647531.0,-0.1399
2026-07-30,002579,中京电子,881270,元件,11.55,11.41,-8.57,58127579.0,633843600.0,-1.7677
2026-07-30,002580,圣阳股份,881281,电池,18.61,18.54,4.03,138233160.0,2614184600.0,-1.0192
2026-07-30,002581,*ST未名,881142,生物制品,3.46,3.46,-4.62,5167908.0,17505787.0,-0.1094
2026-07-30,002582,好想你,881134,食品加工制造,10.33,10.03,-2.32,56146092.0,577745050.0,0.1114
2026-07-30,002583,海能达,881129,通信设备,8.1,8.07,-0.25,22552800.0,183624020.0,-0.1179
2026-07-30,002584,西陇科学,881172,电子化学品,7.28,7.2,-4.12,36361250.0,257814290.0,-0.5012
2026-07-30,002585,双星新材,881265,塑料制品,7.87,7.9,10.04,128213394.0,1088433870.0,-0.9303
2026-07-30,002586,ST围海,881116,建筑装饰,3.53,3.53,-3.12,3073000.0,10589418.0,-0.1027
2026-07-30,002587,奥拓电子,881122,光学光电子,5.31,5.26,-1.13,14891035.0,78668055.0,-0.4092
2026-07-30,002588,史丹利,881263,农化制品,8.84,8.8,2.04,13484085.0,120974081.0,0.0586
2026-07-30,002589,瑞康医药,881143,医药商业,2.74,2.73,-1.09,30267231.0,82863668.0,0.005
2026-07-30,002590,万安科技,881126,汽车零部件,9.18,9.18,0.22,7133293.0,65836837.0,-0.422
2026-07-30,002591,恒大高新,881109,化学制品,5.74,5.73,-1.92,10577400.0,60544560.0,-0.336
2026-07-30,002592,ST八菱,881126,汽车零部件,6.04,6.05,-0.99,3225000.0,19475015.0,-0.1847
2026-07-30,002593,日上集团,881126,汽车零部件,4.26,4.24,-0.47,11872630.0,50676195.0,-0.033
2026-07-30,002594,比亚迪,881125,汽车整车,94.85,94.92,1.42,48036113.0,4604080500.0,1.5929
2026-07-30,002595,豪迈科技,881118,专用设备,49.37,49.22,6.95,9947684.0,513672410.0,0.2939
2026-07-30,002596,海南瑞泽,881115,建筑材料,3.05,3.04,-1.64,23397200.0,71278544.0,-0.0583
2026-07-30,002597,金禾实业,881109,化学制品,21.54,21.54,-0.51,15014886.0,325641390.0,-0.0622
2026-07-30,002598,ST章鼓,881117,通用设备,6.4,6.38,-0.63,3002979.0,19149974.0,-0.1476
2026-07-30,002599,盛通股份,881138,包装印刷,5.99,6.0,-1.84,10550610.0,63007888.0,0.0784
2026-07-30,002600,领益智造,881124,消费电子,12.23,12.1,-0.16,121673544.0,1489981500.0,-0.9495
2026-07-30,002601,龙佰集团,881108,化学原料,16.67,16.58,0.66,18364936.0,304604080.0,0.1615
2026-07-30,002602,世纪华通,881275,游戏,13.55,13.45,-2.66,165495500.0,2226390800.0,-0.3084
2026-07-30,002603,以岭药业,881141,中药,16.72,16.62,-0.54,27443216.0,456214330.0,0.3112
2026-07-30,002605,姚记科技,881275,游戏,17.78,17.8,1.12,13040119.0,237862470.0,-0.4711
2026-07-30,002606,大连电瓷,881278,电网设备,14.66,14.48,0.55,52746886.0,771430840.0,0.0896
2026-07-30,002607,中公教育,881178,教育,2.08,2.03,-2.4,455035790.0,942960050.0,-0.0279
2026-07-30,002608,江苏国信,881145,电力,7.3,7.28,0.55,21142069.0,154487090.0,-0.092
2026-07-30,002609,捷顺科技,881271,IT服务,7.54,7.51,-1.19,5076300.0,38313886.0,-0.0419
2026-07-30,002611,东方精工,881118,专用设备,15.94,15.72,-1.57,40064855.0,634667900.0,-0.6233
2026-07-30,002612,朗姿股份,881182,美容护理,14.22,14.2,9.7,36318832.0,553308720.0,0.4703
2026-07-30,002613,北玻股份,881118,专用设备,3.21,3.2,-0.93,23975663.0,76954042.0,-0.2532
2026-07-30,002614,奥佳华,881173,小家电,4.67,4.67,0.21,6335500.0,29744726.0,-0.0359
2026-07-30,002615,哈尔斯,881139,家居用品,6.41,6.41,-1.87,8131406.0,51774042.0,-0.278
2026-07-30,002616,长青集团,881145,电力,4.72,4.69,-1.06,8261500.0,38766368.0,-0.0534
2026-07-30,002617,露笑科技,881145,电力,6.05,5.96,-1.32,84300598.0,505064800.0,-0.8265
2026-07-30,002620,*ST瑞和,881116,建筑装饰,4.44,4.45,-3.15,7716800.0,33653517.0,-0.4327
2026-07-30,002622,皓宸医疗,881175,医疗服务,2.22,2.2,-1.35,26618200.0,58932841.0,-0.0378
2026-07-30,002623,亚玛顿,881279,光伏设备,14.73,14.62,-1.22,3350000.0,49459049.0,-0.6626
2026-07-30,002624,完美世界,881275,游戏,10.4,10.31,-0.87,72532369.0,763426060.0,-0.6223
2026-07-30,002625,光启技术,881166,军工装备,31.12,31.13,-1.35,26064772.0,806671240.0,-0.6797
2026-07-30,002626,金达威,881134,食品加工制造,13.83,13.83,2.31,4696300.0,66107531.0,-0.1284
2026-07-30,002627,三峡旅游,881160,旅游及酒店,6.13,6.12,3.1,20080300.0,127535517.0,-0.0323
2026-07-30,002628,成都路桥,881116,建筑装饰,4.53,4.49,-3.31,21823050.0,96567844.0,-0.1836
2026-07-30,002629,仁智股份,881116,建筑装饰,4.27,4.35,-1.64,14403700.0,61696511.0,-0.1714
2026-07-30,002630,*ST华西,881282,其他电源设备,1.64,1.63,-2.44,14980263.0,24346961.0,-0.0458
2026-07-30,002631,德尔未来,881139,家居用品,6.45,6.49,-4.5,27153323.0,171371940.0,-0.7847
2026-07-30,002632,道明光学,881265,塑料制品,7.94,7.89,-1.76,17932410.0,141520230.0,-0.4686
2026-07-30,002633,申科股份,881117,通用设备,13.4,13.4,-2.99,2501600.0,33146528.0,-0.8267
2026-07-30,002634,*ST棒杰,881136,服装家纺,4.03,4.0,0.0,4720600.0,18937501.0,-0.1551
2026-07-30,002635,安洁科技,881124,消费电子,13.7,13.66,-5.62,32222187.0,424934210.0,-1.413
2026-07-30,002636,金安国纪,881270,元件,54.56,54.01,-10.01,55811595.0,2854507600.0,-9.7686
2026-07-30,002637,赞宇科技,881109,化学制品,9.76,9.76,-1.64,10925100.0,106777605.0,-0.4329
2026-07-30,002638,勤上股份,881122,光学光电子,3.47,3.46,-2.31,19010425.0,65186264.0,-0.1709
2026-07-30,002639,雪人集团,881117,通用设备,11.93,11.93,-1.17,23697407.0,282867560.0,-0.6254
2026-07-30,002640,跨境通,881177,互联网电商,3.45,3.4,-4.06,126926760.0,427346050.0,0.0184
2026-07-30,002641,公元股份,881115,建筑材料,3.79,3.78,0.26,7816550.0,29620339.0,-0.0784
2026-07-30,002642,荣联科技,881271,IT服务,7.25,7.19,0.69,38861101.0,285200660.0,0.0272
2026-07-30,002643,万润股份,881172,电子化学品,12.94,12.78,-3.55,21856324.0,276189600.0,-1.4073
2026-07-30,002644,佛慈制药,881141,中药,7.71,7.67,-0.65,4804000.0,37180179.0,0.0703
2026-07-30,002645,华宏科技,881181,环境治理,16.82,16.79,-6.3,36412426.0,586086940.0,-2.7077
2026-07-30,002646,天佑德酒,881273,白酒,6.69,6.67,2.54,12797999.0,88209469.0,-0.0394
2026-07-30,002647,仁东控股,881283,多元金融,9.2,9.12,-1.85,20168900.0,184508050.0,-0.6728
2026-07-30,002648,卫星化学,881109,化学制品,25.04,25.0,1.32,51299042.0,1295024010.0,0.2819
2026-07-30,002649,博彦科技,881271,IT服务,8.79,8.85,-0.68,11684900.0,103307267.0,0.0043
2026-07-30,002650,ST加加,881134,食品加工制造,5.44,5.45,7.72,10970700.0,64253832.0,-0.2849
2026-07-30,002651,利君股份,881166,军工装备,7.7,7.67,1.3,10515300.0,82419765.0,-0.0489
2026-07-30,002652,扬子新材,881115,建筑材料,3.59,3.59,-4.46,16179227.0,57010170.0,-0.3086
2026-07-30,002653,海思科,881140,化学制药,63.92,63.68,-6.05,11927360.0,732349830.0,0.9577
2026-07-30,002654,万润科技,881122,光学光电子,11.39,11.25,-2.81,44688542.0,500477630.0,-1.7226
2026-07-30,002655,共达电声,881124,消费电子,23.66,23.42,-10.02,25726400.0,567479190.0,-4.3947
2026-07-30,002656,摩登大道,881136,服装家纺,2.72,2.72,-2.21,12913300.0,34886192.0,-0.1088
2026-07-30,002657,中科金财,881271,IT服务,14.39,14.4,4.45,30577413.0,470582900.0,-1.4188
2026-07-30,002658,雪迪龙,881284,环保设备,7.18,7.12,-0.56,4575588.0,32710530.0,-0.2191
2026-07-30,002659,凯文教育,881178,教育,4.15,4.16,1.2,31362600.0,133860959.0,-0.0091
2026-07-30,002660,茂硕电源,881124,消费电子,6.42,6.38,-0.31,4714700.0,30277570.0,-0.1901
2026-07-30,002661,克明食品,881134,食品加工制造,7.27,7.3,3.44,6109399.0,46071434.0,-0.0644
2026-07-30,002662,峰璟股份,881126,汽车零部件,3.18,3.16,-0.63,11502900.0,36485277.0,-0.1216
2026-07-30,002663,普邦股份,881116,建筑装饰,1.54,1.52,-1.95,38021323.0,58475313.0,-0.0348
2026-07-30,002664,信质集团,881126,汽车零部件,15.59,15.5,-1.35,4140310.0,63962245.0,-0.9366
2026-07-30,002666,德联集团,881109,化学制品,3.95,3.92,0.51,11132000.0,44419129.0,-0.0826
2026-07-30,002667,*ST威领,881267,能源金属,10.65,10.99,10.05,27829583.0,319429720.0,-1.2718
2026-07-30,002668,TCL智家,881131,白色家电,10.59,10.6,0.38,19715590.0,210810370.0,0.0516
2026-07-30,002669,康达新材,881109,化学制品,11.39,11.4,-1.67,13367147.0,151824570.0,-1.2571
2026-07-30,002670,国盛证券,881157,证券,11.91,11.81,2.18,41038367.0,500726760.0,0.0157
2026-07-30,002671,龙泉股份,881115,建筑材料,3.67,3.66,-0.54,10793200.0,39712780.0,-0.1058
2026-07-30,002672,东江环保,881181,环境治理,3.42,3.42,-0.58,8161800.0,28039145.0,-0.0674
2026-07-30,002673,西部证券,881157,证券,6.69,6.66,1.2,38805786.0,261411120.0,0.0137
2026-07-30,002674,兴业科技,881135,纺织制造,22.14,22.53,-2.3,29193695.0,665097570.0,-0.2668
2026-07-30,002675,东诚药业,881140,化学制药,12.71,12.69,0.63,6171853.0,78596252.0,-0.0151
2026-07-30,002676,顺威股份,881131,白色家电,4.83,4.8,-0.83,9505539.0,45876790.0,-0.1601
2026-07-30,002677,浙江美大,881174,厨卫电器,6.43,6.45,-2.95,12313930.0,78091780.0,-0.0594
2026-07-30,002678,珠江钢琴,881139,家居用品,4.32,4.32,-1.62,7732330.0,33363889.0,-0.1662
2026-07-30,002679,福建金森,881101,种植业与林业,8.38,8.38,-0.48,3238900.0,27287303.0,-0.0969
2026-07-30,002681,奋达科技,881124,消费电子,4.38,4.32,-2.97,40618684.0,175201920.0,-0.1644
2026-07-30,002682,龙洲股份,881152,物流,4.19,4.19,-1.19,23234930.0,97984901.0,-0.1415
2026-07-30,002683,广东宏大,881109,化学制品,27.84,27.7,0.32,9975703.0,280227920.0,-0.8193
2026-07-30,002685,华东重机,881268,工程机械,5.23,5.18,-2.68,29864074.0,154090710.0,-0.4285
2026-07-30,002686,亿利达,881117,通用设备,5.28,5.55,10.04,20657200.0,118797584.0,-0.1054
2026-07-30,002687,乔治白,881136,服装家纺,4.95,4.88,-7.27,28998858.0,136832270.0,-0.0222
2026-07-30,002688,金河生物,881102,养殖业,5.0,4.99,0.4,8741100.0,43993970.0,-0.0274
2026-07-30,002689,ST远智,881118,专用设备,2.58,2.58,-0.78,7385100.0,18925859.0,-0.0686
2026-07-30,002690,美亚光电,881118,专用设备,15.7,15.64,1.53,9485331.0,150392440.0,0.186
2026-07-30,002691,*ST冀凯,881118,专用设备,3.74,3.74,-0.27,3869400.0,14636319.0,-0.2187
2026-07-30,002692,远程股份,881278,电网设备,3.84,3.81,-2.6,15407399.0,58753073.0,-0.099
2026-07-30,002693,双成药业,881142,生物制品,8.5,8.41,-0.71,15856567.0,135205000.0,-0.3097
2026-07-30,002694,*ST顾地,881115,建筑材料,1.98,1.97,-1.01,4025067.0,7837658.0,-0.0914
2026-07-30,002695,煌上煌,881134,食品加工制造,9.37,9.47,-1.92,17853300.0,166863380.0,-0.55
2026-07-30,002696,百洋股份,881103,农产品加工,5.17,5.18,-1.74,8458860.0,43635480.0,-0.1294
2026-07-30,002697,红旗连锁,881158,零售,4.63,4.62,0.86,25489500.0,119817481.0,0.0296
2026-07-30,002698,博实股份,881171,自动化设备,13.38,13.41,0.3,18388758.0,248315470.0,0.1888
2026-07-30,002700,万憬能源,881146,燃气,5.64,5.67,-2.48,8575500.0,47639098.0,-0.379
2026-07-30,002701,奥瑞金,881138,包装印刷,4.95,4.95,1.21,29676540.0,148102840.0,0.0682
2026-07-30,002702,海欣食品,881134,食品加工制造,4.49,4.55,10.02,35998670.0,172610370.0,-0.0953
2026-07-30,002703,浙江世宝,881126,汽车零部件,13.28,13.28,10.02,49031243.0,703339420.0,-0.5311
2026-07-30,002705,新宝股份,881173,小家电,11.5,11.51,2.43,10631750.0,125073246.0,-0.0529
2026-07-30,002706,良信股份,881278,电网设备,8.89,8.81,-1.01,19099848.0,168251630.0,-0.6549
2026-07-30,002707,众信旅游,881160,旅游及酒店,5.08,5.1,-0.59,21560744.0,110798416.0,-0.0408
2026-07-30,002708,光洋股份,881126,汽车零部件,9.82,9.75,-5.8,17941924.0,170220640.0,-1.0295
2026-07-30,002709,天赐材料,881281,电池,36.79,36.77,-3.02,59454438.0,2156664700.0,-3.5868
2026-07-30,002712,思美传媒,881164,文化传媒,4.37,4.35,2.06,27300886.0,123529468.0,-0.0701
2026-07-30,002713,东易日盛,881116,建筑装饰,9.06,8.97,-2.65,17021982.0,153373490.0,-0.704
2026-07-30,002714,牧原股份,881102,养殖业,38.88,38.78,2.67,79358299.0,3151523600.0,0.7256
2026-07-30,002715,登云股份,881126,汽车零部件,12.83,12.68,-2.57,3215100.0,40265649.0,-0.5662
2026-07-30,002716,湖南白银,881169,贵金属,7.8,7.9,-1.67,129376716.0,1012688510.0,-0.2964
2026-07-30,002717,*ST岭南,881181,环境治理,1.01,1.0,-0.99,38894430.0,39109762.0,-0.0113
2026-07-30,002718,友邦吊顶,881115,建筑材料,81.95,82.0,-6.92,2057166.0,159765350.0,-5.947
2026-07-30,002719,ST麦趣,881134,食品加工制造,5.73,5.73,3.14,7566401.0,44162955.0,-0.2084
2026-07-30,002721,金一文化,881136,服装家纺,2.36,2.35,0.85,43902100.0,105178058.0,-0.0166
2026-07-30,002722,物产金轮,881118,专用设备,12.19,12.11,0.57,3478349.0,42712539.0,-0.1412
2026-07-30,002723,小崧股份,881122,光学光电子,6.65,6.62,-3.46,8156340.0,53409011.0,-0.5983
2026-07-30,002724,海洋王,881122,光学光电子,5.23,5.19,0.19,6490580.0,34051278.0,0.012
2026-07-30,002725,跃岭股份,881126,汽车零部件,10.93,10.88,-3.93,6325620.0,67286716.0,-0.581
2026-07-30,002726,ST龙大,881134,食品加工制造,2.08,2.04,5.29,148942580.0,316321980.0,0.1247
2026-07-30,002727,一心堂,881143,医药商业,11.59,11.56,0.78,9786552.0,113950856.0,0.2018
2026-07-30,002728,特一药业,881141,中药,8.75,8.69,-1.49,16617146.0,144761960.0,-0.078
2026-07-30,002729,好利科技,881123,其他电子,13.19,13.09,-3.11,4768200.0,61476815.0,-1.3108
2026-07-30,002730,电光科技,881118,专用设备,21.1,20.85,-8.1,10243500.0,204464610.0,-2.2797
2026-07-30,002731,*ST萃华,881136,服装家纺,1.87,1.85,10.16,58753325.0,113199436.0,-1.0072
2026-07-30,002732,燕塘乳业,881133,饮料制造,13.07,12.97,1.22,5068400.0,67651317.0,-0.1716
2026-07-30,002733,雄韬股份,881281,电池,17.95,17.8,-6.24,14877619.0,255345810.0,-3.1556
2026-07-30,002734,利民股份,881263,农化制品,13.31,13.25,-1.5,10787360.0,143223070.0,-1.022
2026-07-30,002735,王子新材,881138,包装印刷,10.8,10.76,-3.52,14354180.0,152373200.0,-1.3936
2026-07-30,002736,国信证券,881157,证券,10.21,10.16,1.08,33989670.0,348790150.0,0.0202
2026-07-30,002737,葵花药业,881141,中药,13.72,13.59,-0.44,6462998.0,88332805.0,0.341
2026-07-30,002738,中矿资源,881170,小金属,48.7,48.5,-2.85,20130434.0,965430510.0,-3.3721
2026-07-30,002739,儒意电影,881274,影视院线,8.72,8.63,-2.18,80799730.0,697882910.0,-0.1203
2026-07-30,002741,光华科技,881172,电子化学品,21.59,21.35,-6.95,26003456.0,533099370.0,-2.8556
2026-07-30,002742,冀衡医药,881140,化学制药,3.47,3.45,0.86,9177800.0,32222745.0,-0.0971
2026-07-30,002743,富煌钢构,881116,建筑装饰,3.61,3.6,-2.22,8862123.0,31836620.0,-0.2088
2026-07-30,002745,木林森,881122,光学光电子,10.55,10.52,-4.17,60202459.0,617150250.0,-0.2457
2026-07-30,002746,仙坛股份,881102,养殖业,6.0,6.01,0.67,13526686.0,81896164.0,0.1333
2026-07-30,002747,埃斯顿,881171,自动化设备,31.06,30.5,-10.01,84871043.0,2449273300.0,-1.8959
2026-07-30,002748,世龙实业,881108,化学原料,10.52,10.46,-1.52,4508100.0,46969924.0,-0.2621
2026-07-30,002749,国光股份,881263,农化制品,9.02,9.02,3.88,6354927.0,59128313.0,0.1291
2026-07-30,002752,昇兴股份,881138,包装印刷,5.93,5.9,-1.85,12017592.0,70464355.0,-0.1067
2026-07-30,002753,永东股份,881266,橡胶制品,6.02,6.03,0.0,2815400.0,17028422.0,-0.0631
2026-07-30,002755,奥赛康,881140,化学制药,13.08,13.01,-2.6,9445016.0,121485494.0,-0.3343
2026-07-30,002756,永兴材料,881267,能源金属,46.94,46.73,-2.45,11917510.0,552338630.0,-3.6539
2026-07-30,002757,南兴股份,881118,专用设备,15.73,15.9,-2.35,22128250.0,352775080.0,-1.2938
2026-07-30,002758,浙农股份,881263,农化制品,7.87,7.85,0.13,4963000.0,39147058.0,-0.0062
2026-07-30,002759,ST天际,881281,电池,14.89,14.8,-1.88,44906919.0,679341010.0,-3.197
2026-07-30,002760,凤形股份,881117,通用设备,16.13,16.1,-1.43,3939633.0,62963371.0,-0.5737
2026-07-30,002761,浙江建投,881116,建筑装饰,7.26,7.26,3.17,20834629.0,155060570.0,0.025
2026-07-30,002762,金发拉比,881136,服装家纺,8.18,8.24,-0.73,4976500.0,41099448.0,-0.1185
2026-07-30,002763,汇洁股份,881136,服装家纺,7.04,7.06,0.14,8505003.0,60505657.0,-0.142
2026-07-30,002765,蓝黛科技,881126,汽车零部件,6.48,6.48,-0.77,10419400.0,67725051.0,-0.3746
2026-07-30,002766,索菱股份,881126,汽车零部件,3.82,3.8,-0.26,29508033.0,114902158.0,-0.0564
2026-07-30,002767,先锋电子,881117,通用设备,15.86,15.77,-2.84,4015900.0,61925967.0,-0.6504
2026-07-30,002768,国恩股份,881265,塑料制品,47.76,47.76,-7.68,12638132.0,568441130.0,-1.2277
2026-07-30,002769,普路通,881152,物流,6.55,6.55,-1.22,6480900.0,42509526.0,-0.2124
2026-07-30,002771,真视通,881271,IT服务,11.71,11.57,-2.56,7848183.0,91098650.0,-0.6419
2026-07-30,002772,众兴菌业,881101,种植业与林业,10.17,10.13,-2.46,17796689.0,180465200.0,-0.843
2026-07-30,002773,康弘药业,881142,生物制品,21.64,21.57,-0.83,5581200.0,120604525.0,-0.0022
2026-07-30,002774,快意电梯,881118,专用设备,14.97,14.85,-10.02,15122850.0,217386880.0,0.4071
2026-07-30,002775,文科股份,881116,建筑装饰,3.83,3.8,-6.01,29981955.0,110177140.0,0.0218
2026-07-30,002777,久远银海,881271,IT服务,12.6,12.6,1.19,9229998.0,118365801.0,-0.1399
2026-07-30,002778,中晟高科,881181,环境治理,14.5,14.5,-4.07,5041585.0,71237417.0,-0.6673
2026-07-30,002779,中坚科技,881118,专用设备,57.31,56.84,-3.75,2251540.0,125713359.0,-5.3469
2026-07-30,002780,三夫户外,881136,服装家纺,12.73,12.7,-1.41,7492200.0,96046477.0,-0.2229
2026-07-30,002782,可立克,881123,其他电子,13.99,13.83,-5.58,13813900.0,185606020.0,-2.1077
2026-07-30,002783,凯龙股份,881109,化学制品,7.26,7.25,0.14,8865934.0,65367527.0,-0.0776
2026-07-30,002785,万里石,881115,建筑材料,33.0,32.91,-6.73,5127858.0,161921360.0,-2.7477
2026-07-30,002786,银宝山新,881118,专用设备,7.41,7.32,-2.16,7172700.0,52607663.0,-0.1881
2026-07-30,002787,华源控股,881138,包装印刷,19.25,19.01,-6.81,21269606.0,384791980.0,-2.2809
2026-07-30,002788,鹭燕医药,881143,医药商业,9.97,9.93,0.1,22381300.0,225837170.0,-0.2621
2026-07-30,002789,*ST建艺,881116,建筑装饰,8.97,8.95,-1.67,2302100.0,20405789.0,-0.9049
2026-07-30,002790,瑞尔特,881139,家居用品,5.54,5.55,-0.72,4641412.0,25865846.0,-0.107
2026-07-30,002791,坚朗五金,881115,建筑材料,15.38,15.44,-1.11,10330566.0,159112110.0,-0.0066
2026-07-30,002792,通宇通讯,881129,通信设备,23.97,23.72,-5.92,15527447.0,358679550.0,-3.4439
2026-07-30,002793,罗欣药业,881140,化学制药,4.76,4.7,-4.41,43996668.0,203928570.0,0.1016
2026-07-30,002795,永和智控,881117,通用设备,6.07,6.01,-2.97,22382600.0,133016415.0,-0.3841
2026-07-30,002796,世嘉科技,881129,通信设备,25.5,25.31,-7.76,11428038.0,273963690.0,-3.8667
2026-07-30,002797,第一创业,881157,证券,6.53,6.48,0.0,50642551.0,330361910.0,-0.0373
2026-07-30,002798,帝欧水华,881139,家居用品,5.3,5.3,-3.21,14503973.0,77499840.0,-0.196
2026-07-30,002799,环球印务,881138,包装印刷,6.25,6.24,-0.32,4748244.0,29733636.0,-0.1368
2026-07-30,002800,天顺股份,881152,物流,12.24,12.39,0.0,3691600.0,45076781.0,-0.5946
2026-07-30,002801,微光股份,881277,电机,27.23,27.12,-1.29,951920.0,25687127.0,-0.7657
2026-07-30,002802,洪汇新材,881109,化学制品,10.45,10.45,0.48,2510174.0,26380091.0,-0.3184
2026-07-30,002803,吉宏股份,881177,互联网电商,18.22,18.18,-4.23,9274951.0,165196230.0,-1.4785
2026-07-30,002805,丰元股份,881281,电池,17.34,17.29,-3.06,15964802.0,272892300.0,-2.1024
2026-07-30,002806,华锋股份,881126,汽车零部件,12.82,12.58,-5.62,10731681.0,131360061.0,-1.5217
2026-07-30,002807,江阴银行,881155,银行,4.05,4.04,1.73,58586043.0,240575370.0,0.0317
2026-07-30,002809,红墙股份,881109,化学制品,7.54,7.5,-1.33,5366100.0,40305471.0,-0.2195
2026-07-30,002810,山东赫达,881109,化学制品,19.59,19.51,-0.66,6795336.0,134108600.0,-1.121
2026-07-30,002811,郑中设计,881116,建筑装饰,9.76,9.74,-1.74,5044300.0,49487385.0,-0.5531
2026-07-30,002812,恩捷股份,881281,电池,53.36,53.0,-0.36,21758018.0,1169259770.0,-3.5133
2026-07-30,002813,路畅科技,881126,汽车零部件,20.33,20.2,-0.15,2814800.0,57849405.0,-0.2417
2026-07-30,002815,崇达技术,881270,元件,11.39,11.22,-5.36,37311600.0,410050090.0,-1.5198
2026-07-30,002816,*ST和科,881118,专用设备,23.3,23.31,-1.16,1699700.0,39665983.0,-1.2694
2026-07-30,002817,黄山胶囊,881144,医疗器械,6.02,6.02,0.17,6965100.0,42041277.0,-0.1316
2026-07-30,002818,富森美,881158,零售,10.93,10.9,2.2,6950865.0,77266858.0,-0.0044
2026-07-30,002819,东方中科,881117,通用设备,20.12,19.89,-2.39,2199500.0,43900627.0,-0.6094
2026-07-30,002820,桂发祥,881134,食品加工制造,8.7,8.62,-0.69,10269720.0,90070341.0,-0.1683
2026-07-30,002821,凯莱英,881175,医疗服务,155.01,155.01,-5.84,11585464.0,1712528400.0,3.1009
2026-07-30,002822,ST中装,881153,房地产,2.94,2.97,1.36,9296906.0,27793008.0,-0.0244
2026-07-30,002823,凯中精密,881277,电机,12.76,12.78,-1.57,5391271.0,68375289.0,-0.8436
2026-07-30,002824,和胜股份,881168,工业金属,20.73,20.6,-9.07,20069014.0,390019870.0,-2.7667
2026-07-30,002825,纳尔股份,881265,塑料制品,7.86,7.86,-0.64,3193579.0,25050859.0,-0.3047
2026-07-30,002826,易明医药,881140,化学制药,15.99,15.96,-3.0,2869200.0,45039769.0,-0.2882
2026-07-30,002827,高争民爆,881109,化学制品,28.59,31.45,10.0,1662200.0,52276190.0,0.6003
2026-07-30,002828,贝肯能源,881107,油气开采及服务,,,,,,
2026-07-30,002829,星网宇达,881166,军工装备,20.44,20.2,-9.25,19733309.0,381027240.0,0.1438
2026-07-30,002830,名雕股份,881116,建筑装饰,11.96,11.83,-4.1,4207760.0,49560054.0,-1.2626
2026-07-30,002831,裕同科技,881138,包装印刷,26.26,26.0,-3.43,12525671.0,319179060.0,-1.3061
2026-07-30,002832,比音勒芬,881136,服装家纺,24.28,23.94,6.26,26952758.0,671434230.0,1.0817
2026-07-30,002833,弘亚数控,881118,专用设备,18.14,18.0,-2.43,13027440.0,231703140.0,-0.2634
2026-07-30,002835,同为股份,881130,计算机设备,11.57,11.54,-1.04,3049000.0,35299655.0,-0.2416
2026-07-30,002836,新宏泽,881138,包装印刷,8.71,8.72,-0.69,2866300.0,25073888.0,-0.4247
2026-07-30,002837,英维克,881118,专用设备,52.39,51.03,-10.0,46515545.0,2252530600.0,-5.5441
2026-07-30,002838,道恩股份,881265,塑料制品,25.89,25.6,-3.63,5189853.0,129783909.0,-2.0208
2026-07-30,002839,张家港行,881155,银行,4.49,4.49,2.67,45207487.0,206998260.0,0.0838
2026-07-30,002840,华统股份,881134,食品加工制造,7.52,7.5,1.06,17239900.0,131722941.0,-0.214
2026-07-30,002841,视源股份,881124,消费电子,44.62,43.83,-5.31,14113118.0,604309780.0,1.3883
2026-07-30,002842,翔鹭钨业,881170,小金属,30.29,30.27,-4.99,29048879.0,860549540.0,-3.0254
2026-07-30,002843,泰嘉股份,881117,通用设备,15.84,15.75,-9.03,14015667.0,208321200.0,-1.806
2026-07-30,002845,同兴达,881122,光学光电子,12.23,12.08,-3.68,9660946.0,114948482.0,-0.9659
2026-07-30,002846,英联股份,881138,包装印刷,9.76,9.8,10.04,11898096.0,124513908.0,-0.4168
2026-07-30,002847,盐津铺子,881134,食品加工制造,52.49,52.28,-0.46,7581905.0,397501130.0,0.3661
2026-07-30,002848,高斯贝尔,881132,黑色家电,12.23,12.15,-3.84,4992000.0,59785092.0,-0.6119
2026-07-30,002849,威星智能,881117,通用设备,14.0,13.89,-5.21,5258570.0,71020950.0,-0.7528
2026-07-30,002850,科达利,881281,电池,174.24,173.0,-2.09,5188442.0,877802960.0,-5.5478
2026-07-30,002851,麦格米特,881282,其他电源设备,107.52,106.75,-10.0,37249389.0,3731284000.0,-11.5861
2026-07-30,002852,道道全,881103,农产品加工,7.59,7.61,0.66,3722300.0,28546576.0,-0.0465
2026-07-30,002853,皮阿诺,881139,家居用品,19.4,19.4,-6.91,2115221.0,38890894.0,-0.954
2026-07-30,002855,捷荣技术,881124,消费电子,9.54,9.48,-1.05,4009309.0,38353567.0,-0.2709
2026-07-30,002856,*ST美芝,881116,建筑装饰,14.58,14.32,-6.79,6251800.0,87016478.0,-1.4968
2026-07-30,002857,三晖电气,881278,电网设备,15.5,15.5,-3.48,3746962.0,57776252.0,-0.7067
2026-07-30,002858,力盛体育,881179,其他社会服务,10.88,10.88,0.0,6201300.0,68127154.0,-0.3363
2026-07-30,002859,洁美科技,881123,其他电子,59.59,59.66,0.23,34155125.0,2060517800.0,-6.8874
2026-07-30,002860,星帅尔,881131,白色家电,19.33,18.78,-9.98,20747581.0,381111160.0,0.9931
2026-07-30,002861,瀛通通讯,881124,消费电子,14.49,14.5,-2.9,8361299.0,119359088.0,-1.5355
2026-07-30,002862,实丰文化,881139,家居用品,12.88,12.85,-1.16,3769730.0,49154504.0,-0.4604
2026-07-30,002863,今飞凯达,881126,汽车零部件,4.3,4.25,-1.16,9441666.0,40533431.0,-0.1044
2026-07-30,002864,盘龙药业,881141,中药,20.65,20.66,-1.94,3144150.0,64329546.0,-0.2264
2026-07-30,002865,钧达股份,881279,光伏设备,41.5,41.01,-4.75,9249077.0,371917690.0,-5.9343
2026-07-30,002866,传艺科技,881124,消费电子,14.61,14.6,0.55,18808996.0,279667910.0,-0.7837
2026-07-30,002867,周大生,881136,服装家纺,12.45,12.42,2.33,9435555.0,119612696.0,0.2885
2026-07-30,002868,绿康生化,881102,养殖业,22.2,22.35,-3.92,1955400.0,42642999.0,-1.1048
2026-07-30,002869,金溢科技,881130,计算机设备,15.67,15.59,-3.25,4523253.0,70248530.0,-0.6125
2026-07-30,002870,香山股份,881126,汽车零部件,38.59,38.45,-3.16,2950200.0,111104426.0,-0.261
2026-07-30,002871,伟隆股份,881117,通用设备,15.63,15.47,-7.36,3554797.0,52795441.0,-1.4661
2026-07-30,002872,ST天圣,881140,化学制药,4.93,4.9,-0.81,1216800.0,5989897.0,-0.0282
2026-07-30,002873,新天药业,881141,中药,7.63,7.62,-1.83,6751948.0,51239461.0,-0.1465
2026-07-30,002875,安奈儿,881136,服装家纺,12.28,12.14,-2.2,4479366.0,54407382.0,-1.2097
2026-07-30,002876,三利谱,881122,光学光电子,27.11,26.99,-3.47,3320425.0,88360735.0,-1.4189
2026-07-30,002877,智能自控,881117,通用设备,6.89,6.9,-0.73,5436020.0,37395561.0,-0.2085
2026-07-30,002878,元隆雅图,881164,文化传媒,11.76,11.77,-0.43,7470600.0,88575285.0,-0.3952
2026-07-30,002879,长缆科技,881278,电网设备,17.93,17.52,-9.98,38842894.0,674579170.0,0.9308
2026-07-30,002880,卫光生物,881142,生物制品,19.68,19.7,0.36,1583010.0,31589344.0,-0.713
2026-07-30,002881,美格智能,881129,通信设备,37.7,36.78,-10.0,13047054.0,458507440.0,-0.6298
2026-07-30,002882,金龙羽,881278,电网设备,19.65,20.58,10.03,15523715.0,331261470.0,-0.2658
2026-07-30,002883,*ST中设,881116,建筑装饰,8.51,8.54,-1.53,881340.0,7416333.2,-0.1172
2026-07-30,002884,凌霄泵业,881117,通用设备,16.47,16.42,-0.49,2131500.0,34979712.0,0.0793
2026-07-30,002885,京泉华,881123,其他电子,24.38,24.24,-8.33,16255640.0,374090200.0,-4.211
2026-07-30,002886,沃特股份,881265,塑料制品,17.63,17.4,-3.57,9148040.0,157081410.0,-2.5632
2026-07-30,002887,绿茵生态,881181,环境治理,9.68,9.63,-4.24,4523300.0,42907599.0,-0.4673
2026-07-30,002888,惠威科技,881124,消费电子,15.9,15.8,-2.7,2926100.0,46035916.0,-1.2504
2026-07-30,002889,东方嘉盛,881152,物流,12.78,11.5,-3.13,19315333.0,232730660.0,0.1754
2026-07-30,002890,弘宇股份,881118,专用设备,13.41,13.41,-4.4,2097564.0,27460299.0,-0.5189
2026-07-30,002891,中宠股份,881103,农产品加工,31.6,31.55,3.01,29818164.0,989277050.0,0.8871
2026-07-30,002892,科力尔,881277,电机,9.33,9.23,0.11,7296936.0,68479659.0,-0.1717
2026-07-30,002893,京能热力,881145,电力,9.54,9.5,0.1,6154600.0,58914611.0,-0.1524
2026-07-30,002895,川恒股份,881263,农化制品,35.16,35.14,0.82,8669100.0,305017420.0,1.0788
2026-07-30,002896,中大力德,881117,通用设备,62.15,61.35,-4.57,6921249.0,416913040.0,-4.6229
2026-07-30,002897,意华股份,881129,通信设备,54.97,54.23,-10.01,13153907.0,668855450.0,-7.3635
2026-07-30,002899,英派斯,881139,家居用品,17.95,17.8,-0.56,3703400.0,65203714.0,-1.5546
2026-07-30,002900,哈三联,881140,化学制药,11.8,11.99,-2.03,31042913.0,372445040.0,0.5254
2026-07-30,002901,大博医疗,881144,医疗器械,44.44,44.46,-0.52,2047900.0,90861150.0,0.3734
2026-07-30,002902,铭普光磁,881129,通信设备,21.27,21.3,-6.68,12295313.0,250408780.0,-2.5013
2026-07-30,002903,宇环数控,881117,通用设备,25.25,26.19,-8.51,27856699.0,676705060.0,-5.2754
2026-07-30,002905,金逸影视,881274,影视院线,7.32,7.32,-2.19,4982200.0,36399012.0,-0.0781
2026-07-30,002906,华阳集团,881126,汽车零部件,24.98,24.8,0.64,6114299.0,154249260.0,-0.5397
2026-07-30,002907,华森制药,881141,中药,12.61,12.51,-1.19,4588400.0,57598868.0,-0.231
2026-07-30,002908,德生科技,881271,IT服务,6.59,6.55,-0.3,5594800.0,37181585.0,-0.1081
2026-07-30,002909,集泰股份,881109,化学制品,4.71,4.72,-1.27,6842900.0,32263017.0,-0.1869
2026-07-30,002910,庄园牧场,881133,饮料制造,8.52,8.65,-4.34,16753700.0,139029710.0,-0.7586
2026-07-30,002911,佛燃能源,881146,燃气,11.4,11.35,2.28,7984237.0,92385007.0,0.2653
2026-07-30,002912,中新赛克,881130,计算机设备,18.48,18.23,-1.52,2713456.0,50148849.0,-0.3471
2026-07-30,002913,奥士康,881270,元件,40.78,40.36,-6.55,8601397.0,338291850.0,-4.4476
2026-07-30,002915,中欣氟材,881109,化学制品,15.88,15.8,-1.51,5040647.0,79590440.0,-1.1618
2026-07-30,002916,深南电路,881270,元件,316.01,312.7,-9.97,13925098.0,4077952000.0,-26.2618
2026-07-30,002917,金奥博,881109,化学制品,10.1,10.11,-0.89,3206500.0,32283236.0,-0.3589
2026-07-30,002918,蒙娜丽莎,881139,家居用品,9.38,9.29,-4.05,13407975.0,122546741.0,-0.4667
2026-07-30,002919,名臣健康,881275,游戏,16.15,16.33,-5.76,4391134.0,68641889.0,-1.2548
2026-07-30,002920,德赛西威,881126,汽车零部件,85.85,85.76,3.6,15944243.0,1407407800.0,-0.7911
2026-07-30,002921,联诚精密,881126,汽车零部件,20.1,20.29,0.95,11599648.0,236988180.0,-1.7525
2026-07-30,002922,伊戈尔,881123,其他电子,24.03,24.03,-3.75,14033058.0,329296960.0,-2.6313
2026-07-30,002923,润都股份,881140,化学制药,10.47,10.43,-2.87,7907100.0,81374392.0,-0.0478
2026-07-30,002925,盈趣科技,881124,消费电子,22.8,22.5,-5.96,13769301.0,303118770.0,-0.1596
2026-07-30,002926,华西证券,881157,证券,8.32,8.28,0.72,16199746.0,135144850.0,0.0521
2026-07-30,002927,泰永长征,881278,电网设备,14.71,14.56,-3.94,6532432.0,93827043.0,-1.3779
2026-07-30,002928,华夏航空,881151,机场航运,6.43,6.35,0.62,30128286.0,194893210.0,-0.1949
2026-07-30,002929,润建股份,881162,通信服务,47.26,46.72,-7.72,13791634.0,619711960.0,-4.7733
2026-07-30,002930,宏川智慧,881152,物流,8.44,8.41,-2.37,8825648.0,73746472.0,-0.4707
2026-07-30,002931,锋龙股份,881117,通用设备,43.55,43.16,-6.27,10498029.0,438039890.0,-6.0524
2026-07-30,002932,*ST明德,881144,医疗器械,14.66,14.74,-2.25,1072866.0,15594532.0,-0.1585
2026-07-30,002933,新兴装备,881166,军工装备,24.77,24.7,-1.29,1113600.0,27572854.0,-0.8291
2026-07-30,002935,天奥电子,881276,军工电子,15.2,15.0,-3.62,5272174.0,78387614.0,-1.6765
2026-07-30,002936,郑州银行,881155,银行,1.82,1.81,1.65,108162310.0,198517510.0,0.0225
2026-07-30,002937,兴瑞科技,881126,汽车零部件,27.89,28.04,-10.0,14247263.0,368849100.0,-3.2093
2026-07-30,002938,鹏鼎控股,881270,元件,84.5,83.3,-10.0,33908236.0,2654321800.0,-4.8524
2026-07-30,002939,长城证券,881157,证券,8.26,8.21,0.61,24801139.0,205496390.0,-0.0104
2026-07-30,002940,昂利康,881140,化学制药,24.06,24.0,-2.7,8307847.0,197924530.0,-1.4618
2026-07-30,002941,新疆交建,881116,建筑装饰,10.43,10.39,1.25,16772360.0,177599490.0,-0.0405
2026-07-30,002942,新农股份,881263,农化制品,14.37,14.29,0.21,1464100.0,21183671.0,-0.4006
2026-07-30,002943,宇晶股份,881117,通用设备,28.26,28.23,-7.15,11922394.0,320875710.0,-5.5355
2026-07-30,002945,华林证券,881157,证券,14.37,14.45,2.3,48873655.0,725760930.0,0.0168
2026-07-30,002946,新乳业,881133,饮料制造,16.94,16.83,5.08,18080200.0,320618740.0,0.339
2026-07-30,002947,恒铭达,881124,消费电子,54.58,53.98,-8.19,8169437.0,417131200.0,-6.9559
2026-07-30,002948,青岛银行,881155,银行,5.86,5.84,0.68,43206823.0,254090700.0,0.1067
2026-07-30,002949,华阳国际,881116,建筑装饰,9.77,9.77,0.31,2954400.0,29035606.0,-0.3598
2026-07-30,002950,奥美医疗,881144,医疗器械,9.11,9.12,0.0,11111800.0,102670177.0,-0.1646
2026-07-30,002951,金时科技,881282,其他电源设备,13.13,13.0,-2.51,8617700.0,112202762.0,-0.8003
2026-07-30,002952,亚世光电,881122,光学光电子,18.64,18.86,-3.54,3137650.0,57284505.0,-1.2543
2026-07-30,002953,日丰股份,881278,电网设备,9.59,9.5,-3.55,11581977.0,108508068.0,0.0257
2026-07-30,002955,鸿合科技,881122,光学光电子,32.5,31.77,-4.95,8130137.0,254667350.0,0.1442
2026-07-30,002956,西麦食品,881134,食品加工制造,18.24,18.0,-3.67,13061355.0,232539110.0,-1.0813
2026-07-30,002957,科瑞技术,881171,自动化设备,34.16,34.15,-9.98,17344117.0,551723700.0,-4.5619
2026-07-30,002958,青农商行,881155,银行,3.09,3.09,2.91,113229384.0,357482160.0,0.0843
2026-07-30,002959,小熊电器,881173,小家电,33.98,33.78,1.29,1203560.0,41270821.0,-0.0615
2026-07-30,002960,青鸟智控,881118,专用设备,7.82,7.77,0.51,10335868.0,81067356.0,-0.2565
2026-07-30,002961,瑞达期货,881283,多元金融,19.32,19.24,1.14,6943659.0,135954650.0,-0.3946
2026-07-30,002962,五方光电,881122,光学光电子,12.03,11.95,-3.49,8916201.0,105080877.0,-1.6034
2026-07-30,002963,豪尔赛,881116,建筑装饰,12.92,12.7,-6.97,5695100.0,70009218.0,-1.8082
2026-07-30,002965,祥鑫科技,881126,汽车零部件,32.82,31.82,-9.99,14774410.0,451064220.0,-2.8242
2026-07-30,002966,苏州银行,881155,银行,8.34,8.29,2.88,73924331.0,628009100.0,0.1859
2026-07-30,002967,广电计量,881179,其他社会服务,16.73,16.68,0.24,4379800.0,73473909.0,-0.6417
2026-07-30,002968,新大正,881153,房地产,8.44,8.44,0.0,4230345.0,35857033.0,-0.226
2026-07-30,002969,嘉美包装,881138,包装印刷,13.14,12.45,-9.97,126016668.0,1583865500.0,-0.8578
2026-07-30,002970,锐明技术,881130,计算机设备,46.2,46.0,-5.45,3594440.0,159487560.0,-3.9211
2026-07-30,002971,和远气体,881109,化学制品,36.25,35.89,-9.79,15313600.0,517957310.0,-5.5361
2026-07-30,002972,科安达,881269,轨交设备,12.56,12.49,-8.2,12499314.0,146073080.0,-1.0011
2026-07-30,002973,侨银股份,881181,环境治理,9.08,9.02,-3.63,7929800.0,70405859.0,-0.6325
2026-07-30,002975,博杰股份,881171,自动化设备,77.04,76.84,-9.99,9573578.0,687036640.0,-13.5921
2026-07-30,002976,瑞玛精密,881126,汽车零部件,18.95,18.88,-3.64,6680819.0,124495768.0,-1.698
2026-07-30,002977,*ST天箭,881276,军工电子,21.54,21.45,-2.41,1181900.0,25170103.0,-0.6242
2026-07-30,002978,安宁股份,881170,小金属,26.4,26.4,0.49,2426400.0,64300359.0,-0.0738
2026-07-30,002979,雷赛智能,881171,自动化设备,57.65,58.0,-9.54,15435137.0,831816180.0,-0.4249
2026-07-30,002980,华盛昌,881278,电网设备,70.59,70.92,-10.0,7824800.0,517639030.0,-9.5404
2026-07-30,002981,朝阳科技,881124,消费电子,22.62,22.42,-0.27,2383400.0,53649545.0,0.0724
2026-07-30,002982,湘佳股份,881102,养殖业,11.47,11.48,-0.35,3580892.0,41298247.0,-0.2176
2026-07-30,002983,芯瑞达,881122,光学光电子,18.34,18.34,-3.38,1950267.0,35067240.0,-1.8325
2026-07-30,002984,森麒麟,881126,汽车零部件,14.36,14.34,2.51,13812613.0,202868060.0,0.0358
2026-07-30,002985,北摩高科,881166,军工装备,25.45,25.38,0.12,4215135.0,107563563.0,-0.9146
2026-07-30,002986,宇新股份,881180,石油加工贸易,11.83,11.84,-0.42,5692797.0,67275408.0,-0.1086
2026-07-30,002987,京北方,881272,软件开发,10.91,10.8,2.11,28981959.0,322613790.0,0.0658
2026-07-30,002988,豪美新材,881168,工业金属,20.09,19.9,-2.59,3496984.0,69510354.0,-1.3472
2026-07-30,002989,中天精装,881116,建筑装饰,20.33,20.14,-6.49,7072780.0,137458880.0,-3.0459
2026-07-30,002990,盛视科技,881130,计算机设备,41.95,41.79,-9.99,9483300.0,370682010.0,-5.198
2026-07-30,002991,甘源食品,881134,食品加工制造,42.4,42.39,1.53,1652600.0,71629876.0,-0.2354
2026-07-30,002992,宝明科技,881122,光学光电子,32.95,33.0,-5.64,1960299.0,62383307.0,-2.6981
2026-07-30,002993,奥海科技,881124,消费电子,35.4,35.17,-6.07,7062822.0,240016670.0,-7.319
2026-07-30,002995,天地在线,881164,文化传媒,16.43,16.3,1.03,22231491.0,377460970.0,-0.8209
2026-07-30,002996,顺博合金,881168,工业金属,6.17,6.14,-0.81,5972920.0,36813592.0,-0.0594
2026-07-30,002997,瑞鹄模具,881126,汽车零部件,26.2,26.27,-2.02,2899159.0,75555623.0,-1.0075
2026-07-30,002998,优彩资源,881264,化学纤维,7.36,7.36,0.14,12609080.0,92881915.0,-0.0469
2026-07-30,002999,天禾股份,881263,农化制品,5.51,5.52,0.18,6278100.0,34867003.0,-0.0973
2026-07-30,003000,劲仔食品,881134,食品加工制造,10.6,10.6,2.36,10523901.0,114454979.0,0.0341
2026-07-30,003001,中岩大地,881116,建筑装饰,19.43,19.43,-9.98,25961934.0,475167890.0,0.9362
2026-07-30,003002,壶化股份,881109,化学制品,15.71,15.6,-0.95,2742871.0,43223967.0,-1.1463
2026-07-30,003003,天元股份,881138,包装印刷,9.87,9.87,-0.3,3486500.0,34465302.0,-0.3091
2026-07-30,003004,声迅股份,881130,计算机设备,58.61,58.2,-8.72,2195622.0,118284227.0,-3.4769
2026-07-30,003005,竞业达,881271,IT服务,12.24,12.22,-1.72,3115160.0,38259243.0,-0.583
2026-07-30,003006,百亚股份,881182,美容护理,14.33,14.32,3.21,9260200.0,137395650.0,-0.1801
2026-07-30,003007,直真科技,881272,软件开发,33.09,32.8,-3.9,1642700.0,53409899.0,-2.0848
2026-07-30,003008,开普检测,881179,其他社会服务,17.23,17.3,-0.46,1206750.0,20834713.0,-0.4034
2026-07-30,003009,中天火箭,881166,军工装备,47.2,46.9,-6.08,4957346.0,225924390.0,-3.0145
2026-07-30,003010,若羽臣,881177,互联网电商,25.83,25.84,3.37,16699889.0,444723330.0,0.346
2026-07-30,003011,海象新材,881139,家居用品,17.28,17.28,-1.97,2419700.0,41665040.0,-0.7116
2026-07-30,003012,东鹏控股,881139,家居用品,4.73,4.71,2.54,13947882.0,67282625.0,-0.0111
2026-07-30,003013,地铁设计,881116,建筑装饰,17.1,16.87,-6.43,6355268.0,104365609.0,0.3806
2026-07-30,003015,日久光电,881122,光学光电子,10.55,10.45,-3.6,9346340.0,96241585.0,-0.5614
2026-07-30,003016,欣贺股份,881136,服装家纺,6.58,6.58,0.15,3481400.0,23065613.0,-0.0716
2026-07-30,003017,大洋生物,881108,化学原料,20.66,20.56,-2.08,1598344.0,32820240.0,-0.6896
2026-07-30,003018,金富科技,881138,包装印刷,32.05,32.06,-9.98,14548071.0,434956430.0,-5.5589
2026-07-30,003019,宸展光电,881122,光学光电子,22.24,22.0,-5.76,5336145.0,114395347.0,-2.6145
2026-07-30,003020,立方制药,881140,化学制药,16.63,16.46,-2.83,10613712.0,174528240.0,-0.0433
2026-07-30,003021,兆威机电,881277,电机,75.35,74.67,-3.48,2434435.0,179507440.0,-5.1148
2026-07-30,003022,联泓新科,881279,光伏设备,18.95,18.84,-1.16,9944899.0,186796260.0,-1.5208
2026-07-30,003023,彩虹集团,881173,小家电,19.8,19.88,-0.61,3382087.0,67313190.0,-0.7238
2026-07-30,003025,思进智能,881117,通用设备,11.56,11.57,-1.38,6401800.0,74471490.0,-0.8456
2026-07-30,003026,中晶科技,881121,半导体,26.28,26.29,-6.89,9518237.0,238689770.0,-2.9109
2026-07-30,003027,同兴科技,881181,环境治理,15.29,15.29,-1.64,3080500.0,46911803.0,-1.019
2026-07-30,003028,振邦智能,881131,白色家电,21.2,21.2,-1.6,837890.0,17736528.0,-0.8916
2026-07-30,003029,吉大正元,881272,软件开发,16.35,16.14,-0.98,3340900.0,54758092.0,-0.364
2026-07-30,003030,祖名股份,881103,农产品加工,21.31,21.22,-3.47,4175600.0,88179422.0,-0.4055
2026-07-30,003031,中瓷电子,881129,通信设备,98.55,97.93,-7.56,10003735.0,928687640.0,-15.5217
2026-07-30,003032,传智教育,881178,教育,7.28,7.8,10.03,25027500.0,197229900.0,0.2973
2026-07-30,003033,征和工业,881128,汽车服务及其他,61.2,60.39,-9.93,1861700.0,107058119.0,0.5623
2026-07-30,003035,南网能源,881145,电力,5.52,5.47,-1.45,31942557.0,174918380.0,-0.1571
2026-07-30,003036,泰坦股份,881118,专用设备,45.5,45.01,-10.0,6170102.0,262853960.0,-9.3033
2026-07-30,003037,三和管桩,881115,建筑材料,5.47,5.44,-1.65,3353200.0,18211270.0,-0.2097
2026-07-30,003038,鑫铂股份,881168,工业金属,10.11,10.08,0.2,4278960.0,43574041.0,-0.5037
2026-07-30,003039,顺控发展,881181,环境治理,11.58,11.58,2.25,4430300.0,52067762.0,-0.0647
2026-07-30,003040,楚天龙,881129,通信设备,10.81,10.77,1.2,15962969.0,175545930.0,-0.2193
2026-07-30,003041,真爱美家,881136,服装家纺,36.24,35.95,-0.72,3736342.0,140008040.0,-2.9141
2026-07-30,003042,中农联合,881263,农化制品,12.22,12.18,0.41,3717889.0,46088256.0,-0.3644
2026-07-30,003043,华亚智能,881121,半导体,61.96,62.59,-10.01,6985369.0,402054710.0,-5.9444
2026-07-30,003816,中国广核,881145,电力,4.08,4.07,1.96,91810102.0,378059910.0,0.0177
2026-07-30,300001,特锐德,881278,电网设备,34.17,33.63,-1.35,16027465.0,542263420.0,-0.3853
2026-07-30,300002,神州泰岳,881275,游戏,8.27,8.21,-1.21,69070778.0,573560570.0,0.0328
2026-07-30,300003,乐普医疗,881144,医疗器械,12.95,12.88,0.77,30164781.0,391931930.0,0.1561
2026-07-30,300004,南风股份,881118,专用设备,7.86,7.79,-4.58,17788563.0,136386290.0,-0.9363
2026-07-30,300005,探路者,881136,服装家纺,9.31,9.3,-4.94,64791888.0,584056150.0,-2.7815
2026-07-30,300006,莱美药业,881140,化学制药,5.01,4.99,-5.59,34423396.0,166816920.0,-0.026
2026-07-30,300007,汉威科技,881117,通用设备,31.92,31.66,-0.16,10581402.0,339967280.0,-2.1878
2026-07-30,300008,天海防务,881166,军工装备,6.21,6.16,-0.81,43272540.0,268349640.0,-0.0687
2026-07-30,300009,安科生物,881142,生物制品,8.21,8.18,0.24,15246952.0,125800584.0,0.0193
2026-07-30,300010,ST豆神,881178,教育,2.21,2.11,-3.62,78573200.0,168225860.0,-0.0854
2026-07-30,300011,鼎汉技术,881269,轨交设备,5.77,5.8,-1.56,5059962.0,29154119.0,-0.1376
2026-07-30,300012,华测检测,881179,其他社会服务,14.04,13.98,1.85,36676483.0,519609840.0,-0.0954
2026-07-30,300013,新宁物流,881152,物流,3.49,3.48,-3.15,16518203.0,57037562.0,-0.1907
2026-07-30,300014,亿纬锂能,881281,电池,53.22,52.5,1.88,53616465.0,2903992100.0,-1.9581
2026-07-30,300015,爱尔眼科,881175,医疗服务,8.87,8.83,2.37,125082056.0,1135632560.0,0.084
2026-07-30,300016,北陆药业,881140,化学制药,7.82,7.83,-2.69,17979359.0,138515380.0,-0.1048
2026-07-30,300017,网宿科技,881271,IT服务,12.54,12.35,-4.78,126999120.0,1566270400.0,-0.4377
2026-07-30,300018,中元股份,881278,电网设备,11.45,11.43,-4.19,12105998.0,134529690.0,-0.5052
2026-07-30,300019,硅宝科技,881109,化学制品,14.23,14.03,-0.49,6281506.0,89196062.0,-1.1889
2026-07-30,300020,ST银江,881271,IT服务,3.68,3.63,-2.72,16705300.0,61333454.0,0.061
2026-07-30,300021,大禹节水,881101,种植业与林业,3.79,3.78,-0.53,10214600.0,38746773.0,-0.0634
2026-07-30,300022,吉峰科技,881158,零售,7.7,7.67,1.04,6617900.0,51085850.0,-0.071
2026-07-30,300024,机器人,881171,自动化设备,15.15,14.93,-1.06,33971645.0,511587670.0,-0.4158
2026-07-30,300025,华星创业,881162,通信服务,4.29,4.26,-1.4,12291400.0,52488809.0,-0.0995
2026-07-30,300026,红日药业,881141,中药,3.39,3.38,-1.18,47866100.0,161713860.0,0.0645
2026-07-30,300027,ST华谊,881274,影视院线,1.72,1.71,0.0,29060426.0,50330732.0,-0.0154
2026-07-30,300030,阳普医疗,881144,医疗器械,6.22,6.2,-1.61,7048000.0,43809325.0,-0.1004
2026-07-30,300031,宝通科技,881275,游戏,19.08,18.79,-2.1,19913004.0,376401070.0,-1.9448
2026-07-30,300032,金龙机电,881124,消费电子,3.52,3.48,-2.56,23522000.0,82203996.0,-0.153
2026-07-30,300033,同花顺,881272,软件开发,224.0,222.1,0.84,15398595.0,3475930000.0,-2.8197
2026-07-30,300034,钢研高纳,881166,军工装备,15.58,15.41,-0.45,10963856.0,170455010.0,-0.5772
2026-07-30,300035,中科电气,881281,电池,13.83,13.76,1.37,20299108.0,283923290.0,-0.4951
2026-07-30,300036,超图软件,881272,软件开发,11.05,10.97,1.18,15002379.0,169088050.0,-0.2898
2026-07-30,300037,新宙邦,881281,电池,61.72,61.55,-1.07,19617682.0,1201172900.0,-5.1005
2026-07-30,300039,上海凯宝,881141,中药,5.59,5.54,-3.22,79007600.0,448040940.0,0.2326
2026-07-30,300040,九洲集团,881145,电力,6.33,6.33,-6.0,72714917.0,447321340.0,0.0476
2026-07-30,300041,回天新材,881109,化学制品,10.22,10.11,-1.76,19485766.0,196469840.0,-1.1176
2026-07-30,300042,朗科科技,881130,计算机设备,39.82,40.0,-3.74,15897090.0,617946710.0,-6.9734
2026-07-30,300043,星辉娱乐,881275,游戏,4.68,4.6,-3.85,64016214.0,295940250.0,-0.0577
2026-07-30,300044,*ST赛为,881271,IT服务,5.19,5.14,-3.08,13323240.0,68090196.0,-0.1209
2026-07-30,300045,华力创通,881276,军工电子,12.5,12.38,-2.56,18926581.0,234018490.0,-1.5019
2026-07-30,300046,台基股份,881121,半导体,22.94,22.75,-3.62,5582497.0,124951209.0,-2.4181
2026-07-30,300047,天源迪科,881272,软件开发,9.58,9.5,1.15,25496328.0,248746160.0,-0.1152
2026-07-30,300048,合康新能,881116,建筑装饰,5.02,5.0,0.6,10974887.0,55029485.0,-0.0373
2026-07-30,300049,福瑞医科,881144,医疗器械,45.01,44.86,-3.49,6446040.0,286266260.0,0.2448
2026-07-30,300050,世纪鼎利,881162,通信服务,5.42,5.39,-5.72,20475700.0,106803482.0,-0.2797
2026-07-30,300051,琏升科技,881279,光伏设备,7.25,7.32,0.28,16338589.0,118993011.0,-0.6943
2026-07-30,300052,中青宝,881275,游戏,9.5,9.36,0.32,20039902.0,195174940.0,-0.8377
2026-07-30,300053,航宇微,881121,半导体,12.05,11.94,-2.07,16321298.0,194890580.0,-1.1766
2026-07-30,300054,鼎龙股份,881172,电子化学品,69.6,69.6,-5.85,43110875.0,2874048900.0,-4.2715
2026-07-30,300055,万邦达,881180,石油加工贸易,5.64,5.63,-1.6,25744887.0,145059670.0,-0.4517
2026-07-30,300056,中创环保,881284,环保设备,7.74,7.8,3.88,16533750.0,132170297.0,-0.2436
2026-07-30,300057,万顺新材,881168,工业金属,6.18,6.14,-3.88,35500279.0,214992750.0,-0.6732
2026-07-30,300058,蓝色光标,881164,文化传媒,11.78,11.61,1.53,352350990.0,4310683700.0,-0.7234
2026-07-30,300059,东方财富,881157,证券,19.9,19.8,0.45,300638830.0,6035016600.0,-0.044
2026-07-30,300061,旗天科技,881164,文化传媒,6.15,6.1,-0.98,19494500.0,120472527.0,-0.4118
2026-07-30,300062,中能电气,881278,电网设备,6.74,6.68,-5.34,62351240.0,410382140.0,0.1469
2026-07-30,300063,天龙集团,881164,文化传媒,7.87,7.82,-1.4,50331199.0,402323000.0,-0.4028
2026-07-30,300065,海兰信,881166,军工装备,15.34,15.25,-6.06,40516442.0,601237770.0,-1.807
2026-07-30,300066,三川智慧,881117,通用设备,4.96,4.93,-1.81,13570188.0,66558368.0,-0.2633
2026-07-30,300067,安诺其,881109,化学制品,5.89,5.6,-8.66,125303032.0,688540030.0,-0.0573
2026-07-30,300068,ST南都,881281,电池,4.17,4.15,-3.12,46122473.0,190017620.0,-0.0849
2026-07-30,300069,金利华电,881278,电网设备,26.26,25.9,-9.22,9014800.0,222607720.0,-2.4013
2026-07-30,300070,碧水源,881181,环境治理,3.52,3.51,1.14,39061853.0,138559990.0,0.0221
2026-07-30,300071,福石控股,881164,文化传媒,4.0,3.95,6.75,165402600.0,703246380.0,-0.0042
2026-07-30,300072,海新能科,881109,化学制品,3.48,3.47,-1.44,23681022.0,82312345.0,-0.0396
2026-07-30,300073,当升科技,881281,电池,41.56,41.2,0.38,13566645.0,565549620.0,-2.1902
2026-07-30,300074,华平股份,881272,软件开发,3.45,3.44,-2.32,19074200.0,65622535.0,-0.0935
2026-07-30,300075,数字政通,881272,软件开发,10.95,10.87,0.37,12307125.0,136494160.0,-0.1055
2026-07-30,300076,*ST宁视,881122,光学光电子,4.17,4.15,0.0,3859900.0,16104532.0,-0.107
2026-07-30,300077,国民技术,881121,半导体,16.75,16.53,-5.43,38787266.0,626718490.0,-2.5028
2026-07-30,300078,思创智联,881271,IT服务,2.87,2.84,-1.39,28970606.0,83625696.0,-0.0851
2026-07-30,300079,数码视讯,881271,IT服务,4.39,4.37,0.46,28441713.0,125503606.0,-0.0511
2026-07-30,300080,易成新能,881279,光伏设备,3.65,3.62,0.27,17757566.0,65078505.0,-0.0543
2026-07-30,300081,ST恒信,881162,通信服务,2.79,2.8,-1.43,16592100.0,46548050.0,-0.2918
2026-07-30,300082,奥克股份,881108,化学原料,7.58,7.5,-0.66,10021302.0,76705524.0,-0.4596
2026-07-30,300083,创世纪,881117,通用设备,10.91,10.93,-8.89,98136292.0,1003963770.0,-0.3965
2026-07-30,300084,海默科技,881118,专用设备,10.66,10.79,-4.97,12696100.0,130362843.0,-0.4523
2026-07-30,300085,银之杰,881272,软件开发,28.96,29.02,0.62,48687455.0,1419163700.0,-1.4284
2026-07-30,300086,康芝药业,881140,化学制药,6.17,6.12,-0.97,29907173.0,186966950.0,-0.0668
2026-07-30,300087,ST荃银,881101,种植业与林业,5.09,5.07,-1.18,9729393.0,49482051.0,-0.3254
2026-07-30,300088,长信科技,881122,光学光电子,6.76,6.64,-5.18,128645818.0,839552620.0,-0.6474
2026-07-30,300091,*ST金灵,881117,通用设备,2.42,2.45,0.41,7152781.0,17570458.0,-0.0763
2026-07-30,300092,科新机电,881118,专用设备,11.27,11.27,0.27,4731500.0,53572974.0,-0.4165
2026-07-30,300093,金刚光伏,881279,光伏设备,21.17,21.0,-6.42,8358000.0,172317270.0,-0.7129
2026-07-30,300094,国联水产,881102,养殖业,2.7,2.68,0.0,37692300.0,103309588.0,-0.0096
2026-07-30,300095,华伍股份,881118,专用设备,8.09,8.09,-2.84,5417100.0,43146252.0,-0.3106
2026-07-30,300096,ST易联众,881272,软件开发,7.99,7.98,-2.38,2373500.0,18717385.0,-0.3524
2026-07-30,300097,智云股份,881171,自动化设备,7.61,7.54,-6.31,10134200.0,73677457.0,-0.448
2026-07-30,300098,高新兴,881129,通信设备,4.56,4.51,-0.44,45731016.0,208660490.0,-0.1003
2026-07-30,300099,尤洛卡,881118,专用设备,5.82,5.74,-1.37,11168971.0,64552636.0,-0.3125
2026-07-30,300100,双林股份,881126,汽车零部件,21.14,20.96,-0.76,6657591.0,140721650.0,-1.9784
2026-07-30,300101,振芯科技,881276,军工电子,14.26,14.13,-0.84,9786511.0,139261140.0,-0.673
2026-07-30,300102,乾照光电,881122,光学光电子,16.46,16.31,-4.31,23640565.0,378746350.0,-2.0656
2026-07-30,300103,达刚控股,881118,专用设备,6.55,6.5,-2.44,6083456.0,39832854.0,-0.4236
2026-07-30,300105,龙源技术,881284,环保设备,8.46,8.34,-12.06,56523083.0,439353540.0,0.3967
2026-07-30,300106,西部牧业,881133,饮料制造,9.26,8.87,-5.94,28193229.0,250764850.0,-0.6194
2026-07-30,300107,建新股份,881109,化学制品,6.23,6.16,-0.8,13108300.0,81708123.0,0.0158
2026-07-30,300109,新开源,881109,化学制品,12.44,12.35,-3.38,6669500.0,81577007.0,-0.5867
2026-07-30,300110,华仁药业,881140,化学制药,2.7,2.68,-1.48,23748640.0,63811153.0,-0.0043
2026-07-30,300111,向日葵,881140,化学制药,2.78,2.76,-1.8,38957221.0,108513801.0,-0.1031
2026-07-30,300112,万讯自控,881117,通用设备,6.48,6.47,1.54,15146500.0,99099714.0,-0.0531
2026-07-30,300113,顺网科技,881162,通信服务,17.4,17.24,-3.97,28267777.0,483916410.0,-0.7572
2026-07-30,300115,长盈精密,881124,消费电子,26.84,26.6,-0.19,50786124.0,1388090100.0,-1.1465
2026-07-30,300118,东方日升,881279,光伏设备,9.45,9.38,-0.95,33176855.0,314123590.0,-0.8986
2026-07-30,300119,瑞普生物,881102,养殖业,15.98,16.0,4.69,10144724.0,169530940.0,0.1201
2026-07-30,300120,经纬辉开,881122,光学光电子,6.4,6.35,-4.84,30423099.0,188070950.0,-0.7673
2026-07-30,300121,阳谷华泰,881266,橡胶制品,9.16,9.09,-0.22,10482138.0,95747342.0,-0.8994
2026-07-30,300122,智飞生物,881142,生物制品,12.63,12.54,2.14,28538150.0,367872490.0,0.0523
2026-07-30,300123,ST亚光,881276,军工电子,4.09,4.08,-1.22,28579700.0,117308722.0,0.0078
2026-07-30,300124,汇川技术,881171,自动化设备,61.61,61.22,3.08,48441687.0,3068307700.0,-1.9343
2026-07-30,300125,*ST聆达,881145,电力,8.32,8.22,-3.61,3687197.0,29944332.0,-0.3623
2026-07-30,300126,锐奇股份,881117,通用设备,5.62,5.62,0.36,4865000.0,27451844.0,-0.2037
2026-07-30,300127,银河磁体,881114,金属新材料,23.36,23.3,-1.16,3668766.0,85275591.0,-1.418
2026-07-30,300128,锦富技术,881124,消费电子,4.25,4.23,-4.0,34911907.0,144713010.0,-0.5056
2026-07-30,300129,泰胜风能,881280,风电设备,7.61,7.54,-1.45,23904263.0,182517540.0,-0.507
2026-07-30,300130,新国都,881130,计算机设备,18.13,17.99,2.59,17465652.0,325366580.0,-0.7155
2026-07-30,300131,英唐智控,881123,其他电子,13.38,13.15,-10.99,66172076.0,822573070.0,-1.4224
2026-07-30,300132,青松股份,881182,美容护理,6.41,6.4,-3.12,27274200.0,174120660.0,0.0001
2026-07-30,300133,华策影视,881274,影视院线,6.58,6.51,-2.43,54279750.0,354151010.0,-0.2941
2026-07-30,300134,大富科技,881129,通信设备,7.74,7.71,-2.07,9294500.0,71245188.0,-0.4409
2026-07-30,300135,宝利国际,881180,石油加工贸易,3.18,3.2,-0.94,22087300.0,70991714.0,-0.0296
2026-07-30,300136,信维通信,881124,消费电子,61.61,61.05,-8.29,64443510.0,3746121800.0,-10.9866
2026-07-30,300137,先河环保,881284,环保设备,10.98,11.09,-14.85,49439000.0,489320350.0,-1.744
2026-07-30,300138,晨光生物,881103,农产品加工,11.4,11.4,4.56,26569232.0,313374700.0,0.362
2026-07-30,300139,晓程科技,881169,贵金属,39.1,40.0,-7.54,49590107.0,1941487500.0,-0.7517
2026-07-30,300140,节能环境,881181,环境治理,5.57,5.54,0.18,12056280.0,67234454.0,0.0366
2026-07-30,300141,和顺电气,881278,电网设备,10.49,10.42,-5.05,20930400.0,210334130.0,-0.0192
2026-07-30,300142,沃森生物,881142,生物制品,12.19,12.07,-0.08,52371159.0,635607290.0,-0.1109
2026-07-30,300143,盈康生命,881175,医疗服务,7.29,7.26,-2.19,11721748.0,84541485.0,0.0015
2026-07-30,300144,宋城演艺,881160,旅游及酒店,6.13,6.11,1.63,53137325.0,331905230.0,-0.0047
2026-07-30,300145,南方泵业,881117,通用设备,4.15,4.11,-1.93,51376426.0,210497090.0,-0.3679
2026-07-30,300146,汤臣倍健,881134,食品加工制造,10.18,10.1,-0.29,27166771.0,277764990.0,0.1278
2026-07-30,300147,*ST香雪,881141,中药,6.26,6.2,1.92,13402575.0,86603025.0,-0.8192
2026-07-30,300148,天舟文化,881164,文化传媒,3.3,3.27,-0.91,28229856.0,93726887.0,-0.0308
2026-07-30,300149,睿智医药,881175,医疗服务,8.94,8.88,-3.8,29199141.0,256978960.0,0.0193
2026-07-30,300150,世纪瑞尔,881271,IT服务,3.91,3.89,-1.28,6356100.0,24876721.0,-0.0878
2026-07-30,300151,昌红科技,881118,专用设备,13.74,13.63,-4.95,16450800.0,216207290.0,-2.479
2026-07-30,300152,*ST动力,881181,环境治理,1.47,1.45,-2.72,18747200.0,27082792.0,-0.0668
2026-07-30,300153,科泰电源,881282,其他电源设备,19.87,19.74,-3.57,7164114.0,139286990.0,-1.2682
2026-07-30,300154,瑞凌股份,881117,通用设备,7.51,7.45,-4.26,8195000.0,60043586.0,-0.4426
2026-07-30,300155,安居宝,881130,计算机设备,3.9,3.91,-0.51,8974100.0,35205832.0,-0.1127
2026-07-30,300157,新锦动力,881117,通用设备,4.16,4.23,3.37,87666173.0,373517180.0,0.0388
2026-07-30,300158,振东制药,881141,中药,4.98,4.94,-2.41,14857900.0,73315768.0,-0.0287
2026-07-30,300159,新研股份,881118,专用设备,2.84,2.81,-3.17,44245721.0,123386901.0,-0.2139
2026-07-30,300160,秀强股份,881131,白色家电,4.25,4.24,-0.71,5961500.0,25378835.0,-0.0798
2026-07-30,300161,华中数控,881117,通用设备,23.71,23.81,1.01,4243353.0,102490204.0,-2.0017
2026-07-30,300162,雷曼光电,881122,光学光电子,7.25,7.2,-5.1,24618215.0,172810600.0,-1.0284
2026-07-30,300163,先锋新材,881139,家居用品,5.13,5.18,-2.14,35407800.0,181488390.0,-0.3358
2026-07-30,300164,通源石油,881107,油气开采及服务,10.8,11.39,10.56,191063960.0,2205472700.0,0.5851
2026-07-30,300165,天瑞仪器,881117,通用设备,4.82,4.82,-3.73,16590100.0,77785995.0,-0.2833
2026-07-30,300166,东方国信,881271,IT服务,12.55,12.37,-4.3,43220317.0,528416550.0,-1.1302
2026-07-30,300167,ST迪威迅,881271,IT服务,3.88,3.89,-1.8,6376900.0,25062692.0,-0.2578
2026-07-30,300168,万达信息,881271,IT服务,4.8,4.77,-0.83,23433992.0,113389596.0,-0.0312
2026-07-30,300169,天晟新材,881109,化学制品,5.38,5.17,1.67,58633917.0,312961240.0,-0.0587
2026-07-30,300170,汉得信息,881271,IT服务,14.51,14.55,3.86,80134518.0,1213413160.0,-0.6017
2026-07-30,300171,东富龙,881144,医疗器械,12.17,12.12,-0.58,11475317.0,138951290.0,0.1195
2026-07-30,300172,中电环保,881181,环境治理,4.4,4.36,-0.68,13108530.0,57525962.0,-0.0238
2026-07-30,300173,ST福能,881281,电池,3.09,3.08,-1.62,6358100.0,19494055.0,-0.118
2026-07-30,300174,元力股份,881109,化学制品,17.76,17.65,-4.11,18721100.0,322438370.0,-2.3082
2026-07-30,300175,朗源股份,881103,农产品加工,5.66,5.66,-1.06,9354800.0,53375577.0,0.0535
2026-07-30,300176,鸿特科技,881126,汽车零部件,4.97,4.97,-0.4,7993330.0,39778247.0,-0.1148
2026-07-30,300177,中海达,881276,军工电子,6.02,5.96,0.0,8626900.0,52238165.0,-0.2013
2026-07-30,300179,四方达,881117,通用设备,32.37,32.12,-9.42,35624292.0,1070093750.0,-4.3832
2026-07-30,300180,华峰超纤,881265,塑料制品,4.25,4.21,1.65,37389490.0,161666160.0,-0.0428
2026-07-30,300181,佐力药业,881141,中药,14.23,14.2,1.05,25877124.0,374919170.0,0.1022
2026-07-30,300182,捷成股份,881274,影视院线,4.66,4.62,-1.07,80523002.0,377096080.0,-0.1695
2026-07-30,300183,东软载波,881129,通信设备,10.22,10.12,-1.96,5265235.0,53194696.0,-0.2278
2026-07-30,300184,力源信息,881123,其他电子,11.58,11.4,-4.15,61454667.0,690957050.0,-1.2261
2026-07-30,300185,通裕重工,881280,风电设备,2.82,2.8,-0.71,75268332.0,212170700.0,-0.0095
2026-07-30,300187,永清环保,881181,环境治理,4.56,4.53,-1.54,10141800.0,46046385.0,-0.2165
2026-07-30,300188,国投智能,881272,软件开发,10.47,10.29,0.19,13196700.0,138783960.0,-0.0036
2026-07-30,300189,神农种业,881101,种植业与林业,4.38,4.36,-2.05,82386838.0,363020060.0,-0.1059
2026-07-30,300190,维尔利,881181,环境治理,3.63,3.61,-1.65,11215544.0,40231611.0,-0.1437
2026-07-30,300191,潜能恒信,881107,油气开采及服务,27.87,28.79,7.1,27476987.0,800665870.0,-0.0842
2026-07-30,300192,科德教育,881178,教育,10.91,11.01,4.86,24655341.0,279255060.0,-0.3404
2026-07-30,300193,佳士科技,881117,通用设备,7.42,7.38,-1.35,4606950.0,33945055.0,-0.1276
2026-07-30,300194,福安药业,881140,化学制药,3.7,3.68,-0.54,15678524.0,58094486.0,0.0105
2026-07-30,300195,长荣股份,881118,专用设备,4.99,4.98,-2.0,12223200.0,60648571.0,-0.2441
2026-07-30,300196,长海股份,881115,建筑材料,15.92,15.81,-1.88,19385810.0,307310070.0,-2.4324
2026-07-30,300197,节能铁汉,881181,环境治理,1.8,1.78,-2.78,107533650.0,191665950.0,-0.0757
2026-07-30,300198,*ST纳川,881115,建筑材料,2.07,2.06,-1.93,5417300.0,11135034.0,-0.0626
2026-07-30,300199,翰宇药业,881140,化学制药,20.64,20.6,-2.13,36542926.0,755945780.0,-0.6955
2026-07-30,300200,高盟新材,881109,化学制品,8.14,8.03,-0.74,7849960.0,63451815.0,-0.5794
2026-07-30,300201,海伦哲,881268,工程机械,13.82,13.8,-5.5,31190503.0,413713760.0,-1.1654
2026-07-30,300203,聚光科技,881117,通用设备,11.81,11.78,-1.52,5646800.0,66207177.0,-0.4321
2026-07-30,300204,舒泰神,881140,化学制药,22.35,22.01,-6.31,27859900.0,606253960.0,-0.3291
2026-07-30,300205,*ST天喻,881129,通信设备,5.03,5.02,-3.58,2101100.0,10357010.0,-0.0786
2026-07-30,300206,理邦仪器,881144,医疗器械,11.53,11.67,-0.43,5090025.0,59148630.0,-0.3954
2026-07-30,300207,欣旺达,881281,电池,19.11,18.8,-0.63,77227288.0,1462706300.0,-0.3706
2026-07-30,300209,行云科技,881177,互联网电商,28.5,29.6,-8.42,103749370.0,2816628800.0,0.0401
2026-07-30,300210,森远股份,881118,专用设备,8.62,8.62,-3.25,13665960.0,116486568.0,-0.2301
2026-07-30,300211,*ST亿通,881117,通用设备,6.43,6.37,0.62,2481258.0,16108343.0,-0.3967
2026-07-30,300212,*ST易录,881271,IT服务,7.83,7.77,3.45,17520600.0,140693830.0,-0.3945
2026-07-30,300213,佳讯飞鸿,881129,通信设备,5.99,5.96,-1.17,14463680.0,86892481.0,-0.2093
2026-07-30,300214,日科化学,881109,化学制品,13.5,13.4,-7.78,58260902.0,736043490.0,1.0718
2026-07-30,300215,电科院,881179,其他社会服务,6.05,6.01,-1.82,11090927.0,66903430.0,-0.2734
2026-07-30,300217,东方电热,881131,白色家电,4.44,4.44,-1.8,31984900.0,141332790.0,-0.097
2026-07-30,300218,安利股份,881265,塑料制品,11.65,11.65,0.0,2333500.0,27394953.0,-0.369
2026-07-30,300219,鸿利智汇,881122,光学光电子,6.48,6.4,-1.54,16441448.0,105382989.0,-0.6082
2026-07-30,300220,金运激光,881171,自动化设备,9.77,9.81,-0.92,3721300.0,36541000.0,-0.4583
2026-07-30,300221,银禧科技,881265,塑料制品,10.96,10.88,-5.29,23256900.0,247277040.0,-1.2561
2026-07-30,300222,科大智能,881278,电网设备,9.34,9.23,-2.57,25396541.0,232876940.0,-1.054
2026-07-30,300223,北京君正,881121,半导体,124.56,124.56,-0.72,55904291.0,6949241300.0,-18.254
2026-07-30,300224,正海磁材,881114,金属新材料,11.04,10.95,-0.09,10991193.0,121414950.0,-0.5752
2026-07-30,300225,金力泰,881109,化学制品,6.45,6.45,-4.19,12086600.0,75324928.0,-0.4342
2026-07-30,300226,上海钢联,881272,软件开发,15.58,15.42,2.7,11828306.0,188542170.0,-0.3386
2026-07-30,300227,光韵达,881171,自动化设备,8.45,8.45,4.62,25983400.0,229656880.0,-0.6577
2026-07-30,300228,富瑞特装,881117,通用设备,7.12,7.08,-1.83,13600443.0,96022925.0,-0.2339
2026-07-30,300229,拓尔思,881272,软件开发,12.85,12.77,0.86,28883001.0,381089990.0,-0.6004
2026-07-30,300230,永利股份,881265,塑料制品,4.16,4.16,-0.24,8176200.0,33939351.0,-0.0673
2026-07-30,300231,银信科技,881271,IT服务,8.23,8.21,-3.52,23357227.0,190285240.0,-0.1161
2026-07-30,300232,洲明科技,881122,光学光电子,5.03,5.01,-1.59,14708300.0,73741166.0,-0.1967
2026-07-30,300233,金城医药,881140,化学制药,12.82,12.7,-1.33,8727515.0,111163260.0,-0.1573
2026-07-30,300234,开尔新材,881115,建筑材料,7.99,8.0,-1.88,19982487.0,160177050.0,-0.7043
2026-07-30,300235,方直科技,881272,软件开发,10.53,10.47,-0.38,5972400.0,63341783.0,-0.7083
2026-07-30,300236,上海新阳,881172,电子化学品,86.68,85.14,-5.83,12111812.0,1002020370.0,-6.7551
2026-07-30,300237,ST美晨,881126,汽车零部件,1.92,1.91,-3.12,17593000.0,33192115.0,-0.0285
2026-07-30,300238,冠昊生物,881144,医疗器械,10.91,10.82,-3.76,5915800.0,63301990.0,-0.2865
2026-07-30,300239,东宝生物,881142,生物制品,4.72,4.69,-0.42,7009600.0,32985535.0,-0.1516
2026-07-30,300240,飞力达,881152,物流,5.3,5.29,-0.19,6432900.0,34109315.0,-0.0782
2026-07-30,300241,瑞丰光电,881122,光学光电子,5.29,5.22,-3.59,22974300.0,118834507.0,-0.4142
2026-07-30,300242,佳云科技,881164,文化传媒,4.35,4.55,5.29,78333806.0,372098680.0,-0.094
2026-07-30,300243,瑞丰高材,881265,塑料制品,13.24,13.1,-7.1,16807187.0,211376750.0,-1.6231
2026-07-30,300244,迪安诊断,881175,医疗服务,16.79,16.78,-2.92,23144424.0,383246560.0,-0.7029
2026-07-30,300245,ST天玑,881271,IT服务,5.4,5.33,-0.56,7390400.0,39820086.0,-0.1853
2026-07-30,300246,宝莱特,881144,医疗器械,18.53,18.35,-5.83,17252750.0,311081490.0,0.4335
2026-07-30,300247,融捷健康,881173,小家电,3.8,3.78,-1.32,8628500.0,32544622.0,-0.0477
2026-07-30,300248,新开普,881271,IT服务,7.89,7.83,-0.63,10602035.0,84496303.0,-0.1063
2026-07-30,300249,依米康,881130,计算机设备,11.73,11.59,-5.54,15961152.0,180503230.0,-1.1473
2026-07-30,300250,初灵信息,881271,IT服务,15.11,14.87,-1.26,21109839.0,322933720.0,-0.2385
2026-07-30,300251,光线传媒,881274,影视院线,11.45,11.35,-1.48,43740228.0,498801140.0,-0.1699
2026-07-30,300252,金信诺,881276,军工电子,10.82,10.77,-4.07,22263806.0,234704950.0,-1.4117
2026-07-30,300253,卫宁健康,881272,软件开发,6.98,6.95,0.0,57155316.0,403615910.0,-0.0958
2026-07-30,300254,仟源医药,881140,化学制药,7.68,7.7,-1.82,10933980.0,83583072.0,-0.4634
2026-07-30,300255,常山药业,881140,化学制药,24.96,24.96,-3.41,36355535.0,901553360.0,-1.0784
2026-07-30,300256,星星科技,881128,汽车服务及其他,2.57,2.6,-0.39,24099400.0,62204016.0,-0.0649
2026-07-30,300257,开山股份,881117,通用设备,17.79,17.77,-5.0,12585332.0,217753650.0,-2.7484
2026-07-30,300258,精锻科技,881126,汽车零部件,9.7,9.64,-1.34,7107400.0,68870266.0,-0.5795
2026-07-30,300259,新天科技,881117,通用设备,3.96,3.91,-3.28,32416505.0,125836727.0,-0.4441
2026-07-30,300260,新莱应材,881138,包装印刷,49.5,47.02,-11.07,36661106.0,1680049600.0,-7.8664
2026-07-30,300261,雅本化学,881263,农化制品,5.31,5.22,-2.07,49801282.0,270052810.0,0.116
2026-07-30,300263,隆华科技,881117,通用设备,8.69,8.6,-4.83,51157765.0,430186220.0,-1.4807
2026-07-30,300264,佳创视讯,881271,IT服务,6.17,6.14,-5.02,20109560.0,121377288.0,-0.6353
2026-07-30,300265,通光线缆,881278,电网设备,13.15,12.97,-5.7,22551605.0,286111420.0,-1.7941
2026-07-30,300266,兴源环境,881181,环境治理,1.8,1.79,-1.11,21626487.0,39171897.0,-0.0437
2026-07-30,300267,尔康制药,881140,化学制药,3.02,3.02,-2.98,39478502.0,117678784.0,-0.1493
2026-07-30,300268,佳沃食品,881103,农产品加工,10.63,10.54,-3.48,2838400.0,29690679.0,-0.3568
2026-07-30,300269,联建光电,881122,光学光电子,4.45,4.39,-4.04,23394800.0,102354974.0,-0.2459
2026-07-30,300270,中威电子,881130,计算机设备,10.35,10.28,-10.24,20566100.0,201263840.0,-0.7317
2026-07-30,300271,华宇软件,881272,软件开发,5.25,5.2,0.57,17307225.0,92063918.0,-0.0129
2026-07-30,300272,开能健康,881173,小家电,5.45,5.53,0.55,8010700.0,44143063.0,-0.0906
2026-07-30,300274,阳光电源,881279,光伏设备,106.55,104.74,-2.67,52640078.0,5489918200.0,-8.6464
2026-07-30,300275,梅安森,881118,专用设备,8.02,8.0,-0.87,5455000.0,43825445.0,-0.223
2026-07-30,300276,三丰智能,881171,自动化设备,6.46,6.38,-1.39,22239137.0,142614820.0,-0.3172
2026-07-30,300277,汽轮科技,881282,其他电源设备,11.59,11.46,-3.19,16034569.0,182610200.0,-0.9104
2026-07-30,300278,华昌达,881171,自动化设备,3.63,3.6,-1.1,18546200.0,67116095.0,-0.1674
2026-07-30,300279,和晶科技,881131,白色家电,5.29,5.24,-3.21,12564800.0,65344519.0,-0.3613
2026-07-30,300281,金明精机,881118,专用设备,5.62,5.62,-1.96,8346700.0,46946776.0,-0.3439
2026-07-30,300283,温州宏丰,881278,电网设备,13.07,13.11,-5.59,30073100.0,377657900.0,-1.6221
2026-07-30,300284,苏交科,881116,建筑装饰,5.46,5.45,1.47,16248268.0,89764581.0,-0.016
2026-07-30,300285,国瓷材料,881172,电子化学品,59.12,60.18,3.65,185049210.0,11162615000.0,-4.6633
2026-07-30,300286,安科瑞,881278,电网设备,19.68,19.65,-1.42,4824899.0,94415168.0,-1.5454
2026-07-30,300287,飞利信,881271,IT服务,3.6,3.57,-2.22,37512366.0,134409730.0,-0.047
2026-07-30,300288,朗玛信息,881271,IT服务,9.45,9.48,0.74,5594089.0,53629806.0,-0.0671
2026-07-30,300289,利德曼,881144,医疗器械,5.55,5.51,-1.44,5750554.0,31875959.0,-0.0867
2026-07-30,300290,ST荣科,881271,IT服务,4.62,4.63,9.09,73552883.0,369977970.0,-0.9354
2026-07-30,300291,百纳千成,881274,影视院线,5.05,4.93,-5.15,67157100.0,333608840.0,-0.1315
2026-07-30,300292,吴通控股,881162,通信服务,4.12,4.08,-2.43,53124870.0,215623770.0,-0.3649
2026-07-30,300293,蓝英装备,881118,专用设备,15.08,14.81,2.52,18609587.0,285103370.0,-0.8425
2026-07-30,300294,博雅生物,881142,生物制品,15.3,15.22,1.7,6219210.0,96257596.0,-0.0935
2026-07-30,300295,*ST三六五,881164,文化传媒,11.37,11.38,1.67,6561686.0,76990767.0,0.0675
2026-07-30,300296,利亚德,881122,光学光电子,5.25,5.2,-0.38,42043299.0,220161370.0,-0.2132
2026-07-30,300298,三诺生物,881144,医疗器械,15.89,15.89,1.2,6744234.0,108320386.0,0.2439
2026-07-30,300299,富春股份,881275,游戏,5.17,5.11,-1.74,37275516.0,193830960.0,-0.0194
2026-07-30,300300,海峡创新,881271,IT服务,7.2,7.2,-2.08,42242412.0,302873300.0,-0.3781
2026-07-30,300301,ST长方,881122,光学光电子,3.39,3.38,-1.47,5314500.0,17754021.0,-0.047
2026-07-30,300302,同有科技,881130,计算机设备,27.3,27.04,-3.63,26055811.0,696664770.0,-5.0906
2026-07-30,300303,聚飞光电,881122,光学光电子,7.06,6.97,-2.69,45324943.0,312838260.0,-0.6727
2026-07-30,300304,云意电气,881126,汽车零部件,10.48,10.38,-5.25,22259800.0,225510910.0,-1.4947
2026-07-30,300305,裕兴股份,881265,塑料制品,5.07,5.01,-2.56,8295200.0,41801330.0,-0.385
2026-07-30,300306,远方信息,881117,通用设备,9.15,9.07,-0.66,3297100.0,30254724.0,-0.3002
2026-07-30,300307,慈星股份,881118,专用设备,6.44,6.37,-0.31,12435900.0,80389410.0,-0.2564
2026-07-30,300308,中际旭创,881129,通信设备,951.0,919.01,-9.15,69370223.0,59772685000.0,-60.0552
2026-07-30,300310,宜通世纪,881162,通信服务,4.23,4.2,-0.95,24751900.0,105010515.0,-0.1195
2026-07-30,300311,ST任子行,881272,软件开发,5.19,5.17,1.16,10336900.0,53887839.0,-0.03
2026-07-30,300313,天山生物,881102,养殖业,7.82,7.78,-3.07,5903376.0,45869538.0,-0.2129
2026-07-30,300314,戴维医疗,881144,医疗器械,9.67,9.58,-0.62,3409100.0,33035450.0,-0.0839
2026-07-30,300315,掌趣科技,881275,游戏,4.18,4.15,0.24,119438151.0,507870300.0,-0.0092
2026-07-30,300316,晶盛机电,881279,光伏设备,38.43,38.01,-2.71,19200115.0,725397770.0,-3.4607
2026-07-30,300317,珈伟新能,881145,电力,4.8,4.73,-7.29,136995970.0,626832520.0,0.0832
2026-07-30,300318,博晖创新,881142,生物制品,4.68,4.68,-1.07,7500200.0,35147342.0,-0.0
2026-07-30,300319,麦捷科技,881270,元件,14.88,14.7,-7.73,109018661.0,1535326300.0,-2.325
2026-07-30,300320,海达股份,881266,橡胶制品,8.07,8.07,-0.74,5485582.0,44133981.0,-0.2701
2026-07-30,300321,同大股份,881265,塑料制品,30.2,30.59,-9.34,4464700.0,126912551.0,-5.0749
2026-07-30,300322,硕贝德,881124,消费电子,16.46,16.38,-6.8,19804011.0,311031320.0,-2.6601
2026-07-30,300323,华灿光电,881122,光学光电子,10.78,10.64,-7.33,71969532.0,737795830.0,-1.6358
2026-07-30,300324,旋极信息,881130,计算机设备,3.6,3.57,-1.94,33857374.0,121493094.0,-0.1357
2026-07-30,300326,ST凯利,881144,医疗器械,5.63,5.58,0.0,4381297.0,24587845.0,-0.1792
2026-07-30,300327,中颖电子,881121,半导体,21.85,21.52,-3.98,10913225.0,231144770.0,-2.1303
2026-07-30,300328,宜安科技,881170,小金属,12.33,12.19,1.38,62488655.0,774650070.0,-1.2173
2026-07-30,300329,海伦钢琴,881139,家居用品,10.86,10.75,-0.09,2533200.0,27681974.0,-0.3516
2026-07-30,300331,苏大维格,881122,光学光电子,38.91,38.34,-7.53,18072796.0,669294900.0,-6.5591
2026-07-30,300332,天壕能源,881146,燃气,4.61,4.6,0.0,26265002.0,122129594.0,-0.0592
2026-07-30,300333,兆日科技,881130,计算机设备,,,,,,
2026-07-30,300334,津膜科技,881265,塑料制品,7.64,7.58,-3.4,9364200.0,70067384.0,-0.6703
2026-07-30,300335,迪森股份,881145,电力,5.32,5.28,-4.14,21911500.0,114197242.0,0.0047
2026-07-30,300337,银邦股份,881168,工业金属,9.26,9.26,-1.51,14619200.0,134911600.0,-0.7345
2026-07-30,300338,*ST开元,881178,教育,2.8,2.73,-3.57,7529400.0,20706987.0,-0.0873
2026-07-30,300339,润和软件,881271,IT服务,35.78,35.54,-1.2,25439062.0,917014770.0,-1.1975
2026-07-30,300340,科恒股份,881281,电池,8.24,8.16,-0.97,8049420.0,66672685.0,-0.2871
2026-07-30,300341,麦克奥迪,881144,医疗器械,12.54,12.4,3.27,12388300.0,162510870.0,-0.3898
2026-07-30,300342,天银机电,881131,白色家电,31.05,30.87,-5.83,14810710.0,441200890.0,-4.3556
2026-07-30,300343,联创股份,881109,化学制品,5.82,5.76,-2.92,19303600.0,110687202.0,-0.1142
2026-07-30,300345,华民股份,881279,光伏设备,5.35,5.46,-6.54,36927400.0,192087860.0,-0.3407
2026-07-30,300346,南大光电,881172,电子化学品,51.31,50.99,-7.21,56361128.0,2752550600.0,-5.2728
2026-07-30,300347,泰格医药,881175,医疗服务,50.78,50.3,-3.45,18720304.0,931680740.0,1.2336
2026-07-30,300348,长亮科技,881272,软件开发,9.19,9.14,2.07,27115124.0,255746920.0,-0.0851
2026-07-30,300349,金卡智能,881117,通用设备,10.03,9.96,-1.0,5942100.0,59545878.0,-0.4571
2026-07-30,300350,华鹏飞,881152,物流,4.12,4.08,-0.73,17500800.0,72164642.0,-0.058
2026-07-30,300351,永贵电器,881269,轨交设备,13.66,13.59,-2.93,9008532.0,121108275.0,-1.0209
2026-07-30,300352,ST信源,881272,软件开发,2.32,2.29,-3.88,29414500.0,67654711.0,-0.171
2026-07-30,300353,东土科技,881129,通信设备,17.47,17.34,-4.92,13367056.0,229232640.0,-1.0581
2026-07-30,300354,东华测试,881117,通用设备,28.49,28.07,-2.91,1819600.0,50765224.0,-1.7499
2026-07-30,300355,蒙草生态,881181,环境治理,2.9,2.88,-1.38,29500138.0,85497507.0,-0.0209
2026-07-30,300357,我武生物,881142,生物制品,23.78,23.65,-0.63,6389219.0,151804870.0,0.1774
2026-07-30,300358,楚天科技,881144,医疗器械,8.26,8.19,-0.48,28889423.0,237613950.0,-0.0204
2026-07-30,300359,全通教育,881178,教育,4.43,4.15,3.84,85882676.0,374637020.0,0.0644
2026-07-30,300360,炬华科技,881278,电网设备,12.27,12.17,0.41,6479840.0,79809436.0,-0.0688
2026-07-30,300363,博腾股份,881175,医疗服务,15.63,15.56,-4.22,17705810.0,269339030.0,-0.2076
2026-07-30,300364,中文在线,881164,文化传媒,21.34,21.45,-3.05,39138976.0,830767840.0,-1.0605
2026-07-30,300365,恒华科技,881272,软件开发,4.68,4.69,-1.5,12381000.0,57758101.0,-0.0717
2026-07-30,300366,ST创意,881272,软件开发,4.35,4.33,-2.07,6731000.0,29117199.0,-0.1791
2026-07-30,300368,汇金股份,881130,计算机设备,9.19,9.07,-1.85,51516200.0,473674390.0,0.071
2026-07-30,300369,绿盟科技,881272,软件开发,6.77,6.63,-3.1,89787786.0,608022390.0,0.1211
2026-07-30,300370,安控科技,881117,通用设备,2.08,2.06,-1.92,21943100.0,45454840.0,-0.0389
2026-07-30,300371,汇中股份,881117,通用设备,9.38,9.33,0.21,2375240.0,22302296.0,-0.3564
2026-07-30,300373,扬杰科技,881121,半导体,87.6,86.01,-6.47,16263345.0,1358027000.0,-8.9714
2026-07-30,300374,中铁装配,881115,建筑材料,10.78,10.62,0.93,4452700.0,48544576.0,-0.1262
2026-07-30,300375,鹏翎股份,881126,汽车零部件,3.86,3.82,-1.81,8269700.0,31681923.0,-0.1309
2026-07-30,300376,易事特,881282,其他电源设备,4.58,4.53,0.22,23812598.0,109413362.0,-0.2424
2026-07-30,300377,赢时胜,881272,软件开发,13.66,13.51,0.07,41292799.0,572558470.0,-0.4987
2026-07-30,300378,鼎捷数智,881272,软件开发,27.91,27.81,3.4,16507701.0,481888190.0,-2.1864
2026-07-30,300380,安硕信息,881272,软件开发,28.32,28.45,3.35,4878104.0,143068070.0,-0.8217
2026-07-30,300381,溢多利,881140,化学制药,5.64,5.62,-0.18,7670461.0,43400539.0,-0.1169
2026-07-30,300382,斯莱克,881118,专用设备,13.31,13.19,-9.32,31417823.0,394862330.0,-1.5297
2026-07-30,300383,光环新网,881162,通信服务,13.25,13.1,-2.94,73212227.0,961608450.0,-0.0902
2026-07-30,300384,三联虹普,881116,建筑装饰,11.99,11.95,1.42,3872273.0,46779092.0,-0.0605
2026-07-30,300385,ST雪浪,881284,环保设备,10.23,10.15,-1.37,6406300.0,66140995.0,-0.6351
2026-07-30,300386,飞天诚信,881130,计算机设备,9.97,9.9,-0.6,6617300.0,66428744.0,-0.3032
2026-07-30,300387,富邦科技,881263,农化制品,6.88,6.88,0.87,6159170.0,42835944.0,-0.1425
2026-07-30,300388,节能国祯,881181,环境治理,6.8,6.79,0.15,4517240.0,30781890.0,-0.058
2026-07-30,300389,艾比森,881122,光学光电子,12.02,11.91,-2.66,5257700.0,62142860.0,-0.3911
2026-07-30,300390,天华新能,881281,电池,56.9,56.5,-4.6,32562338.0,1797422200.0,-8.2432
2026-07-30,300393,中来股份,881279,光伏设备,5.76,5.73,-1.39,22561124.0,128805219.0,-0.5816
2026-07-30,300394,天孚通信,881129,通信设备,182.09,180.03,-12.08,57897643.0,9547345800.0,-27.6513
2026-07-30,300395,菲利华,881166,军工装备,75.6,74.66,-5.29,19556027.0,1420024100.0,-12.2961
2026-07-30,300396,ST迪瑞,881144,医疗器械,6.43,6.4,0.47,2357400.0,15228222.0,-0.1407
2026-07-30,300397,天和防务,881276,军工电子,10.08,9.96,-2.28,14625685.0,145232250.0,-1.0312
2026-07-30,300398,飞凯材料,881172,电子化学品,32.05,31.94,-3.28,46965447.0,1493739900.0,-4.1522
2026-07-30,300399,天利科技,881271,IT服务,16.33,16.29,2.76,6794065.0,114667460.0,-0.8805
2026-07-30,300400,劲拓股份,881171,自动化设备,21.24,21.0,-6.21,11819300.0,242654330.0,-3.6871
2026-07-30,300401,花园生物,881140,化学制药,12.48,12.39,-4.65,32879048.0,399460280.0,-1.3225
2026-07-30,300402,宝色股份,881117,通用设备,14.04,14.04,0.36,3521707.0,49771745.0,-0.4619
2026-07-30,300403,汉宇集团,881131,白色家电,8.96,8.87,-1.9,10741500.0,95231344.0,-0.4015
2026-07-30,300404,博济医药,881175,医疗服务,9.47,9.38,-5.28,21759757.0,199318860.0,0.0251
2026-07-30,300405,科隆股份,881109,化学制品,4.95,4.98,-0.81,8648460.0,42870792.0,-0.2221
2026-07-30,300406,九强生物,881144,医疗器械,11.32,11.3,0.53,4024655.0,45841426.0,-0.0609
2026-07-30,300407,凯发电气,881278,电网设备,12.76,13.69,1.1,36535500.0,482800950.0,0.2818
2026-07-30,300408,三环集团,881270,元件,108.89,111.02,-3.3,111275502.0,11769329100.0,-8.5185
2026-07-30,300409,道氏技术,881281,电池,17.44,17.31,0.52,23763018.0,418262810.0,-0.9861
2026-07-30,300410,正业科技,881281,电池,6.92,6.86,-4.05,18409600.0,124384775.0,-1.0055
2026-07-30,300411,金盾股份,881118,专用设备,7.03,6.97,-1.0,8231213.0,57868074.0,-0.2956
2026-07-30,300412,迦南科技,881118,专用设备,3.9,3.89,-1.03,11640670.0,45486526.0,-0.1697
2026-07-30,300413,芒果超媒,881164,文化传媒,15.68,15.65,1.47,20733332.0,331035220.0,-0.0171
2026-07-30,300414,中光防雷,881129,通信设备,11.44,11.01,-6.21,20018408.0,220759280.0,-0.1032
2026-07-30,300415,伊之密,881118,专用设备,20.15,20.02,1.09,6062092.0,123652076.0,-0.29
2026-07-30,300416,苏试试验,881179,其他社会服务,14.48,14.38,-2.62,18238737.0,260569980.0,-1.245
2026-07-30,300417,南华仪器,881117,通用设备,9.83,9.76,-2.44,4333970.0,42240263.0,-0.4845
2026-07-30,300418,昆仑万维,881275,游戏,36.83,36.8,-2.25,64395390.0,2406428300.0,-1.8474
2026-07-30,300419,ST浩丰,881271,IT服务,7.69,7.77,-7.41,14070420.0,103579058.0,0.1389
2026-07-30,300420,五洋自控,881117,通用设备,6.03,5.9,-11.77,109995258.0,608334440.0,-0.407
2026-07-30,300421,力星股份,881117,通用设备,16.25,16.25,-3.32,5855585.0,93540993.0,-1.1811
2026-07-30,300422,博世科,881181,环境治理,4.23,4.21,-0.95,12263920.0,52170622.0,-0.1524
2026-07-30,300423,昇辉科技,881278,电网设备,5.55,5.5,-1.44,9842200.0,54535694.0,-0.1435
2026-07-30,300424,航新科技,881166,军工装备,13.73,13.65,-1.82,9339200.0,128147134.0,-0.922
2026-07-30,300425,中建环能,881181,环境治理,3.89,3.88,-1.03,11707787.0,45562341.0,-0.0551
2026-07-30,300426,华智数媒,881274,影视院线,5.3,5.23,-0.57,14911500.0,79721389.0,-0.1025
2026-07-30,300427,红相股份,881278,电网设备,6.8,6.8,-6.76,79669794.0,523210840.0,-0.1994
2026-07-30,300428,立中集团,881126,汽车零部件,18.86,18.63,-0.21,7101515.0,133643984.0,-0.036
2026-07-30,300429,强力新材,881172,电子化学品,9.39,9.36,-4.37,25982899.0,237658440.0,-1.6668
2026-07-30,300430,*ST益通,881144,医疗器械,4.33,4.28,-0.69,11903764.0,52329939.0,-0.2327
2026-07-30,300432,富临精工,881126,汽车零部件,15.71,15.56,-0.95,31840890.0,498291360.0,-1.4256
2026-07-30,300433,蓝思科技,881124,消费电子,33.39,32.78,-7.67,122052859.0,3871040800.0,-3.3852
2026-07-30,300434,金石亚药,881140,化学制药,10.1,9.99,-5.35,18547000.0,182294320.0,-0.163
2026-07-30,300435,中泰股份,881118,专用设备,16.53,16.4,-4.72,11477698.0,184651660.0,-1.5158
2026-07-30,300436,广生堂,881140,化学制药,88.83,88.01,-3.47,4483399.0,391812440.0,-3.3386
2026-07-30,300437,清水源,881181,环境治理,10.36,10.3,-0.1,9404000.0,98377628.0,-0.4515
2026-07-30,300438,鹏辉能源,881281,电池,62.1,61.74,-3.85,18406045.0,1119679160.0,-4.2385
2026-07-30,300439,美康生物,881144,医疗器械,8.44,8.45,0.95,3412600.0,29049653.0,-0.0748
2026-07-30,300440,运达科技,881271,IT服务,14.89,14.89,-9.74,14248100.0,198163180.0,-1.3625
2026-07-30,300441,鲍斯股份,881117,通用设备,6.89,6.94,-0.58,19601554.0,138517480.0,0.0909
2026-07-30,300442,润泽科技,881162,通信服务,60.72,60.05,-4.64,29535469.0,1732066800.0,-5.4068
2026-07-30,300443,金雷股份,881280,风电设备,21.26,21.15,0.61,6339389.0,136188500.0,-0.3507
2026-07-30,300444,双杰电气,881278,电网设备,10.56,10.6,-5.11,93902094.0,961404430.0,-0.6867
2026-07-30,300445,康斯特,881117,通用设备,19.0,18.94,-7.32,4290363.0,77806342.0,-1.0218
2026-07-30,300446,航天智造,881126,汽车零部件,13.49,13.46,-0.67,7090916.0,95642014.0,-0.8452
2026-07-30,300447,全信股份,881276,军工电子,12.9,12.89,-1.71,3745400.0,47897519.0,-0.6896
2026-07-30,300448,浩云科技,881271,IT服务,5.18,5.17,-0.39,19842265.0,104224389.0,-0.3469
2026-07-30,300449,汉邦高科,881130,计算机设备,6.58,6.57,-2.13,10289300.0,67410869.0,-0.3359
2026-07-30,300450,先导智能,881281,电池,33.41,33.0,-0.09,41488745.0,1386374400.0,-2.4583
2026-07-30,300451,创业慧康,881272,软件开发,3.39,3.36,-0.88,26831191.0,91455158.0,-0.0421
2026-07-30,300452,山河药辅,881140,化学制药,12.08,12.01,-0.41,2826572.0,34095138.0,-0.0719
2026-07-30,300453,三鑫医疗,881144,医疗器械,9.7,9.69,0.52,8011715.0,77810177.0,0.0538
2026-07-30,300454,深信服,881272,软件开发,103.22,102.82,1.05,16261734.0,1728328900.0,0.416
2026-07-30,300455,航天智装,881130,计算机设备,17.45,17.4,-1.43,6136206.0,106782137.0,-1.3167
2026-07-30,300456,赛微电子,881121,半导体,28.14,27.88,-4.87,25097198.0,679697130.0,-3.6636
2026-07-30,300457,赢合科技,881281,电池,19.55,19.36,4.3,17894689.0,361614720.0,-0.8477
2026-07-30,300458,全志科技,881121,半导体,39.74,38.58,-19.93,150397750.0,5267680600.0,0.2219
2026-07-30,300459,汤姆猫,881275,游戏,3.68,3.64,-0.27,121570720.0,451260920.0,0.0095
2026-07-30,300460,ST惠伦,881270,元件,8.14,8.07,-2.09,4519700.0,36445363.0,-0.4431
2026-07-30,300461,田中精机,881171,自动化设备,28.9,28.85,-6.64,4272800.0,117362075.0,-3.4771
2026-07-30,300462,ST华铭,881130,计算机设备,11.46,11.21,-2.18,1058199.0,11942249.8,-0.0146
2026-07-30,300463,迈克生物,881144,医疗器械,8.92,8.87,0.67,8971600.0,80369662.0,-0.0055
2026-07-30,300464,星徽股份,881177,互联网电商,6.05,6.04,-3.14,17714750.0,105779160.0,-0.451
2026-07-30,300465,高伟达,881272,软件开发,11.81,11.67,2.88,30766524.0,370588440.0,-0.2447
2026-07-30,300466,赛摩智能,881117,通用设备,7.0,6.98,0.29,6326752.0,44609079.0,-0.1803
2026-07-30,300467,迅游科技,881275,游戏,32.97,32.7,-6.7,4393000.0,139519620.0,-0.9707
2026-07-30,300468,四方精创,881272,软件开发,20.81,20.81,5.96,47410851.0,1036092210.0,-0.4505
2026-07-30,300469,信息发展,881272,软件开发,48.17,47.9,6.71,8850708.0,425150580.0,-1.5292
2026-07-30,300470,中密控股,881117,通用设备,29.5,29.47,0.71,1736400.0,51543658.0,-0.1633
2026-07-30,300471,厚普股份,881118,专用设备,9.14,9.1,-0.88,5877400.0,53478908.0,-0.1224
2026-07-30,300472,*ST新元,881118,专用设备,6.29,6.25,3.82,5263500.0,34322578.0,-0.3122
2026-07-30,300473,德尔股份,881126,汽车零部件,20.99,20.95,-3.62,4761000.0,97018691.0,-2.5918
2026-07-30,300474,景嘉微,881276,军工电子,51.88,51.66,0.54,8908587.0,462956220.0,-1.7792
2026-07-30,300475,香农芯创,881123,其他电子,145.5,145.03,-3.21,37160649.0,5257135900.0,-24.8093
2026-07-30,300476,胜宏科技,881270,元件,201.61,198.81,-10.54,48505094.0,9096163000.0,-31.5215
2026-07-30,300477,ST合纵,881278,电网设备,2.8,2.89,-2.86,42975593.0,121297143.0,0.06
2026-07-30,300478,杭州高新,881265,塑料制品,24.07,23.83,-7.4,10399424.0,235927050.0,-3.3626
2026-07-30,300479,神思电子,881130,计算机设备,13.11,13.11,-0.69,5309228.0,70208002.0,-0.3033
2026-07-30,300480,光力科技,881118,专用设备,28.47,28.44,-11.31,29169660.0,766235340.0,-2.6741
2026-07-30,300481,濮阳惠成,881172,电子化学品,13.05,12.96,-2.61,8539445.0,109497696.0,-1.1625
2026-07-30,300482,万孚生物,881144,医疗器械,16.87,16.85,2.13,11516388.0,198140680.0,-0.3164
2026-07-30,300483,首华燃气,881107,油气开采及服务,21.51,21.89,0.09,22470224.0,486866780.0,0.5182
2026-07-30,300484,蓝海华腾,881171,自动化设备,12.33,12.28,-2.35,3806281.0,46473583.0,-0.5679
2026-07-30,300485,赛升药业,881142,生物制品,8.8,8.79,-3.18,8246013.0,71293956.0,-0.1692
2026-07-30,300486,东杰智能,881171,自动化设备,16.29,16.26,-2.95,9207175.0,147609020.0,-1.6794
2026-07-30,300487,蓝晓科技,881265,塑料制品,59.35,58.84,-5.58,10140657.0,576926750.0,-1.147
2026-07-30,300488,恒锋工具,881117,通用设备,28.68,28.47,-6.03,5060200.0,139256500.0,-3.2079
2026-07-30,300489,光智科技,881122,光学光电子,149.67,145.0,-16.08,11293100.0,1497476900.0,-21.5333
2026-07-30,300490,华自科技,881282,其他电源设备,11.4,11.27,-2.54,13729981.0,154250760.0,-0.8076
2026-07-30,300491,通合科技,881282,其他电源设备,25.29,24.94,-11.39,13857650.0,324265370.0,-2.5065
2026-07-30,300492,华图山鼎,881178,教育,24.8,24.41,4.07,13626710.0,344817700.0,-0.8327
2026-07-30,300493,润欣科技,881123,其他电子,12.67,12.45,-3.47,15017557.0,185948690.0,-0.5676
2026-07-30,300494,盛天网络,881275,游戏,8.19,8.12,-0.49,12148160.0,100387662.0,-0.2408
2026-07-30,300496,中科创达,881271,IT服务,59.0,58.1,-3.88,15462399.0,896669550.0,-0.9819
2026-07-30,300497,富祥股份,881140,化学制药,16.97,16.9,-3.95,27752531.0,460636340.0,-0.5742
2026-07-30,300498,温氏股份,881102,养殖业,13.99,14.0,2.36,62630738.0,895460220.0,0.2612
2026-07-30,300499,高澜股份,881118,专用设备,25.8,25.51,-7.75,17456031.0,424922910.0,-3.4855
2026-07-30,300500,启迪设计,881116,建筑装饰,8.51,8.49,-0.82,3754000.0,32069812.0,-0.3762
2026-07-30,300501,海顺新材,881138,包装印刷,9.51,9.51,-5.47,3835055.0,35508363.0,-1.0
2026-07-30,300502,新易盛,881129,通信设备,421.2,410.21,-11.89,96322961.0,36130725000.0,-28.6171
2026-07-30,300503,昊志机电,881117,通用设备,61.88,60.82,-8.29,17908495.0,1044710240.0,-6.5266
2026-07-30,300504,天邑股份,881129,通信设备,13.69,13.65,-5.99,7785800.0,102290635.0,-1.0226
2026-07-30,300505,川金诺,881263,农化制品,18.6,18.2,2.9,40865052.0,799121130.0,-1.2822
2026-07-30,300506,名家汇,881116,建筑装饰,5.2,5.18,-3.65,17773726.0,90658362.0,-0.0754
2026-07-30,300507,苏奥传感,881126,汽车零部件,6.22,6.18,-0.32,8398672.0,52333605.0,-0.3428
2026-07-30,300508,维宏股份,881130,计算机设备,34.14,34.45,-5.98,3037128.0,99687586.0,-4.5191
2026-07-30,300509,新美星,881118,专用设备,7.91,7.87,-0.88,7674716.0,61086058.0,-0.2892
2026-07-30,300510,金冠股份,881278,电网设备,3.43,3.4,-3.79,35044981.0,117718202.0,0.0092
2026-07-30,300511,雪榕生物,881101,种植业与林业,5.06,5.07,-0.4,17296800.0,87949692.0,-0.1987
2026-07-30,300512,中亚股份,881118,专用设备,6.59,6.59,-0.15,3520550.0,23289199.0,-0.22
2026-07-30,300513,恒实科技,881162,通信服务,6.74,6.75,-1.19,6017988.0,40497037.0,-0.2249
2026-07-30,300514,友讯达,881278,电网设备,8.88,8.98,0.45,3497800.0,31233877.0,-0.3044
2026-07-30,300515,三德科技,881117,通用设备,15.37,15.16,-2.41,6883400.0,103724162.0,0.3517
2026-07-30,300516,久之洋,881123,其他电子,27.9,27.9,-2.8,4598225.0,126171508.0,-1.9163
2026-07-30,300517,海波重科,881116,建筑装饰,8.8,8.84,0.91,4274860.0,38111847.0,-0.3714
2026-07-30,300518,新迅达,881177,互联网电商,18.54,18.55,-10.41,10325339.0,178183740.0,-3.1019
2026-07-30,300519,新光药业,881141,中药,13.56,13.5,-3.47,5798000.0,77334415.0,0.035
2026-07-30,300520,科大国创,881272,软件开发,24.15,24.1,-1.16,9317461.0,225394510.0,-1.4181
2026-07-30,300521,爱司凯,881118,专用设备,21.2,21.41,-4.48,3506114.0,71727168.0,-1.4917
2026-07-30,300522,世名科技,881109,化学制品,11.5,11.5,-7.22,18505005.0,204646110.0,-1.8843
2026-07-30,300523,辰安科技,881271,IT服务,19.03,18.99,0.79,3276300.0,63101632.0,-0.2664
2026-07-30,300525,博思软件,881272,软件开发,8.03,8.0,2.62,23962182.0,198115880.0,-0.0756
2026-07-30,300527,ST应急,881166,军工装备,7.27,7.23,1.24,7743225.0,56729436.0,0.0067
2026-07-30,300528,幸福蓝海,881274,影视院线,13.59,13.45,-5.08,22577413.0,300696260.0,-0.3248
2026-07-30,300529,健帆生物,881144,医疗器械,18.04,18.0,2.72,9657255.0,177929980.0,0.3596
2026-07-30,300530,领湃科技,881281,电池,20.38,20.4,-5.79,15726980.0,311687620.0,-0.0639
2026-07-30,300531,优博讯,881130,计算机设备,16.79,16.63,-2.08,14961814.0,249836090.0,0.1238
2026-07-30,300532,今天国际,881271,IT服务,6.82,6.78,-0.29,12026326.0,82052593.0,0.0078
2026-07-30,300533,冰川网络,881275,游戏,14.12,14.0,4.53,20250355.0,306707770.0,-0.6204
2026-07-30,300534,陇神戎发,881141,中药,13.21,13.62,1.21,104460850.0,1479283000.0,1.4741
2026-07-30,300535,达威股份,881109,化学制品,13.12,13.12,0.08,2192700.0,28966295.0,-0.4956
2026-07-30,300536,农尚环境,881271,IT服务,7.88,7.78,-5.71,10436900.0,79350751.0,-0.52
2026-07-30,300537,广信材料,881172,电子化学品,17.64,17.45,-5.78,9770580.0,165848930.0,-3.0573
2026-07-30,300538,同益股份,881265,塑料制品,13.25,13.05,-3.7,5059000.0,65888475.0,-0.9897
2026-07-30,300539,横河精密,881265,塑料制品,17.29,17.37,-4.8,7126220.0,120382450.0,-1.5827
2026-07-30,300540,蜀道装备,881118,专用设备,27.99,27.72,-10.25,15416408.0,399603200.0,-1.6612
2026-07-30,300541,先进数通,881271,IT服务,10.28,10.2,-0.58,11801920.0,122051718.0,-0.0295
2026-07-30,300542,新晨科技,881272,软件开发,11.41,11.41,2.45,9438437.0,110979349.0,-0.1927
2026-07-30,300543,朗科智能,881124,消费电子,7.06,7.08,0.57,6566450.0,46774647.0,-0.2305
2026-07-30,300545,联得装备,881122,光学光电子,27.01,26.51,-5.78,7585866.0,198021800.0,-2.8091
2026-07-30,300546,雄帝科技,881130,计算机设备,16.17,16.21,-3.65,7795370.0,124031748.0,-0.1753
2026-07-30,300547,川环科技,881126,汽车零部件,23.74,23.52,-7.29,11745540.0,262296530.0,-2.9527
2026-07-30,300548,长芯博创,881129,通信设备,145.0,145.0,-12.23,22530812.0,2951212100.0,-26.1903
2026-07-30,300549,优德精密,881118,专用设备,12.83,12.92,-1.17,1896800.0,24296219.0,-0.5153
2026-07-30,300550,和仁科技,881272,软件开发,10.28,10.36,-3.6,6736491.0,68453859.0,-1.0732
2026-07-30,300551,古鳌科技,881130,计算机设备,9.2,9.13,-3.26,12833191.0,116763560.0,-0.4394
2026-07-30,300552,万集科技,881130,计算机设备,20.1,19.97,-1.0,6105720.0,124921372.0,-1.3226
2026-07-30,300553,集智股份,881117,通用设备,37.61,37.26,-10.72,5813031.0,202087310.0,-8.4339
2026-07-30,300554,三超新材,881117,通用设备,18.46,18.61,-1.41,4667570.0,85652581.0,-2.2805
2026-07-30,300555,ST路通,881129,通信设备,11.99,12.0,0.0,837300.0,10156078.0,-0.2858
2026-07-30,300556,丝路视觉,881272,软件开发,14.81,14.78,-1.28,5354436.0,79402347.0,-1.008
2026-07-30,300557,理工光科,881117,通用设备,23.96,23.66,-5.8,3286442.0,75877131.0,-2.0608
2026-07-30,300558,贝达药业,881140,化学制药,58.02,57.83,-3.86,14061434.0,785177930.0,-0.492
2026-07-30,300559,佳发教育,881272,软件开发,10.52,10.42,1.14,10582663.0,112331870.0,-0.1269
2026-07-30,300560,中富通,881162,通信服务,12.55,12.44,-3.43,13860550.0,170518290.0,-1.5827
2026-07-30,300561,汇金科技,881272,软件开发,17.64,17.16,-3.51,27915321.0,488280730.0,0.2842
2026-07-30,300562,乐心医疗,881144,医疗器械,13.35,13.35,-2.47,12029800.0,158656770.0,-0.0635
2026-07-30,300563,神宇股份,881129,通信设备,22.34,22.46,-2.69,4114167.0,91509919.0,-1.687
2026-07-30,300564,筑博设计,881116,建筑装饰,11.25,11.3,-1.33,3312000.0,36755281.0,-0.5203
2026-07-30,300565,科信技术,881129,通信设备,8.88,8.82,-3.15,9128104.0,79857096.0,-0.6606
2026-07-30,300566,激智科技,881122,光学光电子,23.19,22.81,-8.24,19361507.0,421662070.0,-2.1734
2026-07-30,300567,精测电子,881117,通用设备,199.0,196.74,-9.45,13223101.0,2456073200.0,-6.9309
2026-07-30,300568,星源材质,881281,电池,12.81,12.81,2.26,93362292.0,1232292450.0,-1.4822
2026-07-30,300569,天能重工,881280,风电设备,4.86,4.81,-1.03,12359800.0,59921716.0,-0.0505
2026-07-30,300570,太辰光,881129,通信设备,120.0,120.3,-11.73,20074010.0,2196362000.0,-24.4276
2026-07-30,300571,平治信息,881162,通信服务,30.17,29.94,-7.59,8681500.0,249266520.0,-3.8018
2026-07-30,300572,安车检测,881117,通用设备,17.42,17.4,-4.25,5906191.0,101449336.0,-2.5276
2026-07-30,300573,兴齐眼药,881140,化学制药,42.41,41.86,-0.68,9034043.0,383525680.0,0.208
2026-07-30,300575,中旗股份,881263,农化制品,5.44,5.4,7.54,32155263.0,187515320.0,0.0216
2026-07-30,300576,容大感光,881172,电子化学品,25.71,25.46,-6.15,22681981.0,558563120.0,-5.0246
2026-07-30,300577,开润股份,881136,服装家纺,17.04,16.96,-2.17,6843200.0,117046073.0,0.1196
2026-07-30,300578,会畅科技,881162,通信服务,14.89,14.74,-2.82,5659900.0,84402757.0,-0.8729
2026-07-30,300579,数字认证,881272,软件开发,21.63,21.4,0.42,4558200.0,99657597.0,-0.1507
2026-07-30,300580,贝斯特,881126,汽车零部件,20.52,20.13,-2.53,13371550.0,269419310.0,-0.8321
2026-07-30,300581,晨曦航空,881166,军工装备,9.68,9.65,-0.52,16297275.0,158466030.0,-0.4008
2026-07-30,300582,英飞特,881122,光学光电子,10.22,10.22,-3.52,5911000.0,59197757.0,-0.8678
2026-07-30,300583,赛托生物,881140,化学制药,11.59,11.5,-0.78,2862120.0,33221334.0,-0.2276
2026-07-30,300584,海辰药业,881140,化学制药,32.18,31.91,-3.05,4395950.0,139143210.0,-1.1188
2026-07-30,300585,奥联电子,881126,汽车零部件,12.83,12.79,1.25,13922000.0,187212140.0,-1.1848
2026-07-30,300586,美联新材,881265,塑料制品,7.68,7.69,-5.6,26411894.0,195961840.0,-1.5815
2026-07-30,300587,天铁科技,881266,橡胶制品,4.04,4.03,0.99,41565046.0,169166840.0,-0.1116
2026-07-30,300588,熙菱信息,881130,计算机设备,21.44,21.41,0.09,4417100.0,93426877.0,-0.29
2026-07-30,300589,江龙船艇,881166,军工装备,12.52,12.44,-2.0,20838056.0,260211540.0,-0.1116
2026-07-30,300590,移为通信,881129,通信设备,10.17,10.08,-1.28,21950083.0,221030810.0,-1.2648
2026-07-30,300591,万里马,881136,服装家纺,7.15,7.17,-4.06,28087280.0,195192220.0,-0.0611
2026-07-30,300592,华凯易佰,881177,互联网电商,13.0,12.8,-5.85,31298327.0,395922040.0,-0.2951
2026-07-30,300593,新雷能,881282,其他电源设备,23.69,23.99,-6.25,26687562.0,600123200.0,-1.9645
2026-07-30,300594,ST朗进,881269,轨交设备,13.17,13.11,-3.26,1458300.0,18879260.0,-0.6106
2026-07-30,300595,欧普康视,881144,医疗器械,11.16,11.1,1.79,13066583.0,148224720.0,-0.0461
2026-07-30,300596,利安隆,881109,化学制品,38.8,38.61,-1.08,5227830.0,201910410.0,-2.3003
2026-07-30,300597,吉大通信,881162,通信服务,7.03,7.02,0.43,5172200.0,36502185.0,-0.2216
2026-07-30,300598,诚迈科技,881272,软件开发,28.0,27.98,-0.25,5445055.0,154464920.0,-0.7496
2026-07-30,300599,雄塑科技,881115,建筑材料,9.44,9.5,-3.92,6998400.0,64484351.0,-0.5423
2026-07-30,300600,国瑞科技,881166,军工装备,9.97,9.88,-2.91,9092044.0,89688419.0,-0.173
2026-07-30,300601,康泰生物,881142,生物制品,12.28,12.15,1.3,15827980.0,196178810.0,0.0636
2026-07-30,300602,飞荣达,881124,消费电子,33.66,33.3,-8.32,24084801.0,763926030.0,-3.1388
2026-07-30,300603,立昂技术,881162,通信服务,7.64,7.56,-2.75,10608425.0,80020602.0,-0.2207
2026-07-30,300604,长川科技,881121,半导体,271.0,270.01,-9.41,34742639.0,8969833200.0,-2.5005
2026-07-30,300605,恒锋信息,881272,软件开发,9.03,9.86,13.51,36693607.0,379578510.0,-0.2187
2026-07-30,300606,金太阳,881117,通用设备,31.5,32.0,-8.48,10690074.0,322475710.0,-2.4204
2026-07-30,300607,拓斯达,881171,自动化设备,29.05,28.58,-7.68,31464223.0,864163230.0,-2.757
2026-07-30,300608,思特奇,881272,软件开发,9.64,9.59,-1.97,12774940.0,122023430.0,-0.4524
2026-07-30,300609,汇纳科技,881271,IT服务,24.74,24.52,-7.48,4424214.0,104433459.0,-2.3166
2026-07-30,300610,晨化股份,881109,化学制品,9.13,9.14,0.99,4841100.0,44927091.0,-0.332
2026-07-30,300611,美力科技,881126,汽车零部件,23.84,23.52,-3.31,2115500.0,49415845.0,-0.4256
2026-07-30,300612,宣亚国际,881164,文化传媒,11.27,11.27,-1.06,7093169.0,80545093.0,-0.2234
2026-07-30,300613,富瀚微,881121,半导体,58.75,57.8,-7.74,14338749.0,793060210.0,-2.9429
2026-07-30,300614,百川畅银,881181,环境治理,9.35,9.41,-1.93,3289900.0,30628417.0,-0.4177
2026-07-30,300615,欣天科技,881129,通信设备,,,,,,
2026-07-30,300616,尚品宅配,881139,家居用品,9.79,9.8,-2.45,6635100.0,64613875.0,-0.7227
2026-07-30,300617,安靠智电,881278,电网设备,41.35,41.33,-2.78,5169400.0,210661510.0,-3.7131
2026-07-30,300618,寒锐钴业,881267,能源金属,33.68,33.45,-0.09,5357301.0,181058250.0,-1.005
2026-07-30,300619,金银河,881281,电池,23.26,23.15,-4.21,5048003.0,114912256.0,-1.9669
2026-07-30,300620,光库科技,881129,通信设备,212.48,211.2,-10.02,11399358.0,2237717900.0,-29.891
2026-07-30,300621,维业股份,881116,建筑装饰,6.57,6.57,0.61,6459947.0,43050584.0,-0.1636
2026-07-30,300622,博士眼镜,881158,零售,15.11,14.93,-1.06,16430868.0,247415810.0,-0.1387
2026-07-30,300623,捷捷微电,881121,半导体,24.35,24.17,-7.31,32473747.0,748674250.0,-3.4292
2026-07-30,300624,万兴科技,881272,软件开发,47.02,46.8,-0.47,11128485.0,537252240.0,-2.0898
2026-07-30,300625,三雄极光,881122,光学光电子,8.99,8.99,-0.89,1739300.0,15683647.0,-0.2628
2026-07-30,300626,华瑞股份,881277,电机,28.13,28.13,-11.2,8427700.0,218887130.0,-1.9128
2026-07-30,300627,华测导航,881129,通信设备,28.6,28.48,-0.31,10342238.0,296241360.0,-0.236
2026-07-30,300628,亿联网络,881129,通信设备,38.27,37.91,2.12,19504097.0,746876950.0,0.9655
2026-07-30,300629,新劲刚,881276,军工电子,16.87,16.68,-3.5,5418672.0,89437873.0,-1.1821
2026-07-30,300631,久吾高科,881284,环保设备,19.74,19.56,-0.66,1773638.0,34892937.0,-1.3585
2026-07-30,300632,光莆股份,881122,光学光电子,16.11,16.01,-7.01,13768796.0,211171050.0,-2.9248
2026-07-30,300633,开立医疗,881144,医疗器械,19.51,19.42,1.9,4432625.0,87891985.0,-0.0519
2026-07-30,300634,彩讯股份,881271,IT服务,18.49,18.4,-0.7,9018700.0,168572920.0,-0.7876
2026-07-30,300635,中达安,881116,建筑装饰,10.6,10.59,-3.58,4871600.0,50688666.0,-0.5892
2026-07-30,300636,同和药业,881140,化学制药,6.61,6.61,1.06,6598843.0,44024763.0,-0.0443
2026-07-30,300637,扬帆新材,881109,化学制品,8.27,8.2,-5.32,10002100.0,79995079.0,-0.5398
2026-07-30,300638,广和通,881129,通信设备,20.3,19.92,-5.32,23346707.0,458905390.0,0.0565
2026-07-30,300639,凯普生物,881144,医疗器械,5.46,5.4,2.93,27830855.0,153207300.0,0.0272
2026-07-30,300640,德艺文创,881139,家居用品,5.9,5.91,-2.37,13296500.0,77992052.0,-0.0837
2026-07-30,300641,正丹股份,881109,化学制品,14.32,14.26,-0.42,6296500.0,89916501.0,-0.4341
2026-07-30,300642,透景生命,881144,医疗器械,11.96,11.96,-2.09,2660000.0,31624637.0,-0.3315
2026-07-30,300643,万通智控,881126,汽车零部件,17.98,17.66,-9.62,12181454.0,205562290.0,0.0435
2026-07-30,300644,南京聚隆,881265,塑料制品,20.05,20.04,-2.09,2457790.0,48919044.0,-1.2936
2026-07-30,300645,正元智慧,881130,计算机设备,11.88,11.96,2.19,6557100.0,79780865.0,-0.3051
2026-07-30,300647,超频三,881124,消费电子,5.12,5.09,-1.95,12098750.0,61479834.0,-0.2693
2026-07-30,300648,星云股份,881281,电池,31.26,31.09,-4.03,3287212.0,100861955.0,-3.5166
2026-07-30,300649,杭州园林,881116,建筑装饰,19.19,19.47,-11.1,7267124.0,129993595.0,-1.899
2026-07-30,300650,太龙股份,881123,其他电子,10.43,10.45,-2.78,6599395.0,67917778.0,-0.9034
2026-07-30,300651,金陵体育,881139,家居用品,16.6,16.5,-1.75,8284100.0,137398020.0,-1.0458
2026-07-30,300652,雷迪克,881126,汽车零部件,27.4,27.2,-2.85,1880666.0,50744976.0,-2.7577
2026-07-30,300653,正海生物,881144,医疗器械,14.09,14.1,-0.64,1918559.0,27219766.0,-0.3077
2026-07-30,300654,世纪天鸿,881164,文化传媒,11.05,10.91,-2.99,18710851.0,203459240.0,0.3398
2026-07-30,300655,晶瑞电材,881172,电子化学品,12.16,11.93,-6.25,58293531.0,680647350.0,-1.4598
2026-07-30,300656,民德电子,881123,其他电子,24.8,24.49,-9.72,9564095.0,218049110.0,-3.0811
2026-07-30,300657,弘信电子,881270,元件,31.25,30.9,-5.06,21152666.0,638208760.0,-2.8958
2026-07-30,300658,延江股份,881182,美容护理,9.8,9.81,-3.06,9893600.0,95455904.0,-0.7442
2026-07-30,300659,中孚信息,881130,计算机设备,9.6,9.58,1.04,9145800.0,89744508.0,-0.2152
2026-07-30,300660,江苏雷利,881277,电机,25.67,25.42,-1.64,6597183.0,168037530.0,-1.3127
2026-07-30,300661,圣邦股份,881121,半导体,100.74,99.88,-11.08,21210495.0,1951609400.0,-7.6047
2026-07-30,300662,科锐国际,881179,其他社会服务,20.28,20.18,0.39,11127300.0,230355930.0,0.2298
2026-07-30,300663,科蓝软件,881272,软件开发,9.12,9.03,2.19,113829032.0,1083269430.0,0.4219
2026-07-30,300664,鹏鹞环保,881181,环境治理,4.51,4.49,-0.67,8445400.0,38035867.0,-0.0397
2026-07-30,300665,飞鹿股份,881109,化学制品,8.24,8.18,-3.03,8843780.0,71969310.0,-0.4915
2026-07-30,300666,江丰电子,881121,半导体,219.66,217.11,-10.29,18470359.0,3769329200.0,-21.7649
2026-07-30,300667,必创科技,881117,通用设备,13.45,13.41,-4.09,5612653.0,73838336.0,-1.0797
2026-07-30,300668,杰恩股份,881179,其他社会服务,36.7,37.0,-11.53,4443900.0,152097610.0,-6.28
2026-07-30,300669,沪宁股份,881118,专用设备,20.5,20.33,-5.37,1219465.0,24250911.0,-1.9822
2026-07-30,300670,大烨智能,881278,电网设备,5.52,5.52,-2.54,7792630.0,42592391.0,-0.2984
2026-07-30,300671,富满微,881121,半导体,61.6,59.97,-12.56,17559193.0,980500120.0,-2.7741
2026-07-30,300672,国科微,881121,半导体,132.03,131.95,-7.66,15094766.0,1878540300.0,-37.145
2026-07-30,300673,佩蒂股份,881103,农产品加工,12.46,12.33,2.73,6207470.0,80188989.0,-0.4214
2026-07-30,300674,宇信科技,881271,IT服务,15.89,15.9,1.01,20398948.0,329533490.0,-0.0055
2026-07-30,300675,建科院,881116,建筑装饰,11.83,11.96,-0.25,2663200.0,31732163.0,-0.3577
2026-07-30,300676,华大基因,881175,医疗服务,37.33,37.01,-1.18,6076353.0,226935410.0,0.2841
2026-07-30,300677,英科医疗,881144,医疗器械,50.2,49.49,-0.24,13800752.0,688949670.0,1.2716
2026-07-30,300678,中科信息,881271,IT服务,23.25,23.05,-0.69,9559373.0,222906450.0,-0.1267
2026-07-30,300679,电连技术,881124,消费电子,37.5,37.43,-6.27,21321166.0,761226890.0,-5.6753
2026-07-30,300680,隆盛科技,881126,汽车零部件,20.55,20.39,-2.63,7295000.0,147643910.0,-1.3692
2026-07-30,300681,英搏尔,881126,汽车零部件,20.25,20.22,-3.9,7977270.0,157533580.0,-2.6386
2026-07-30,300682,朗新科技,881271,IT服务,10.64,10.55,0.38,21831042.0,234088510.0,-0.1532
2026-07-30,300683,海特生物,881175,医疗服务,25.37,25.12,-5.32,6780208.0,167014440.0,-0.3523
2026-07-30,300684,中石科技,881172,电子化学品,46.62,46.36,-9.63,17062786.0,746306810.0,-4.1972
2026-07-30,300685,艾德生物,881144,医疗器械,17.3,17.17,0.0,6335475.0,110210521.0,-0.177
2026-07-30,300686,智动力,881124,消费电子,11.84,11.84,-6.08,7394690.0,84072860.0,-1.5586
2026-07-30,300687,赛意信息,881271,IT服务,20.53,20.69,-0.88,15176502.0,315370430.0,-1.9794
2026-07-30,300688,创业黑马,881178,教育,27.5,28.3,11.42,27319645.0,826808300.0,0.3683
2026-07-30,300689,澄天伟业,881129,通信设备,47.99,47.65,-10.11,4435370.0,198024000.0,-3.8512
2026-07-30,300690,双一科技,881280,风电设备,21.24,21.44,-1.55,3448600.0,73358812.0,-0.7499
2026-07-30,300691,联合光电,881130,计算机设备,12.7,12.71,-3.46,5209700.0,65020297.0,-0.875
2026-07-30,300692,中赋科技,881181,环境治理,8.18,8.11,-3.55,15651054.0,125071721.0,-0.0251
2026-07-30,300693,盛弘股份,881282,其他电源设备,34.26,33.92,-3.59,11322197.0,380140020.0,-3.1781
2026-07-30,300694,蠡湖股份,881126,汽车零部件,9.87,9.87,-3.44,6999900.0,67464814.0,-0.3267
2026-07-30,300695,兆丰股份,881126,汽车零部件,44.05,44.05,-4.09,804835.0,34726807.0,-3.9875
2026-07-30,300696,爱乐达,881166,军工装备,19.43,19.4,-3.5,5698400.0,108249169.0,-2.5708
2026-07-30,300697,电工合金,881168,工业金属,13.54,12.8,-5.24,10639230.0,136588230.0,-0.6474
2026-07-30,300698,万马科技,881129,通信设备,24.08,24.02,-2.45,2418300.0,57642537.0,-1.7434
2026-07-30,300699,光威复材,881166,军工装备,25.58,25.4,0.39,11328608.0,291178940.0,-0.9188
2026-07-30,300700,岱勒新材,881117,通用设备,14.46,14.3,-8.37,12889393.0,175271740.0,-1.8522
2026-07-30,300701,森霸传感,881122,光学光电子,8.77,8.76,0.8,4592774.0,40202679.0,-0.3692
2026-07-30,300702,天宇股份,881140,化学制药,20.1,20.01,-1.09,2981477.0,59974644.0,-0.1223
2026-07-30,300703,创源股份,881139,家居用品,12.58,12.41,2.07,10222300.0,131712603.0,-0.4555
2026-07-30,300705,九典制药,881140,化学制药,10.7,10.77,1.87,9183288.0,100790135.0,0.0022
2026-07-30,300706,阿石创,881121,半导体,45.92,45.38,-8.32,10653400.0,464448420.0,-6.0653
2026-07-30,300707,威唐工业,881126,汽车零部件,11.2,11.12,0.18,4173197.0,47075622.0,-0.2609
2026-07-30,300708,聚灿光电,881122,光学光电子,7.46,7.38,-1.47,14026945.0,103845979.0,-0.2651
2026-07-30,300709,精研科技,881124,消费电子,34.62,34.16,-8.29,12433377.0,406994190.0,-4.7332
2026-07-30,300710,万隆光电,881129,通信设备,26.55,26.55,-5.5,2068245.0,53315599.0,-2.0771
2026-07-30,300711,广哈通信,881129,通信设备,14.81,14.79,-2.7,2942413.0,43123849.0,-0.7075
2026-07-30,300712,永福股份,881116,建筑装饰,20.76,20.68,-2.36,1325000.0,27193944.0,-0.491
2026-07-30,300713,英可瑞,881282,其他电源设备,12.17,12.24,-1.97,3731500.0,45203836.0,-0.4979
2026-07-30,300715,凯伦股份,881115,建筑材料,11.65,11.6,-9.18,13249600.0,144725590.0,-1.7197
2026-07-30,300716,*ST泉为,881279,光伏设备,17.41,17.1,-0.46,2011700.0,35420992.0,-0.8135
2026-07-30,300717,华信新材,881265,塑料制品,16.84,16.8,-3.98,4471600.0,73442095.0,-1.1711
2026-07-30,300718,长盛轴承,881117,通用设备,57.37,57.08,-0.03,7305900.0,418823480.0,-2.8823
2026-07-30,300719,安达维尔,881166,军工装备,11.22,11.2,-2.14,3498300.0,38876901.0,-0.3547
2026-07-30,300720,海川智能,881117,通用设备,49.87,48.91,-15.12,17029124.0,759620820.0,-9.5302
2026-07-30,300721,怡达股份,881109,化学制品,20.15,19.79,-6.05,9694080.0,188330860.0,-3.0447
2026-07-30,300722,新余国科,881166,军工装备,21.14,21.08,-2.03,3134200.0,65603298.0,-0.5824
2026-07-30,300723,一品红,881140,化学制药,34.99,34.65,-3.12,7783121.0,268044540.0,-0.9368
2026-07-30,300724,捷佳伟创,881279,光伏设备,57.47,57.46,-0.87,9388134.0,539160040.0,-3.8263
2026-07-30,300725,药石科技,881175,医疗服务,38.11,37.7,-6.06,17194550.0,627985920.0,0.4047
2026-07-30,300726,宏达电子,881276,军工电子,48.9,48.96,-3.03,16473410.0,800406060.0,-6.5859
2026-07-30,300727,润禾材料,881109,化学制品,26.31,26.31,-3.23,2075100.0,53418411.0,-2.3773
2026-07-30,300729,乐歌股份,881139,家居用品,10.04,10.0,0.9,2730539.0,27663409.0,-0.1068
2026-07-30,300730,科创信息,881272,软件开发,11.4,11.31,-3.51,5163600.0,58017151.0,-0.6655
2026-07-30,300731,科创新源,881266,橡胶制品,32.48,32.2,-11.27,10227895.0,306259760.0,-6.3875
2026-07-30,300732,设研院,881116,建筑装饰,5.71,5.74,-0.88,6788229.0,38804882.0,-0.1566
2026-07-30,300733,西菱动力,881126,汽车零部件,11.95,11.9,3.85,9040200.0,110613137.0,-0.2027
2026-07-30,300735,光弘科技,881124,消费电子,18.99,18.75,-3.53,12822900.0,238190420.0,-0.8617
2026-07-30,300736,百邦科技,881123,其他电子,27.08,27.09,-2.14,4700505.0,126374702.0,-1.2111
2026-07-30,300737,科顺股份,881115,建筑材料,4.92,4.91,-2.44,24322793.0,118489574.0,-0.5611
2026-07-30,300738,奥飞数据,881162,通信服务,21.9,21.5,-3.61,53610838.0,1153659910.0,0.124
2026-07-30,300739,明阳电路,881270,元件,20.08,19.9,-5.78,10440305.0,201827340.0,-2.8393
2026-07-30,300740,水羊股份,881182,美容护理,19.38,19.38,-2.37,37924538.0,735700650.0,-0.7414
2026-07-30,300741,华宝股份,881109,化学制品,12.79,12.98,4.07,6665464.0,88733740.0,-0.2508
2026-07-30,300743,天地数码,881130,计算机设备,13.77,13.66,0.36,2531100.0,35179618.0,-0.5275
2026-07-30,300745,欣锐科技,881126,汽车零部件,26.27,26.39,-7.73,9285195.0,232778440.0,-4.9586
2026-07-30,300746,汉嘉数智,881271,IT服务,12.42,12.27,-3.46,9935200.0,121944742.0,0.1494
2026-07-30,300747,锐科激光,881171,自动化设备,32.44,31.9,-7.06,20843401.0,642911160.0,-3.6753
2026-07-30,300748,金力永磁,881114,金属新材料,24.5,24.34,1.27,28930208.0,715073280.0,-1.7806
2026-07-30,300749,顶固集创,881139,家居用品,17.04,16.85,-8.69,4939600.0,80127541.0,-1.8761
2026-07-30,300750,宁德时代,881281,电池,396.84,390.0,1.27,45239048.0,18103459000.0,1.3814
2026-07-30,300751,迈为股份,881279,光伏设备,161.87,159.65,-11.64,14031367.0,2072925400.0,-23.2398
2026-07-30,300752,隆利科技,881122,光学光电子,9.64,9.55,-4.67,9898700.0,92444373.0,-1.0505
2026-07-30,300753,爱朋医疗,881144,医疗器械,23.58,22.82,-5.43,24319267.0,558133310.0,0.4219
2026-07-30,300755,华致酒行,881158,零售,11.09,10.95,3.25,13278572.0,156618160.0,-0.5617
2026-07-30,300756,金马游乐,881118,专用设备,25.48,25.32,-5.06,3378860.0,83211021.0,-1.8038
2026-07-30,300757,罗博特科,881171,自动化设备,409.45,406.04,-12.56,9456257.0,3541885300.0,-45.9306
2026-07-30,300758,七彩化学,881109,化学制品,9.95,9.85,-2.31,6937499.0,68590895.0,-0.7205
2026-07-30,300759,康龙化成,881175,医疗服务,37.22,37.14,-3.25,58969173.0,2137302100.0,2.6495
2026-07-30,300760,迈瑞医疗,881144,医疗器械,154.88,155.0,4.35,17769746.0,2840604800.0,2.9985
2026-07-30,300761,立华股份,881102,养殖业,19.05,19.02,-0.05,7328000.0,140086800.0,0.0819
2026-07-30,300762,上海瀚讯,881276,军工电子,29.05,28.99,-4.37,19910627.0,562458120.0,-3.3445
2026-07-30,300763,锦浪科技,881279,光伏设备,61.4,61.33,-2.83,11262058.0,681868610.0,-6.4275
2026-07-30,300765,石药创新,881140,化学制药,38.0,38.0,-5.26,18276581.0,669328510.0,1.9184
2026-07-30,300766,每日互动,881272,软件开发,21.0,20.84,-3.86,25481212.0,531296940.0,-0.5369
2026-07-30,300767,震安科技,881266,橡胶制品,15.68,15.68,-1.98,7243867.0,113659252.0,-1.717
2026-07-30,300768,迪普科技,881272,软件开发,16.04,15.88,-6.8,14545578.0,225274190.0,0.1605
2026-07-30,300769,德方纳米,881281,电池,43.44,43.0,-2.62,12172411.0,520351260.0,-5.6903
2026-07-30,300770,新媒股份,881164,文化传媒,34.57,34.4,2.46,3205209.0,113070884.0,0.2161
2026-07-30,300771,智莱科技,881130,计算机设备,11.32,11.16,1.15,9517683.0,108584596.0,-0.0567
2026-07-30,300772,运达股份,881280,风电设备,11.71,11.66,0.68,16706767.0,198624930.0,-0.2396
2026-07-30,300773,拉卡拉,881283,多元金融,15.09,15.0,2.39,53977074.0,833734450.0,-0.3072
2026-07-30,300774,倍杰特,881181,环境治理,9.66,9.71,-2.17,6548073.0,62939033.0,-0.6917
2026-07-30,300775,三角防务,881166,军工装备,20.99,20.77,-0.19,15403531.0,325116400.0,-0.6072
2026-07-30,300776,帝尔激光,881279,光伏设备,105.89,106.84,-8.87,13114470.0,1297184790.0,-15.8519
2026-07-30,300777,中简科技,881166,军工装备,24.34,24.06,0.37,9258369.0,226992070.0,-1.458
2026-07-30,300778,新城市,881116,建筑装饰,9.83,9.74,-0.1,4298926.0,42661291.0,-0.2188
2026-07-30,300779,惠城环保,881181,环境治理,76.76,75.78,-5.84,17950229.0,1328215490.0,5.374
2026-07-30,300780,德恩精工,881117,通用设备,18.02,18.06,-7.55,9350885.0,159925330.0,-3.4956
2026-07-30,300781,因赛集团,881164,文化传媒,25.02,24.82,-0.84,5303651.0,134942930.0,-0.9887
2026-07-30,300782,卓胜微,881121,半导体,68.01,67.22,-4.84,16124982.0,1061879380.0,-8.8904
2026-07-30,300783,三只松鼠,881134,食品加工制造,17.94,17.63,-0.56,16306100.0,293237810.0,0.0971
2026-07-30,300784,利安科技,,,38.01,37.99,-2.32,683700.0,25843697.0,-1.9496
2026-07-30,300785,值得买,881164,文化传媒,33.73,33.78,-1.66,9440818.0,323904770.0,-1.6539
2026-07-30,300786,国林科技,881284,环保设备,13.96,13.98,-6.09,12872687.0,173202550.0,-1.9403
2026-07-30,300787,海能实业,881124,消费电子,8.11,8.01,1.6,5935547.0,49327248.0,-0.3745
2026-07-30,300788,中信出版,881164,文化传媒,25.18,24.76,-1.19,5396233.0,135131460.0,-0.1781
2026-07-30,300789,唐源电气,881130,计算机设备,16.55,16.65,-4.53,3903858.0,62284462.0,-0.6464
2026-07-30,300790,宇瞳光学,881130,计算机设备,16.37,16.17,-4.76,22909800.0,364347310.0,-2.0973
2026-07-30,300791,仙乐健康,881134,食品加工制造,16.75,16.8,0.12,1531784.0,25997284.0,-0.0914
2026-07-30,300792,壹网壹创,881177,互联网电商,23.1,23.25,-1.52,7141794.0,165340560.0,-1.4807
2026-07-30,300793,佳禾智能,881124,消费电子,11.01,10.9,-1.73,7231655.0,79132953.0,-0.3375
2026-07-30,300795,米奥会展,881179,其他社会服务,14.22,14.24,-3.66,44105209.0,631976240.0,1.2171
2026-07-30,300796,贝斯美,881263,农化制品,6.35,6.27,0.63,4794504.0,30741180.0,-0.1544
2026-07-30,300797,钢研纳克,881179,其他社会服务,11.85,11.86,-1.52,3365950.0,39838700.0,-0.5187
2026-07-30,300798,锦鸡股份,881109,化学制品,7.16,6.97,2.65,65327530.0,481933680.0,-0.08
2026-07-30,300800,力合科技,881284,环保设备,9.0,8.95,0.67,3439700.0,31214427.0,-0.3086
2026-07-30,300801,泰和科技,881109,化学制品,23.38,23.21,-4.96,10226700.0,230968660.0,-1.5189
2026-07-30,300802,矩子科技,881171,自动化设备,22.07,21.3,-7.57,11866917.0,248705100.0,-0.5171
2026-07-30,300803,指南针,881272,软件开发,80.43,79.61,-0.78,19637626.0,1577825400.0,-3.3373
2026-07-30,300804,广康生化,881263,农化制品,36.91,36.91,8.29,2685780.0,105405326.0,0.4984
2026-07-30,300805,电声股份,881164,文化传媒,7.77,7.67,-2.7,19367814.0,150452600.0,-0.0436
2026-07-30,300806,斯迪克,881265,塑料制品,41.15,40.74,-7.05,37523212.0,1475066800.0,-6.7233
2026-07-30,300807,天迈科技,881130,计算机设备,35.6,35.68,1.57,1737800.0,63646426.0,-1.6629
2026-07-30,300808,久量股份,881122,光学光电子,17.68,17.68,-6.5,2215500.0,37586821.0,-1.5041
2026-07-30,300809,华辰装备,881117,通用设备,22.99,22.68,-5.18,10146361.0,226642940.0,-1.9477
2026-07-30,300810,中科海讯,881166,军工装备,22.87,22.62,-2.19,2103600.0,47578809.0,-0.9251
2026-07-30,300811,铂科新材,881114,金属新材料,59.96,59.71,-8.06,13814456.0,778041510.0,-7.9244
2026-07-30,300812,易天股份,881124,消费电子,17.03,16.91,-5.99,7298253.0,119787002.0,-2.6215
2026-07-30,300813,泰林生物,881118,专用设备,18.2,18.22,-2.25,1942400.0,35157497.0,-0.805
2026-07-30,300814,中富电路,881270,元件,116.77,114.96,-15.72,12107436.0,1246499370.0,-14.0747
2026-07-30,300815,玉禾田,881181,环境治理,14.61,14.49,0.55,10286159.0,152054260.0,-0.7985
2026-07-30,300816,艾可蓝,881126,汽车零部件,45.68,45.1,-6.24,1876500.0,81929072.0,-7.8587
2026-07-30,300817,双飞集团,881117,通用设备,14.6,14.51,-2.33,2297630.0,33401058.0,-0.8146
2026-07-30,300818,耐普矿机,881118,专用设备,19.75,19.85,-4.35,4634390.0,89413707.0,-0.3385
2026-07-30,300819,聚杰微纤,881135,纺织制造,41.57,41.72,-3.78,3323639.0,134633740.0,-6.8449
2026-07-30,300820,英杰电气,881282,其他电源设备,46.75,46.4,-8.21,6730207.0,295676120.0,-6.5862
2026-07-30,300821,东岳硅材,881109,化学制品,14.84,14.69,-5.66,62802794.0,893687300.0,-1.4328
2026-07-30,300822,贝仕达克,881124,消费电子,10.96,10.94,-1.55,3541585.0,38852847.0,-0.5023
2026-07-30,300823,建科智能,881118,专用设备,13.65,13.65,-1.47,3042400.0,40992582.0,-0.6274
2026-07-30,300824,北鼎股份,881173,小家电,7.56,7.53,1.06,4222300.0,32342714.0,-0.1159
2026-07-30,300825,阿尔特,881128,汽车服务及其他,11.79,11.81,-6.87,32701929.0,367676750.0,-0.7241
2026-07-30,300826,测绘股份,881116,建筑装饰,11.66,11.69,-2.14,8774607.0,101064933.0,-0.5807
2026-07-30,300827,上能电气,881279,光伏设备,24.39,24.2,0.53,11656717.0,286910740.0,-1.3405
2026-07-30,300828,锐新科技,881117,通用设备,14.46,14.39,-3.32,3853000.0,54452693.0,-1.3876
2026-07-30,300829,金丹科技,881109,化学制品,14.15,14.0,2.69,6854260.0,100546699.0,-0.3573
2026-07-30,300830,金现代,881272,软件开发,7.76,7.83,-1.16,12130600.0,94876044.0,-0.239
2026-07-30,300831,ST派瑞,881121,半导体,15.08,14.9,-4.84,5577100.0,81598493.0,-1.2757
2026-07-30,300832,新产业,881144,医疗器械,47.79,47.68,2.01,5911699.0,289452470.0,1.2424
2026-07-30,300833,浩洋股份,881118,专用设备,33.07,33.28,-0.09,698100.0,23223010.0,-0.1547
2026-07-30,300834,星辉环材,881265,塑料制品,37.5,37.75,-2.0,2186443.0,81249827.0,-1.5835
2026-07-30,300835,龙磁科技,881114,金属新材料,132.17,132.16,-10.24,4577014.0,557629300.0,-16.2051
2026-07-30,300836,佰奥智能,881118,专用设备,57.69,57.0,-13.73,3220013.0,166409070.0,-3.7064
2026-07-30,300837,浙矿股份,881118,专用设备,20.99,21.06,-1.38,2073100.0,43483032.0,-1.3933
2026-07-30,300838,浙江力诺,881117,通用设备,12.2,12.35,-0.41,3779700.0,46062494.0,-0.6557
2026-07-30,300839,博汇股份,881180,石油加工贸易,10.2,10.3,-3.92,8311770.0,83566136.0,-0.9214
2026-07-30,300840,酷特智能,881136,服装家纺,16.12,16.0,-5.71,7709253.0,120969242.0,-1.6203
2026-07-30,300841,康华生物,881142,生物制品,44.66,44.24,1.03,2143559.0,97007919.0,-0.8572
2026-07-30,300842,帝科股份,881279,光伏设备,53.04,53.03,-7.62,5115739.0,258521910.0,-8.1058
2026-07-30,300843,胜蓝股份,881124,消费电子,108.26,106.2,-10.39,9547246.0,954186310.0,-4.4003
2026-07-30,300844,山水比德,881116,建筑装饰,20.96,21.17,-0.48,1392571.0,29579403.0,-1.0199
2026-07-30,300845,捷安高科,881130,计算机设备,9.63,9.45,-3.22,6927682.0,65608781.0,-0.9876
2026-07-30,300846,首都在线,881162,通信服务,18.23,17.98,-5.7,24870882.0,439729690.0,-1.1702
2026-07-30,300847,中船汉光,881130,计算机设备,14.6,14.36,-3.15,7290696.0,104651084.0,0.1707
2026-07-30,300848,美瑞新材,881109,化学制品,12.72,12.55,-2.12,2498885.0,31448797.0,-0.4551
2026-07-30,300849,锦盛新材,881182,美容护理,18.0,17.93,-3.17,1547350.0,27474541.0,-1.4963
2026-07-30,300850,新强联,881280,风电设备,29.6,29.31,1.59,24768845.0,749179440.0,0.1111
2026-07-30,300851,交大思诺,881269,轨交设备,21.76,21.89,-0.64,1345700.0,29428169.0,-0.744
2026-07-30,300852,四会富仕,881270,元件,37.16,36.6,-5.81,5568380.0,198677920.0,-5.7806
2026-07-30,300853,申昊科技,881171,自动化设备,20.48,20.24,-5.62,4189100.0,82472732.0,-3.0762
2026-07-30,300854,中兰环保,881181,环境治理,13.43,13.48,4.02,14984976.0,213527210.0,-2.3672
2026-07-30,300855,图南股份,881114,金属新材料,27.67,27.64,-0.58,5369000.0,149060410.0,-1.6223
2026-07-30,300856,科思股份,881182,美容护理,10.95,11.04,2.28,7700969.0,87220082.0,-0.1527
2026-07-30,300857,协创数据,881130,计算机设备,205.0,204.42,-8.54,24564848.0,4746001400.0,-18.9403
2026-07-30,300858,科拓生物,881109,化学制品,13.87,13.8,-1.44,4791200.0,66854460.0,-0.4586
2026-07-30,300859,西域旅游,881160,旅游及酒店,25.15,25.18,-0.83,4881900.0,124888980.0,-0.7225
2026-07-30,300860,锋尚文化,881179,其他社会服务,23.54,23.3,-2.34,2436344.0,57214061.0,-0.6778
2026-07-30,300861,美畅股份,881117,通用设备,15.9,15.75,-2.08,16137690.0,252265820.0,-1.5934
2026-07-30,300862,蓝盾光电,881284,环保设备,,,,,,
2026-07-30,300863,卡倍亿,881126,汽车零部件,33.32,32.8,-3.36,7640228.0,247371800.0,-7.1885
2026-07-30,300864,南大环境,881181,环境治理,18.05,17.98,-1.88,1362836.0,24456873.0,-0.7772
2026-07-30,300865,大宏立,881118,专用设备,21.25,21.36,-1.84,1300400.0,27581231.0,-0.9682
2026-07-30,300866,安克创新,881124,消费电子,119.96,119.0,3.37,6440290.0,790644240.0,2.4234
2026-07-30,300867,圣元环保,881181,环境治理,16.0,16.01,-1.12,3397852.0,54132847.0,-0.874
2026-07-30,300868,杰美特,881124,消费电子,74.48,74.48,-10.41,4655715.0,324419600.0,-15.3967
2026-07-30,300869,康泰医学,881144,医疗器械,10.92,10.86,-0.46,3667000.0,40119470.0,-0.0744
2026-07-30,300870,欧陆通,881282,其他电源设备,187.63,188.73,-10.94,9319624.0,1615008800.0,-31.1285
2026-07-30,300871,回盛生物,881102,养殖业,20.55,20.56,-0.63,5246500.0,108347072.0,-0.6305
2026-07-30,300872,天阳科技,881271,IT服务,14.33,14.25,-1.33,12916620.0,185146760.0,-0.8924
2026-07-30,300873,海晨股份,881152,物流,15.24,15.09,-9.91,22184171.0,314365140.0,-1.8742
2026-07-30,300875,捷强装备,881166,军工装备,34.55,33.9,4.2,12861053.0,449354330.0,0.7798
2026-07-30,300876,蒙泰高新,881264,化学纤维,14.4,14.33,-4.17,3805101.0,53568290.0,-0.7629
2026-07-30,300877,金春股份,881135,纺织制造,23.32,23.06,-4.2,1787944.0,40672879.0,-1.9563
2026-07-30,300878,维康药业,881141,中药,26.93,26.85,-4.08,2467709.0,64692087.0,-1.6623
2026-07-30,300879,大叶股份,881118,专用设备,15.7,15.76,0.57,4187200.0,66682393.0,-0.5594
2026-07-30,300880,迦南智能,881278,电网设备,17.68,17.68,-2.77,2365000.0,41143759.0,-1.2324
2026-07-30,300881,盛德鑫泰,881112,钢铁,31.77,31.71,-2.49,1203250.0,38076590.0,-2.7731
2026-07-30,300882,万胜智能,881278,电网设备,14.48,14.51,-1.04,2864292.0,41618599.0,-0.5156
2026-07-30,300883,龙利得,881138,包装印刷,5.3,5.31,-0.75,13449000.0,71914770.0,-0.3303
2026-07-30,300884,狄耐克,881130,计算机设备,10.71,10.68,-2.15,5455480.0,58343102.0,-0.1358
2026-07-30,300885,海昌新材,881117,通用设备,19.3,19.3,-3.63,3476100.0,65633233.0,-1.7221
2026-07-30,300886,华业香料,881109,化学制品,21.42,21.22,-1.96,1798550.0,38204425.0,-0.3492
2026-07-30,300887,谱尼测试,881179,其他社会服务,6.99,6.94,-1.86,11771468.0,81934945.0,-0.2279
2026-07-30,300888,稳健医疗,881182,美容护理,30.39,30.67,1.88,5140974.0,159003150.0,0.4695
2026-07-30,300889,爱克股份,881122,光学光电子,17.02,16.98,-3.53,3963517.0,65833858.0,-1.6872
2026-07-30,300890,翔丰华,881281,电池,25.18,24.9,-1.19,4330645.0,108601657.0,-2.2026
2026-07-30,300891,惠云钛业,881108,化学原料,6.67,6.65,-1.2,6869655.0,45730768.0,-0.0908
2026-07-30,300892,品渥食品,881133,饮料制造,23.31,22.1,-5.92,12326721.0,274902220.0,-0.0107
2026-07-30,300893,松原安全,881126,汽车零部件,15.67,15.75,0.64,2343904.0,36823166.0,-0.7732
2026-07-30,300894,火星人,881174,厨卫电器,9.83,9.76,20.04,19693036.0,219274380.0,-0.2962
2026-07-30,300895,铜牛信息,881162,通信服务,46.64,46.11,-5.87,5427525.0,243953640.0,-2.002
2026-07-30,300896,爱美客,881182,美容护理,104.36,104.37,3.3,10141380.0,1107501700.0,3.3458
2026-07-30,300897,山科智能,881117,通用设备,15.27,15.0,-4.06,5995062.0,88889679.0,-0.2624
2026-07-30,300898,熊猫乳品,881133,饮料制造,20.68,20.0,-5.75,10570827.0,209747200.0,-0.156
2026-07-30,300899,上海凯鑫,881181,环境治理,25.43,25.5,-2.28,694200.0,17607714.0,-1.4037
2026-07-30,300900,广联航空,881166,军工装备,21.41,21.29,-5.65,14445233.0,298465550.0,-4.1656
2026-07-30,300901,中胤时尚,881136,服装家纺,14.7,14.67,1.43,6848774.0,101648219.0,-0.169
2026-07-30,300902,国安达,881118,专用设备,14.33,14.23,-1.54,3665800.0,52706586.0,-0.4931
2026-07-30,300903,科翔股份,881270,元件,53.86,53.5,-15.95,33306216.0,1617808400.0,-8.8933
2026-07-30,300904,威力传动,881280,风电设备,39.1,38.95,-1.53,1502500.0,58885892.0,-1.8416
2026-07-30,300905,宝丽迪,881264,化学纤维,36.32,36.32,-4.19,5373139.0,191096340.0,-4.7168
2026-07-30,300906,日月明,881269,轨交设备,25.4,25.27,-2.36,2082400.0,52408973.0,-0.7488
2026-07-30,300907,康平科技,881277,电机,35.98,36.13,-7.56,2444809.0,83798406.0,-3.5824
2026-07-30,300908,仲景食品,881134,食品加工制造,23.99,23.86,0.71,2648230.0,64173766.0,-0.0841
2026-07-30,300909,汇创达,881122,光学光电子,40.8,41.39,-5.91,3244095.0,127085414.0,-3.3839
2026-07-30,300910,瑞丰新材,881109,化学制品,29.82,29.58,1.64,6130230.0,184287190.0,-0.2219
2026-07-30,300911,亿田智能,881174,厨卫电器,18.71,19.93,9.67,20874392.0,425967520.0,-1.0002
2026-07-30,300912,凯龙高科,881126,汽车零部件,22.8,22.6,-4.78,3913181.0,86494845.0,-1.096
2026-07-30,300913,兆龙互连,881129,通信设备,32.89,32.53,-5.78,7049596.0,223126470.0,-4.375
2026-07-30,300915,海融科技,881133,饮料制造,18.94,18.9,1.48,3095937.0,59637010.0,-0.6566
2026-07-30,300916,朗特智能,881124,消费电子,19.13,18.99,-3.5,2854100.0,53671834.0,-1.751
2026-07-30,300917,特发服务,881153,房地产,25.54,25.25,0.7,9448104.0,244214760.0,-0.231
2026-07-30,300918,南山智尚,881135,纺织制造,9.84,9.76,-1.63,6009900.0,58718756.0,-0.6104
2026-07-30,300919,中伟新材,881281,电池,40.91,40.65,0.42,13164692.0,542556530.0,-1.3667
2026-07-30,300920,润阳科技,881265,塑料制品,26.8,26.8,-3.36,1497750.0,38947925.0,-2.2905
2026-07-30,300921,南凌科技,881162,通信服务,13.48,13.42,-4.15,7510352.0,98982023.0,-1.4791
2026-07-30,300922,天秦装备,881166,军工装备,15.69,15.48,-0.19,10920124.0,173421910.0,-0.7736
2026-07-30,300923,研奥股份,881269,轨交设备,20.18,20.18,1.59,2193520.0,45800400.0,-0.7443
2026-07-30,300925,法本信息,881272,软件开发,14.53,14.43,1.31,11514254.0,170735220.0,-0.4568
2026-07-30,300926,博俊科技,881126,汽车零部件,17.35,17.21,2.59,6255976.0,111495639.0,-0.4602
2026-07-30,300927,江天化学,881108,化学原料,20.86,20.94,0.24,5094400.0,108454863.0,-0.7084
2026-07-30,300928,华安鑫创,881126,汽车零部件,23.86,23.87,-0.67,1397311.0,33581580.0,-1.7194
2026-07-30,300929,华骐环保,881181,环境治理,13.56,13.35,-1.92,6684238.0,89765618.0,0.397
2026-07-30,300930,屹通新材,881114,金属新材料,23.07,22.92,-4.25,1963700.0,44030251.0,-2.1781
2026-07-30,300931,通用电梯,881118,专用设备,10.91,11.02,-8.8,8051965.0,82361371.0,-1.3529
2026-07-30,300932,三友联众,881278,电网设备,8.88,8.88,-4.17,12642757.0,110194530.0,-0.2843
2026-07-30,300933,中辰股份,881278,电网设备,6.77,6.64,-5.17,33221745.0,215835490.0,-0.1041
2026-07-30,300935,盈建科,881272,软件开发,23.34,23.38,2.74,5439259.0,130376929.0,-2.0009
2026-07-30,300936,中英科技,881270,元件,59.83,59.83,-12.23,3803774.0,209718060.0,-12.0821
2026-07-30,300937,药易购,881143,医药商业,23.71,23.4,-3.67,5883620.0,135705340.0,0.6073
2026-07-30,300938,信测标准,881179,其他社会服务,25.18,25.16,-6.75,21769677.0,527421080.0,-5.1796
2026-07-30,300939,秋田微,881122,光学光电子,43.96,43.88,-2.41,3786707.0,164790770.0,-4.5805
2026-07-30,300940,南极光,881122,光学光电子,13.21,13.18,-2.95,6928932.0,90268022.0,-0.7675
2026-07-30,300941,创识科技,881130,计算机设备,14.0,13.94,0.21,4092350.0,58046101.0,-0.2459
2026-07-30,300942,易瑞生物,881144,医疗器械,6.06,6.05,0.17,5651967.0,34533012.0,-0.1043
2026-07-30,300943,春晖智控,881117,通用设备,22.67,22.27,-12.31,15901591.0,331406000.0,-5.0835
2026-07-30,300945,曼卡龙,881136,服装家纺,11.0,11.05,1.82,13501194.0,152409540.0,-0.2027
2026-07-30,300946,恒而达,881117,通用设备,37.48,38.12,-2.43,1170634.0,43758747.0,-1.7929
2026-07-30,300947,德必集团,881158,零售,13.06,13.06,1.3,3476857.0,46430561.0,-0.2822
2026-07-30,300948,冠中生态,881181,环境治理,16.15,16.11,-6.81,5029723.0,77662194.0,-2.4098
2026-07-30,300949,奥雅股份,881116,建筑装饰,19.98,20.37,-0.85,1657325.0,33561006.0,-0.7052
2026-07-30,300950,德固特,881118,专用设备,15.57,15.67,0.51,4289174.0,69129259.0,-0.5912
2026-07-30,300951,博硕科技,881124,消费电子,57.92,59.0,-13.76,9912224.0,539758880.0,1.8571
2026-07-30,300952,恒辉安防,881136,服装家纺,15.88,15.91,-4.66,5302845.0,82180692.0,-1.1376
2026-07-30,300953,震裕科技,881281,电池,88.87,88.99,-4.29,6345696.0,547227540.0,-13.2916
2026-07-30,300955,嘉亨家化,881182,美容护理,,,,,,
2026-07-30,300956,英力股份,881124,消费电子,10.05,10.05,-2.49,4666384.0,46339768.0,-0.6353
2026-07-30,300957,贝泰妮,881182,美容护理,33.22,33.18,1.81,12465382.0,424970890.0,-0.0337
2026-07-30,300958,建工修复,881181,环境治理,11.09,11.01,-0.81,3000854.0,33334624.0,-0.1902
2026-07-30,300959,线上线下,881162,通信服务,91.01,90.29,-8.23,2852466.0,245440300.0,-15.405
2026-07-30,300960,通业科技,881269,轨交设备,15.14,14.99,-1.45,1465724.0,22112452.0,-0.5232
2026-07-30,300961,深水海纳,881181,环境治理,9.85,9.89,-2.23,6678946.0,66143625.0,-0.806
2026-07-30,300962,中金辐照,881179,其他社会服务,12.57,12.54,0.48,2226500.0,28090242.0,-0.1536
2026-07-30,300963,中洲特材,881114,金属新材料,11.73,11.73,-2.22,10558934.0,123572830.0,-0.5924
2026-07-30,300964,本川智能,881270,元件,47.92,47.38,-7.55,4519762.0,207138090.0,-6.9421
2026-07-30,300965,恒宇信通,881166,军工装备,41.42,41.01,-2.51,1875462.0,77534988.0,-1.8032
2026-07-30,300966,共同药业,881140,化学制药,22.43,22.38,-5.08,3482626.0,75610815.0,-1.6336
2026-07-30,300967,晓鸣股份,881102,养殖业,14.6,14.61,-1.51,3656526.0,53218156.0,-0.505
2026-07-30,300968,格林精密,881124,消费电子,10.55,10.35,-11.09,27661679.0,274378320.0,0.0867
2026-07-30,300969,恒帅股份,881126,汽车零部件,69.44,68.69,-7.34,3327108.0,218992360.0,-8.4914
2026-07-30,300970,华绿生物,881101,种植业与林业,15.95,15.99,-1.38,4714094.0,74744009.0,-1.2466
2026-07-30,300971,博亚精工,881118,专用设备,17.54,17.5,-2.22,2000500.0,34667346.0,-0.7799
2026-07-30,300972,万辰集团,881158,零售,211.3,210.04,3.64,3746825.0,816852700.0,4.4347
2026-07-30,300973,立高食品,881134,食品加工制造,24.65,24.55,2.6,7479573.0,190946210.0,-0.3748
2026-07-30,300975,商络电子,881123,其他电子,24.32,24.02,-7.03,56318718.0,1303529260.0,-3.8287
2026-07-30,300976,达瑞电子,881124,消费电子,51.52,50.58,-11.59,6746256.0,318717770.0,-6.0026
2026-07-30,300977,深圳瑞捷,881116,建筑装饰,14.62,14.7,-1.44,1411750.0,20540835.0,-0.6879
2026-07-30,300978,东箭科技,881126,汽车零部件,8.34,8.29,-0.84,3163700.0,26466993.0,-0.1771
2026-07-30,300979,华利集团,881135,纺织制造,36.1,35.99,1.5,5603136.0,206815470.0,0.9696
2026-07-30,300980,祥源新材,881265,塑料制品,20.09,20.03,-5.28,5131383.0,99290907.0,-2.5804
2026-07-30,300981,中红医疗,881144,医疗器械,12.85,13.88,10.35,45988550.0,652179270.0,0.3365
2026-07-30,300982,苏文电能,881116,建筑装饰,14.73,14.77,-2.58,2482840.0,36206816.0,-0.7818
2026-07-30,300983,尤安设计,881116,建筑装饰,35.72,36.0,-1.23,2067642.0,70066947.0,-0.5764
2026-07-30,300984,金沃股份,881117,通用设备,30.8,30.6,-8.83,5627885.0,162307280.0,-2.8913
2026-07-30,300985,致远新能,881117,通用设备,29.35,29.88,-7.46,6050324.0,167956940.0,-1.791
2026-07-30,300986,志特新材,881115,建筑材料,10.33,10.31,-2.9,31001970.0,318067560.0,-0.7689
2026-07-30,300987,川网传媒,881164,文化传媒,12.58,12.46,-0.24,3833200.0,48700774.0,-0.256
2026-07-30,300988,津荣天宇,881118,专用设备,14.37,14.3,-4.94,6448606.0,90102279.0,-0.6387
2026-07-30,300989,蕾奥规划,881116,建筑装饰,9.98,9.98,11.92,10036666.0,106872844.0,-0.8422
2026-07-30,300990,同飞股份,881117,通用设备,75.04,74.74,-14.45,8649822.0,587515630.0,-5.5481
2026-07-30,300991,创益通,881123,其他电子,24.29,23.92,-5.27,3159000.0,73862974.0,-3.1141
2026-07-30,300992,泰福泵业,881117,通用设备,21.81,21.65,-7.06,1801300.0,38010032.0,-1.4699
2026-07-30,300993,玉马科技,881139,家居用品,9.58,9.61,-0.1,2846500.0,27382412.0,-0.208
2026-07-30,300994,久祺股份,881128,汽车服务及其他,10.44,10.41,-0.57,1944900.0,20395616.0,-0.3168
2026-07-30,300995,奇德新材,881265,塑料制品,24.36,24.68,-3.2,1885500.0,45470006.0,-1.5337
2026-07-30,300996,普联软件,881272,软件开发,12.93,14.5,20.03,46753071.0,704744290.0,0.4192
2026-07-30,300997,欢乐家,881133,饮料制造,18.0,17.82,-2.17,36213694.0,657629520.0,0.1158
2026-07-30,300998,宁波方正,881126,汽车零部件,22.8,22.64,-3.68,4190700.0,93308674.0,-1.6875
2026-07-30,300999,金龙鱼,881103,农产品加工,26.27,26.2,2.28,13853073.0,370278640.0,0.3744
2026-07-30,301000,肇民科技,881126,汽车零部件,23.18,23.0,-2.07,3171702.0,72638442.0,-2.3836
2026-07-30,301001,凯淳股份,881177,互联网电商,21.82,21.82,0.0,1518699.0,33655368.0,-0.7146
2026-07-30,301002,崧盛股份,881122,光学光电子,26.74,26.9,-7.03,4606738.0,118385529.0,-4.1072
2026-07-30,301003,江苏博云,881265,塑料制品,47.66,47.66,-8.35,2490370.0,111564999.0,-1.7084
2026-07-30,301004,嘉益股份,881139,家居用品,37.12,37.27,3.18,995194.0,37831278.0,0.5096
2026-07-30,301005,超捷股份,881126,汽车零部件,63.35,63.35,-5.04,7187600.0,444427980.0,-11.4937
2026-07-30,301006,迈拓股份,881117,通用设备,12.13,12.13,0.91,2179935.0,26708938.0,-0.4459
2026-07-30,301007,德迈仕,881126,汽车零部件,27.13,27.0,-7.78,4548600.0,117226921.0,-2.0086
2026-07-30,301008,宏昌科技,881131,白色家电,31.55,31.64,-5.36,5081997.0,155399910.0,0.6464
2026-07-30,301009,可靠股份,881182,美容护理,8.55,8.46,0.7,5757487.0,50283504.0,-0.1183
2026-07-30,301010,晶雪节能,881115,建筑材料,15.42,15.39,-0.58,1827482.0,28281138.0,-0.6885
2026-07-30,301011,华立科技,881139,家居用品,14.28,14.2,-0.98,2560276.0,36794190.0,-0.3717
2026-07-30,301012,扬电科技,881278,电网设备,26.1,25.69,-10.84,21495920.0,528940270.0,-0.2952
2026-07-30,301013,利和兴,881118,专用设备,37.39,36.7,-5.54,38112481.0,1406743500.0,-5.9801
2026-07-30,301015,百洋医药,881143,医药商业,22.86,22.78,-2.06,5816490.0,132228364.0,0.4922
2026-07-30,301016,雷尔伟,881269,轨交设备,11.85,11.73,-3.46,2238650.0,26093475.0,-0.7494
2026-07-30,301017,漱玉平民,881143,医药商业,12.53,12.53,-0.8,5914491.0,74511033.0,-0.259
2026-07-30,301018,申菱环境,881117,通用设备,77.55,77.05,-12.64,20497471.0,1447380600.0,-8.6203
2026-07-30,301019,宁波色母,881265,塑料制品,14.41,14.33,-2.43,3394292.0,48887354.0,-0.5882
2026-07-30,301020,密封科技,881126,汽车零部件,18.28,18.28,-2.35,2394700.0,43362843.0,-1.385
2026-07-30,301021,英诺激光,881171,自动化设备,57.76,57.49,-11.15,9273167.0,497222330.0,-11.645
2026-07-30,301022,海泰科,881126,汽车零部件,21.82,21.66,-0.09,1591534.0,34667445.0,-0.839
2026-07-30,301023,奕帆传动,881277,电机,27.31,27.0,-4.32,1335520.0,35517869.0,-1.5995
2026-07-30,301024,霍普股份,881116,建筑装饰,29.15,28.98,-5.66,1244033.0,35180617.0,-3.0196
2026-07-30,301025,读客文化,881164,文化传媒,8.29,8.2,-0.12,10205400.0,85545688.0,-0.1949
2026-07-30,301026,浩通科技,881170,小金属,17.15,17.23,-2.27,3889142.0,66199904.0,-1.0918
2026-07-30,301027,华蓝集团,881116,建筑装饰,18.93,18.98,-4.6,4393800.0,79792931.0,-0.4454
2026-07-30,301028,鼎熔岩,881117,通用设备,11.87,11.79,-3.45,5206893.0,60541136.0,-1.3859
2026-07-30,301029,怡合达,881171,自动化设备,24.5,24.32,-1.31,8602553.0,207508270.0,-1.4127
2026-07-30,301030,*ST仕净,881284,环保设备,8.28,8.29,-4.23,8987420.0,72456466.0,-0.5639
2026-07-30,301031,中熔电气,881123,其他电子,80.2,79.78,-1.02,2525313.0,200458710.0,-8.9432
2026-07-30,301032,新柴股份,881117,通用设备,9.42,9.33,-0.85,3322382.0,31189482.0,-0.2917
2026-07-30,301033,迈普医学,881144,医疗器械,61.94,60.08,-2.31,2137807.0,128358987.0,1.8454
2026-07-30,301035,润丰股份,881263,农化制品,55.6,55.44,2.16,2509639.0,142387680.0,1.4971
2026-07-30,301036,双乐股份,881109,化学制品,19.79,19.79,-0.96,1299985.0,25862422.0,-0.9926
2026-07-30,301037,保立佳,881109,化学制品,11.24,11.24,1.87,2344461.0,26900806.0,-0.554
2026-07-30,301038,深水规院,881116,建筑装饰,15.34,15.31,-2.22,3803177.0,57505793.0,-0.7945
2026-07-30,301039,中集车辆,881125,汽车整车,8.22,8.18,0.0,31687402.0,259861140.0,0.2003
2026-07-30,301040,中环海陆,881280,风电设备,22.33,22.08,-3.58,1758565.0,38737389.0,-1.3327
2026-07-30,301041,金百泽,881270,元件,21.22,21.18,-5.94,3950239.0,80867052.0,-2.9639
2026-07-30,301042,安联锐视,881130,计算机设备,26.42,26.05,-4.47,6994143.0,181344170.0,-11.9956
2026-07-30,301043,绿岛风,881117,通用设备,38.22,37.89,-3.95,1017600.0,37727774.0,-2.6649
2026-07-30,301045,天禄科技,881122,光学光电子,57.71,58.0,-9.25,5951200.0,320882080.0,-4.1418
2026-07-30,301046,能辉科技,881116,建筑装饰,17.36,17.21,-7.26,3447881.0,57040846.0,-2.6591
2026-07-30,301047,义翘神州,881142,生物制品,68.73,68.19,-2.49,1473350.0,99890348.0,0.6718
2026-07-30,301048,金鹰重工,881269,轨交设备,8.86,8.79,0.0,3778310.0,33628449.0,-0.0793
2026-07-30,301049,超越科技,881181,环境治理,18.14,18.0,-0.44,1500800.0,27239504.0,-0.5266
2026-07-30,301050,雷电微力,881276,军工电子,30.03,29.78,-1.17,3611566.0,108186296.0,-1.3914
2026-07-30,301051,信濠光电,881124,消费电子,13.0,13.01,-5.54,9600998.0,119753168.0,-1.505
2026-07-30,301052,果麦文化,881164,文化传媒,23.1,22.92,-2.16,6922203.0,160987440.0,-0.6831
2026-07-30,301053,远信工业,881118,专用设备,40.18,40.0,-1.69,3635261.0,143816910.0,-0.4093
2026-07-30,301055,张小泉,881139,家居用品,27.0,27.0,-8.81,5923960.0,149788310.0,-3.0275
2026-07-30,301056,森赫股份,881118,专用设备,9.49,9.5,-1.05,3241438.0,30815737.0,-0.648
2026-07-30,301057,汇隆新材,881264,化学纤维,19.47,19.56,0.92,3333410.0,66370485.0,-1.5868
2026-07-30,301058,中粮科工,881116,建筑装饰,8.2,8.19,-0.61,4192300.0,34324552.0,-0.0443
2026-07-30,301059,金三江,881182,美容护理,10.93,10.9,-0.91,2182280.0,23766846.0,-0.564
2026-07-30,301060,兰卫医学,881175,医疗服务,8.57,8.58,-2.1,6672000.0,56692450.0,-0.1287
2026-07-30,301061,匠心家居,881139,家居用品,38.55,37.89,-2.7,4649547.0,178830940.0,-0.1569
2026-07-30,301062,上海艾录,881138,包装印刷,5.97,5.96,-0.17,9495280.0,57400762.0,-0.1019
2026-07-30,301063,海锅股份,881118,专用设备,16.14,16.22,-0.43,1857800.0,30154529.0,-0.6069
2026-07-30,301065,本立科技,881140,化学制药,17.34,17.34,-0.06,1602900.0,27901066.0,-0.5226
2026-07-30,301066,万事利,881135,纺织制造,11.73,11.67,0.34,6398282.0,76565988.0,-0.3604
2026-07-30,301067,显盈科技,881124,消费电子,23.9,23.88,-8.7,3655475.0,82064337.0,-2.7081
2026-07-30,301068,大地海洋,881181,环境治理,25.05,25.03,-6.51,999300.0,24113572.0,-0.9972
2026-07-30,301069,凯盛新材,881108,化学原料,15.96,15.81,-1.88,5529022.0,87595896.0,-1.3447
2026-07-30,301070,开勒股份,881117,通用设备,54.01,53.06,-8.07,4816402.0,239721300.0,-7.0685
2026-07-30,301071,力量钻石,881167,非金属材料,53.04,52.7,-7.71,15648264.0,781965540.0,-7.0348
2026-07-30,301072,中捷精工,881126,汽车零部件,31.91,31.92,-7.27,4984300.0,149557760.0,-1.2635
2026-07-30,301073,君亭酒店,881160,旅游及酒店,18.2,18.03,-4.34,16653136.0,302212050.0,-0.5592
2026-07-30,301075,多瑞医药,881140,化学制药,48.53,48.05,-7.25,1654701.0,76477194.0,-4.7119
2026-07-30,301076,新瀚新材,881109,化学制品,20.2,20.1,-3.32,3600300.0,71415786.0,-1.9885
2026-07-30,301077,星华新材,881109,化学制品,18.76,18.88,-3.09,1806554.0,33465186.0,-1.5245
2026-07-30,301078,孩子王,881158,零售,7.43,7.37,0.4,35148000.0,263895790.0,-0.033
2026-07-30,301079,邵阳液压,881268,工程机械,26.38,26.2,-3.56,3423782.0,88789156.0,-2.3623
2026-07-30,301080,百普赛斯,881142,生物制品,50.65,50.13,-6.18,5135194.0,249497290.0,1.5861
2026-07-30,301081,严牌股份,881284,环保设备,10.65,10.72,-2.25,5124997.0,53730246.0,-1.2106
2026-07-30,301082,久盛电气,881278,电网设备,8.82,8.79,-1.25,6208415.0,54682955.0,-0.2381
2026-07-30,301083,百胜智能,881117,通用设备,12.47,12.45,-2.57,2317600.0,28730460.0,-0.4835
2026-07-30,301085,亚康股份,881271,IT服务,60.32,59.68,-8.84,5078108.0,289920320.0,-1.6469
2026-07-30,301086,鸿富瀚,881124,消费电子,99.8,100.01,-11.93,5008870.0,453259110.0,-21.2234
2026-07-30,301087,可孚医疗,881144,医疗器械,53.31,53.08,-1.93,1932020.0,102522147.0,1.491
2026-07-30,301088,戎美股份,881136,服装家纺,11.32,11.32,-0.27,1277557.0,14528054.0,-0.4099
2026-07-30,301089,拓新药业,881140,化学制药,22.6,22.6,-2.21,2318090.0,51748672.0,-0.1216
2026-07-30,301090,华润材料,881265,塑料制品,6.34,6.31,2.68,13005674.0,83793329.0,-0.1243
2026-07-30,301091,深城交,881116,建筑装饰,15.67,15.6,4.59,12899455.0,211683460.0,-0.3729
2026-07-30,301092,争光股份,881265,塑料制品,38.18,38.18,-7.02,6017132.0,218511370.0,-2.817
2026-07-30,301093,华兰股份,881144,医疗器械,60.33,60.7,-8.54,5434921.0,307627540.0,-8.5961
2026-07-30,301095,广立微,881272,软件开发,67.24,66.5,-7.26,9255504.0,593370680.0,-10.0991
2026-07-30,301096,百诚医药,881175,医疗服务,38.4,38.15,-6.35,3413700.0,126356077.0,-4.7507
2026-07-30,301097,天益医疗,881144,医疗器械,31.03,30.89,-4.35,853361.0,25724398.0,-1.6963
2026-07-30,301098,金埔园林,881116,建筑装饰,7.07,7.07,-3.82,8542683.0,58735956.0,-0.5034
2026-07-30,301099,雅创电子,881123,其他电子,44.77,44.52,-6.59,11026833.0,471113450.0,-5.0991
2026-07-30,301100,风光股份,881109,化学制品,15.32,15.17,-3.52,3242290.0,48835955.0,-0.1323
2026-07-30,301101,明月镜片,881139,家居用品,29.1,29.0,1.27,2731721.0,80761885.0,-0.3229
2026-07-30,301102,兆讯传媒,881164,文化传媒,9.15,9.18,-1.75,2226750.0,20432654.0,-0.0927
2026-07-30,301103,何氏眼科,881175,医疗服务,15.41,15.4,0.45,1649300.0,25659137.0,-0.2595
2026-07-30,301105,鸿铭股份,881118,专用设备,45.36,44.9,-3.95,863800.0,38392134.0,-0.9739
2026-07-30,301106,骏成科技,881122,光学光电子,15.37,15.29,-3.06,2666876.0,40437440.0,-1.6131
2026-07-30,301107,瑜欣电子,881117,通用设备,17.53,17.35,-3.99,1771406.0,30288553.0,-1.3659
2026-07-30,301108,洁雅股份,881182,美容护理,34.28,34.28,-1.14,3516077.0,117911456.0,1.8016
2026-07-30,301109,军信股份,881181,环境治理,14.07,14.08,0.43,3731070.0,52890437.0,0.1058
2026-07-30,301110,青木科技,881177,互联网电商,35.32,34.95,-1.98,4197244.0,149215230.0,-1.4926
2026-07-30,301111,粤万年青,881141,中药,17.72,17.63,-6.21,4547200.0,77724093.0,-2.1925
2026-07-30,301112,信邦智能,881171,自动化设备,34.2,32.88,-11.49,5333300.0,167663480.0,-0.6307
2026-07-30,301113,雅艺科技,881139,家居用品,14.09,14.23,-0.5,1337360.0,18943510.0,-0.6856
2026-07-30,301115,联检科技,881179,其他社会服务,22.53,22.54,-4.97,3382200.0,74192930.0,-2.3154
2026-07-30,301116,益客食品,881134,食品加工制造,8.56,8.49,1.99,5519400.0,48323755.0,-0.2322
2026-07-30,301117,佳缘科技,881130,计算机设备,16.34,16.52,-5.08,7811380.0,124314877.0,-2.0452
2026-07-30,301118,恒光股份,881108,化学原料,19.35,19.49,-0.26,5073300.0,98785138.0,-2.3305
2026-07-30,301119,正强股份,881126,汽车零部件,18.95,19.13,-3.32,1493360.0,27881268.0,-1.705
2026-07-30,301120,新特电气,881278,电网设备,14.19,14.19,-2.89,7716520.0,107953209.0,-1.1244
2026-07-30,301121,紫建电子,881281,电池,31.16,30.23,-5.97,2673010.0,79911499.0,-1.4986
2026-07-30,301122,采纳股份,881144,医疗器械,30.98,31.02,-5.84,6459637.0,193234570.0,0.4795
2026-07-30,301123,奕东电子,881124,消费电子,61.02,61.25,-11.55,9836601.0,550736250.0,-11.0672
2026-07-30,301125,腾亚精工,881117,通用设备,11.88,11.88,-4.63,3435720.0,39831574.0,-0.8061
2026-07-30,301126,达嘉维康,881143,医药商业,8.71,8.77,-0.23,5180400.0,45774402.0,-0.2542
2026-07-30,301127,武汉天源,881181,环境治理,13.12,12.99,-8.84,37030690.0,460611200.0,-0.7608
2026-07-30,301128,强瑞技术,881118,专用设备,96.41,95.8,-12.85,5557676.0,490236550.0,-14.9921
2026-07-30,301129,瑞纳智能,881117,通用设备,19.94,19.75,-0.85,1627258.0,32400842.0,-0.8379
2026-07-30,301130,西点药业,881140,化学制药,22.83,22.92,-2.58,1990100.0,44908613.0,-0.985
2026-07-30,301131,聚赛龙,881265,塑料制品,30.52,30.7,-0.1,1070956.0,32972127.0,-1.2995
2026-07-30,301132,满坤科技,881270,元件,27.72,27.57,-4.94,4592364.0,123793685.0,-4.3693
2026-07-30,301133,金钟股份,881126,汽车零部件,23.66,23.58,-7.82,4252358.0,95745689.0,-4.3337
2026-07-30,301135,瑞德智能,881131,白色家电,14.92,14.77,-1.81,1679724.0,24976989.0,-0.7
2026-07-30,301136,招标股份,881116,建筑装饰,10.85,10.84,-1.38,6663616.0,72599349.0,-0.4186
2026-07-30,301137,哈焊华通,881117,通用设备,31.65,31.22,-1.96,4364571.0,138294620.0,-1.3186
2026-07-30,301138,华研精机,881118,专用设备,24.58,24.58,-2.77,843800.0,20533513.0,-1.7076
2026-07-30,301139,*ST元道,881162,通信服务,3.74,3.36,-13.64,26806083.0,92508809.0,-0.5262
2026-07-30,301141,中科磁业,881114,金属新材料,35.41,35.4,-2.06,1279192.0,45040101.0,-2.7185
2026-07-30,301148,嘉戎技术,881181,环境治理,43.41,43.19,-3.39,1061814.0,45205983.0,-3.6301
2026-07-30,301149,隆华新材,881109,化学制品,7.23,7.21,-1.38,6097510.0,43918426.0,-0.4249
2026-07-30,301150,中一科技,881281,电池,35.14,35.01,-8.65,21686619.0,715674970.0,-5.1688
2026-07-30,301151,冠龙节能,881117,通用设备,15.99,15.83,-7.88,5363600.0,81666056.0,-0.7657
2026-07-30,301152,天力锂能,881281,电池,20.87,20.9,-1.39,3570509.0,73802155.0,-1.2734
2026-07-30,301153,中科江南,881272,软件开发,16.78,16.69,1.31,5325819.0,91128502.0,-0.2036
2026-07-30,301155,海力风电,881280,风电设备,42.84,42.63,1.24,7079195.0,311651770.0,-1.4229
2026-07-30,301156,美农生物,881109,化学制品,10.46,10.46,-1.24,3307801.0,34567728.0,-0.4745
2026-07-30,301157,华塑科技,881282,其他电源设备,48.26,48.49,-2.2,1029100.0,48737798.0,-4.4929
2026-07-30,301158,德石股份,881118,专用设备,14.74,15.17,2.71,17697654.0,265156630.0,0.0429
2026-07-30,301159,三维天地,881272,软件开发,27.94,27.62,-1.97,2001400.0,55687444.0,-1.2533
2026-07-30,301160,翔楼新材,881117,通用设备,35.68,35.45,-12.22,5357385.0,176299920.0,-3.0304
2026-07-30,301161,唯万密封,881268,工程机械,24.32,24.1,-5.55,4673820.0,109603413.0,-3.1401
2026-07-30,301162,国能日新,881272,软件开发,37.99,37.46,1.18,2349400.0,90643191.0,-1.2954
2026-07-30,301163,宏德股份,881280,风电设备,20.98,20.92,-2.05,1596600.0,33184763.0,-1.0255
2026-07-30,301165,锐捷网络,881129,通信设备,105.0,105.74,-2.86,27315512.0,2856936200.0,9.2799
2026-07-30,301166,优宁维,881142,生物制品,24.66,24.66,-0.97,1678700.0,41367093.0,-0.718
2026-07-30,301167,建研设计,881116,建筑装饰,12.53,12.7,-0.48,2779700.0,34957437.0,-0.3868
2026-07-30,301168,通灵股份,881279,光伏设备,39.8,39.6,-3.34,1316900.0,50999741.0,-0.969
2026-07-30,301169,零点有数,881179,其他社会服务,45.15,44.75,-10.99,2332400.0,98404686.0,-7.6766
2026-07-30,301170,锡南科技,881126,汽车零部件,21.12,21.05,-0.33,792300.0,16700536.0,-0.7366
2026-07-30,301171,易点天下,881164,文化传媒,26.09,25.8,-2.61,38741083.0,1023844280.0,-2.5031
2026-07-30,301172,君逸数码,881271,IT服务,20.47,20.41,-5.23,6183581.0,123906901.0,-2.2682
2026-07-30,301173,毓恬冠佳,,,28.78,28.69,2.26,972827.0,28298834.0,-1.0967
2026-07-30,301175,中科环保,881181,环境治理,5.28,5.29,4.36,38372606.0,208336700.0,0.015
2026-07-30,301176,逸豪新材,881270,元件,40.18,38.51,-8.66,11772773.0,449447150.0,-5.0618
2026-07-30,301177,迪阿股份,881136,服装家纺,22.18,22.01,-0.09,1437610.0,32162924.0,-1.1345
2026-07-30,301178,天亿马,881271,IT服务,30.91,30.91,-5.92,3154273.0,93949088.0,-2.7082
2026-07-30,301179,泽宇智能,881278,电网设备,18.2,18.16,-2.86,3020300.0,54453535.0,-0.8581
2026-07-30,301180,万祥科技,881124,消费电子,10.88,10.82,-3.68,4019966.0,42709961.0,-0.7781
2026-07-30,301181,标榜股份,881126,汽车零部件,20.3,20.2,-2.56,1480670.0,29637272.0,-1.6432
2026-07-30,301182,凯旺科技,881124,消费电子,51.3,51.22,-9.92,4174271.0,200311920.0,-10.8837
2026-07-30,301183,东田微,881122,光学光电子,155.55,152.62,-13.21,5984496.0,846774830.0,-19.7181
2026-07-30,301185,鸥玛软件,881272,软件开发,15.8,15.67,0.19,2947328.0,47103537.0,0.0088
2026-07-30,301186,超达装备,881126,汽车零部件,30.88,30.65,-6.31,2174006.0,64290448.0,-2.7123
2026-07-30,301187,欧圣电气,881173,小家电,14.23,14.15,4.78,4741107.0,69825208.0,-0.5059
2026-07-30,301188,力诺药包,881144,医疗器械,33.94,34.16,-6.84,16759950.0,539098030.0,-5.0816
2026-07-30,301189,奥尼电子,881124,消费电子,43.2,43.0,-9.07,6225109.0,250936400.0,-5.0007
2026-07-30,301190,善水科技,881108,化学原料,18.12,17.67,-1.99,9793728.0,176969860.0,0.0068
2026-07-30,301191,菲菱科思,881129,通信设备,93.9,95.53,-11.9,6662872.0,579952900.0,-4.2778
2026-07-30,301192,泰祥股份,881126,汽车零部件,17.83,17.99,-1.51,1439700.0,25774602.0,-0.8762
2026-07-30,301193,家联科技,881139,家居用品,15.83,15.99,-3.1,3985200.0,62165747.0,-1.2178
2026-07-30,301195,北路智控,881272,软件开发,24.75,24.58,-1.13,1508050.0,37262075.0,-1.3425
2026-07-30,301196,唯科科技,881265,塑料制品,66.13,67.77,-8.32,6033501.0,375350350.0,-13.8033
2026-07-30,301197,工大科雅,881117,通用设备,22.8,22.69,-0.48,4063434.0,92292328.0,-2.1213
2026-07-30,301198,喜悦智行,881138,包装印刷,10.48,10.47,-2.86,4458037.0,46213813.0,-1.0409
2026-07-30,301199,迈赫股份,881171,自动化设备,17.3,17.25,-2.77,1603200.0,27336365.0,-0.6866
2026-07-30,301200,大族数控,881171,自动化设备,230.56,229.23,-8.31,3685704.0,797704770.0,-22.581
2026-07-30,301201,诚达药业,881175,医疗服务,27.65,27.65,-2.06,6612837.0,181606290.0,-2.5408
2026-07-30,301202,朗威股份,881129,通信设备,31.37,31.34,-5.45,1769016.0,53757122.0,-1.5526
2026-07-30,301203,国泰环保,881181,环境治理,31.31,31.35,-3.8,899738.0,27637783.0,-3.1241
2026-07-30,301205,联特科技,881129,通信设备,229.51,222.8,-12.12,11184156.0,2315654700.0,-22.2751
2026-07-30,301206,三元生物,881109,化学制品,23.64,23.58,-1.78,1920205.0,44892821.0,-0.1043
2026-07-30,301207,华兰疫苗,881142,生物制品,17.37,17.28,0.06,4273149.0,74297734.0,0.0284
2026-07-30,301208,中亦科技,881271,IT服务,27.86,27.56,-0.54,1097400.0,30822756.0,-0.6212
2026-07-30,301209,联合化学,881109,化学制品,41.5,40.97,-5.2,2170659.0,86789427.0,-4.0919
2026-07-30,301210,金杨精密,881281,电池,21.92,21.77,-0.73,5511086.0,121173784.0,-2.1159
2026-07-30,301211,亨迪药业,881140,化学制药,10.46,10.4,-5.54,11770187.0,119421874.0,-0.1823
2026-07-30,301212,联盛化学,881109,化学制品,20.27,20.6,-2.61,1479600.0,29859975.0,-1.5582
2026-07-30,301213,观想科技,881276,军工电子,38.85,38.53,-3.84,1656037.0,62927938.0,-2.6385
2026-07-30,301215,中汽股份,881128,汽车服务及其他,5.24,5.23,0.76,11398706.0,60152257.0,-0.0643
2026-07-30,301216,万凯新材,881265,塑料制品,16.01,16.01,-3.44,12817364.0,200316990.0,-2.0183
2026-07-30,301217,铜冠铜箔,881281,电池,86.96,86.95,-8.57,33368356.0,2716120900.0,-15.3764
2026-07-30,301218,华是科技,881271,IT服务,38.9,38.58,-8.28,7656952.0,281936740.0,-0.4641
2026-07-30,301219,腾远钴业,881267,能源金属,44.83,44.6,-0.27,7170443.0,320522090.0,-2.9904
2026-07-30,301220,亚香股份,881109,化学制品,26.53,26.52,-1.73,1289753.0,34111276.0,-2.0842
2026-07-30,301221,光庭信息,881272,软件开发,25.71,25.41,-1.56,1693047.0,43439639.0,-1.3209
2026-07-30,301222,浙江恒威,881281,电池,22.89,22.68,-6.07,2215240.0,48740008.0,-2.3841
2026-07-30,301223,中荣股份,881138,包装印刷,16.02,16.06,-0.44,730545.0,11646338.9,-0.181
2026-07-30,301225,恒勃股份,881126,汽车零部件,49.21,49.1,-9.02,4155464.0,190101970.0,-4.1614
2026-07-30,301226,祥明智能,881117,通用设备,28.0,27.99,-5.36,2623682.0,72054207.0,-1.8046
2026-07-30,301227,森鹰窗业,881139,家居用品,17.14,16.98,-1.58,2064328.0,34781148.0,-2.1928
2026-07-30,301228,实朴检测,881179,其他社会服务,61.12,62.0,2.59,3457400.0,215496290.0,-3.202
2026-07-30,301229,纽泰格,881126,汽车零部件,11.14,11.31,-0.27,3030292.0,33887820.0,-0.64
2026-07-30,301230,泓博医药,881175,医疗服务,24.11,24.04,-6.47,10097986.0,235388880.0,-1.2053
2026-07-30,301231,荣信文化,881164,文化传媒,23.78,23.7,-7.44,5745269.0,132760960.0,-1.5666
2026-07-30,301232,飞沃科技,881280,风电设备,99.9,99.66,-8.87,3902311.0,368851130.0,-13.2508
2026-07-30,301233,盛帮股份,881126,汽车零部件,30.52,30.52,-3.54,1029178.0,31042161.0,-2.2003
2026-07-30,301234,五洲医疗,881144,医疗器械,67.89,67.32,1.93,7028636.0,479703030.0,7.9876
2026-07-30,301235,华康洁净,881175,医疗服务,35.63,35.7,-7.16,7700963.0,262484440.0,-7.8167
2026-07-30,301236,软通动力,881271,IT服务,35.39,35.0,-1.36,16343133.0,578152890.0,-1.3101
2026-07-30,301237,和顺科技,881265,塑料制品,48.06,47.5,-3.54,2322100.0,108319009.0,-5.9377
2026-07-30,301238,瑞泰新材,881281,电池,15.9,15.74,-0.38,12198874.0,193552620.0,-1.6876
2026-07-30,301239,普瑞眼科,881175,医疗服务,32.38,32.07,-0.77,2011500.0,65428102.0,-0.3931
2026-07-30,301246,宏源药业,881140,化学制药,19.2,19.03,-2.5,7908975.0,149717540.0,-2.1947
2026-07-30,301248,杰创智能,881271,IT服务,52.57,52.0,-7.74,5786150.0,288909010.0,-6.7066
2026-07-30,301251,威尔高,881270,元件,29.26,28.89,-8.99,6834874.0,188344220.0,-5.8024
2026-07-30,301252,同星科技,881117,通用设备,27.25,27.19,-2.35,3218047.0,87420631.0,-3.2272
2026-07-30,301255,通力科技,881117,通用设备,18.92,18.48,-1.96,1278100.0,24001047.0,-1.2618
2026-07-30,301256,华融化学,881108,化学原料,9.39,9.31,-2.02,4573910.0,42642719.0,-0.7374
2026-07-30,301257,普蕊斯,881175,医疗服务,41.21,40.75,-9.05,6457079.0,252632640.0,-1.3141
2026-07-30,301258,富士莱,881140,化学制药,24.94,24.0,-7.74,3376274.0,79755486.0,-0.4277
2026-07-30,301259,艾布鲁,881181,环境治理,20.35,20.7,3.73,9123535.0,191465730.0,-1.3821
2026-07-30,301260,格力博,881118,专用设备,12.7,12.65,-1.57,1720217.0,21773660.0,-0.6138
2026-07-30,301261,恒工精密,881117,通用设备,51.33,51.02,-4.93,2189005.0,108968192.0,-4.9575
2026-07-30,301262,海看股份,881164,文化传媒,19.9,19.64,1.01,13691767.0,278115570.0,-0.1
2026-07-30,301263,泰恩康,881140,化学制药,19.89,19.8,-2.82,3845225.0,75497092.0,-0.259
2026-07-30,301265,华新科技,881181,环境治理,17.84,17.96,-5.77,6964681.0,119166923.0,-2.3944
2026-07-30,301266,宇邦新材,881279,光伏设备,19.61,19.63,-0.61,2944382.0,57814471.0,-1.2111
2026-07-30,301267,华厦眼科,881175,医疗服务,16.15,16.02,2.66,5358657.0,87933912.0,0.1071
2026-07-30,301268,铭利达,881117,通用设备,12.7,12.7,-0.47,3612195.0,45820774.0,-0.828
2026-07-30,301269,华大九天,881272,软件开发,90.0,89.01,-5.01,8197139.0,713474100.0,-5.4248
2026-07-30,301270,汉仪股份,881272,软件开发,30.65,30.6,-1.57,3967300.0,121217392.0,0.3167
2026-07-30,301272,英华特,881117,通用设备,30.93,30.93,-1.71,776103.0,23840709.0,-1.4708
2026-07-30,301273,瑞晨环保,881117,通用设备,38.91,39.25,-5.04,3910474.0,144368470.0,2.0274
2026-07-30,301275,汉朔科技,,,42.54,42.54,0.47,6541653.0,281712340.0,-0.4282
2026-07-30,301276,嘉曼服饰,881136,服装家纺,18.01,18.0,-2.28,2206940.0,39246934.0,-1.8177
2026-07-30,301277,新天地,881140,化学制药,9.8,9.75,-3.06,4971062.0,48147439.0,-0.017
2026-07-30,301278,快可电子,881279,光伏设备,25.7,25.65,1.36,1717027.0,44654262.0,-1.3974
2026-07-30,301279,金道科技,881268,工程机械,16.63,16.51,-4.03,2180944.0,35511826.0,-1.9322
2026-07-30,301280,珠城科技,881131,白色家电,37.7,36.7,-7.0,2735298.0,99095295.0,-2.9599
2026-07-30,301281,科源制药,881140,化学制药,32.55,32.0,-4.64,3493131.0,111481107.0,-4.037
2026-07-30,301282,金禄电子,881270,元件,22.48,22.01,-7.3,8155092.0,173505080.0,-1.6858
2026-07-30,301283,聚胶股份,881109,化学制品,24.52,24.32,-0.69,1374195.0,33629050.0,-0.5432
2026-07-30,301285,鸿日达,881124,消费电子,68.37,67.78,-10.93,3640948.0,229711550.0,-11.3247
2026-07-30,301286,侨源股份,881109,化学制品,36.92,36.56,-5.9,1813100.0,64016134.0,-5.3234
2026-07-30,301287,康力源,881139,家居用品,32.44,32.44,-0.55,552700.0,18022180.0,-0.7271
2026-07-30,301288,清研环境,881284,环保设备,14.97,14.97,-2.47,1302465.0,19491508.0,-0.8722
2026-07-30,301289,国缆检测,881179,其他社会服务,41.8,41.6,-1.63,567600.0,23629012.0,-1.8526
2026-07-30,301290,东星医疗,881144,医疗器械,25.59,25.58,-4.18,2719000.0,67553430.0,-1.0032
2026-07-30,301291,明阳电气,881278,电网设备,38.98,38.68,-2.95,6766952.0,260090480.0,-0.74
2026-07-30,301292,海科新源,881281,电池,68.0,66.01,-1.65,16464469.0,1097324640.0,-1.9748
2026-07-30,301293,三博脑科,881175,医疗服务,54.56,53.5,-2.99,14774768.0,794390420.0,0.4351
2026-07-30,301295,美硕科技,881278,电网设备,39.16,39.99,-9.88,3820237.0,139690710.0,-2.2928
2026-07-30,301296,新巨丰,881138,包装印刷,6.19,6.19,-0.65,3877700.0,24033239.0,-0.1043
2026-07-30,301297,富乐德,881121,半导体,30.17,29.78,-5.27,18597499.0,542004180.0,-5.2804
2026-07-30,301298,东利机械,881126,汽车零部件,11.31,11.36,0.0,1822300.0,20625530.0,-0.4414
2026-07-30,301299,卓创资讯,881164,文化传媒,41.21,41.21,0.49,1113300.0,46573058.0,-2.058
2026-07-30,301300,远翔新材,881266,橡胶制品,28.11,28.11,-1.17,738406.0,20695767.0,-1.5072
2026-07-30,301301,川宁生物,881140,化学制药,8.58,8.56,0.93,11133538.0,96315452.0,-0.001
2026-07-30,301302,华如科技,881276,军工电子,20.88,20.64,-3.64,4819497.0,98459895.0,-1.6136
2026-07-30,301303,真兰仪表,881117,通用设备,13.49,13.4,-3.56,3631521.0,47838599.0,-0.7232
2026-07-30,301305,朗坤科技,881181,环境治理,20.68,20.7,1.79,7453694.0,157845980.0,-1.8978
2026-07-30,301306,西测测试,881179,其他社会服务,81.5,81.51,-6.67,2888729.0,226470010.0,-18.8761
2026-07-30,301307,美利信,881129,通信设备,49.71,49.33,-12.69,11857419.0,539798010.0,-5.1732
2026-07-30,301308,江波龙,881121,半导体,329.63,325.02,2.78,26830228.0,8974825200.0,-65.9138
2026-07-30,301309,万得凯,881117,通用设备,28.86,29.0,-1.0,1135300.0,32845194.0,-0.9695
2026-07-30,301310,鑫宏业,881126,汽车零部件,58.5,58.5,-8.31,7042188.0,388678790.0,2.4241
2026-07-30,301311,昆船智能,881117,通用设备,13.4,13.27,-0.9,3005800.0,40311170.0,-0.2072
2026-07-30,301312,智立方,881171,自动化设备,59.01,58.55,-11.02,5120097.0,278454360.0,-10.6805
2026-07-30,301313,凡拓数创,881164,文化传媒,30.68,30.64,-6.26,6431100.0,189957310.0,-4.9664
2026-07-30,301314,科瑞思,881129,通信设备,35.78,35.6,-4.39,868300.0,30241922.0,-3.5294
2026-07-30,301315,威士顿,881272,软件开发,35.73,35.6,-0.22,1417113.0,51173992.0,-1.4888
2026-07-30,301316,慧博云通,881271,IT服务,34.86,34.49,-4.99,10913641.0,368667850.0,-2.0554
2026-07-30,301317,鑫磊股份,881117,通用设备,42.69,42.69,-11.01,4707740.0,186198760.0,-5.0281
2026-07-30,301318,维海德,881130,计算机设备,19.16,19.15,-2.35,1240400.0,23578472.0,-0.56
2026-07-30,301319,唯特偶,881172,电子化学品,88.55,88.01,-10.3,10752867.0,880667990.0,-14.9791
2026-07-30,301320,豪江智能,881171,自动化设备,11.93,11.9,-1.51,2073700.0,24609397.0,-0.5598
2026-07-30,301321,翰博高新,881122,光学光电子,32.2,31.25,-9.41,8757403.0,262805770.0,-1.886
2026-07-30,301322,绿通科技,881128,汽车服务及其他,32.09,31.78,-9.01,4124390.0,123584198.0,-5.2797
2026-07-30,301323,新莱福,881114,金属新材料,70.8,70.07,-3.73,2031200.0,139585200.0,-3.1756
2026-07-30,301325,曼恩斯特,881281,电池,29.06,29.09,-0.86,1687000.0,48975785.0,-2.2727
2026-07-30,301326,捷邦科技,881124,消费电子,79.11,78.47,-7.72,2064637.0,154803970.0,-16.4803
2026-07-30,301327,华宝新能,881281,电池,45.02,44.78,-0.58,1257038.0,56878588.0,-1.5628
2026-07-30,301328,维峰电子,881123,其他电子,50.6,50.2,-13.48,4568399.0,207855670.0,-3.6709
2026-07-30,301329,信音电子,881124,消费电子,18.04,17.85,-1.94,3469700.0,61702325.0,-1.7215
2026-07-30,301330,熵基科技,881130,计算机设备,22.54,22.25,-0.18,2797028.0,63215551.0,-0.9814
2026-07-30,301331,恩威医药,881141,中药,20.16,19.87,-4.02,3128417.0,61400779.0,-0.8446
2026-07-30,301332,德尔玛,881173,小家电,7.8,7.72,0.26,2030461.0,15896134.0,-0.1088
2026-07-30,301333,诺思格,881175,医疗服务,48.34,47.89,-5.52,2647534.0,122884505.0,-0.8931
2026-07-30,301335,天元宠物,881139,家居用品,20.55,20.56,2.73,3412734.0,72487845.0,-0.1425
2026-07-30,301336,趣睡科技,881139,家居用品,37.21,37.68,-1.64,1250910.0,46512232.0,-0.7615
2026-07-30,301337,亚华电子,881272,软件开发,22.46,22.35,-2.8,1721424.0,38040467.0,-1.4009
2026-07-30,301338,凯格精机,881118,专用设备,84.17,83.99,-11.74,7083242.0,543872660.0,-17.543
2026-07-30,301339,通行宝,881130,计算机设备,10.9,10.88,1.38,6642631.0,73421812.0,-0.0041
2026-07-30,301345,涛涛车业,881128,汽车服务及其他,242.3,238.0,-6.6,1875349.0,424389590.0,2.199
2026-07-30,301348,蓝箭电子,881121,半导体,18.15,17.91,-4.3,9473370.0,167300790.0,-2.6371
2026-07-30,301349,信德新材,881281,电池,38.5,37.89,-7.74,5432896.0,203103040.0,-5.7621
2026-07-30,301353,普莱得,881117,通用设备,15.92,15.81,-1.63,1329645.0,21106629.0,-0.698
2026-07-30,301355,南王科技,881138,包装印刷,9.26,9.22,-0.86,3250800.0,30255127.0,-0.3288
2026-07-30,301356,天振股份,881139,家居用品,17.7,17.75,-7.51,4645106.0,79768422.0,-2.1757
2026-07-30,301357,北方长龙,881166,军工装备,92.35,89.0,6.44,9210287.0,878831570.0,2.5006
2026-07-30,301358,湖南裕能,881281,电池,64.6,64.3,-0.65,15865547.0,1025238500.0,-3.1844
2026-07-30,301359,东南电子,881123,其他电子,15.12,15.01,-1.72,1637814.0,24456962.0,-0.8054
2026-07-30,301360,荣旗科技,881171,自动化设备,45.65,45.95,-4.73,3054146.0,136141040.0,-6.5876
2026-07-30,301361,众智科技,881278,电网设备,28.04,28.06,-2.5,1319500.0,36620514.0,-1.3276
2026-07-30,301362,民爆光电,881122,光学光电子,110.77,111.0,-7.54,4593680.0,482009400.0,-17.0255
2026-07-30,301363,美好医疗,881144,医疗器械,16.14,16.0,-5.7,19222166.0,301002480.0,-0.9685
2026-07-30,301365,矩阵股份,881116,建筑装饰,35.31,35.13,-9.32,3054300.0,101293178.0,-0.083
2026-07-30,301366,一博科技,881270,元件,37.77,37.69,-3.07,6284222.0,234214610.0,-4.0385
2026-07-30,301367,瑞迈特,881144,医疗器械,44.12,43.68,-0.77,2575761.0,113605820.0,0.8079
2026-07-30,301368,丰立智能,881117,通用设备,37.81,37.49,-1.22,2092777.0,78978286.0,-1.9185
2026-07-30,301369,联动科技,881121,半导体,122.46,121.63,-11.64,3601544.0,408321850.0,-22.4276
2026-07-30,301370,国科恒泰,881143,医药商业,8.55,8.52,0.47,3443900.0,29673603.0,-0.069
2026-07-30,301371,敷尔佳,881182,美容护理,25.48,25.4,0.16,2475471.0,63494243.0,-0.6702
2026-07-30,301372,科净源,881181,环境治理,27.48,27.75,-6.37,1510500.0,40062592.0,-1.7189
2026-07-30,301373,凌玮科技,881109,化学制品,79.02,79.85,-10.6,5417165.0,395308500.0,-17.4407
2026-07-30,301376,致欧科技,881139,家居用品,19.5,19.47,-5.64,4079452.0,76159251.0,0.2719
2026-07-30,301377,鼎泰高科,881117,通用设备,361.28,357.45,-7.83,4929506.0,1689451900.0,-31.3459
2026-07-30,301378,通达海,881272,软件开发,22.96,22.88,2.96,6029635.0,145474150.0,-0.9329
2026-07-30,301379,天山电子,881122,光学光电子,19.94,19.6,-8.83,23349638.0,438136080.0,-2.1004
2026-07-30,301380,挖金客,881162,通信服务,30.08,30.34,-2.93,2505640.0,74289569.0,0.1826
2026-07-30,301381,赛维时代,881177,互联网电商,23.27,23.3,-2.84,23433241.0,549115310.0,1.0283
2026-07-30,301382,蜂助手,881162,通信服务,34.44,33.87,-8.39,11414018.0,372585560.0,-2.2577
2026-07-30,301383,天键股份,881124,消费电子,21.05,20.8,-2.85,1705099.0,35586149.0,-1.3879
2026-07-30,301386,未来电器,881278,电网设备,19.07,19.05,-1.68,1173900.0,22228705.0,-0.6897
2026-07-30,301387,光大同创,881124,消费电子,49.35,49.09,-6.81,2831912.0,131998315.0,-10.8173
2026-07-30,301388,欣灵电气,881278,电网设备,21.86,21.74,-2.56,1205600.0,26071176.0,-1.0425
2026-07-30,301389,隆扬电子,881124,消费电子,45.56,45.83,-8.3,7215078.0,309356380.0,-9.7324
2026-07-30,301390,经纬股份,881116,建筑装饰,28.26,28.7,0.28,1456500.0,42139795.0,-1.1105
2026-07-30,301391,卡莱特,881130,计算机设备,44.59,44.43,-3.27,1485600.0,65030117.0,-4.4565
2026-07-30,301392,汇成真空,,,136.5,135.24,-13.33,6510112.0,811191570.0,-22.0885
2026-07-30,301393,昊帆生物,881142,生物制品,56.75,56.73,-9.6,3318375.0,176967700.0,-1.0027
2026-07-30,301395,仁信新材,881265,塑料制品,8.93,8.87,-2.24,3541548.0,31656764.0,-0.9281
2026-07-30,301396,宏景科技,881271,IT服务,149.0,147.67,-12.66,16302076.0,2205856200.0,-24.8121
2026-07-30,301397,溯联股份,881126,汽车零部件,25.85,25.63,-5.88,3702708.0,92015269.0,-0.1234
2026-07-30,301398,星源卓镁,881126,汽车零部件,32.44,31.91,-2.5,1453255.0,46704263.0,-1.8613
2026-07-30,301399,英特科技,881117,通用设备,15.01,14.94,-3.4,1478151.0,21798788.0,-0.7892
2026-07-30,301408,华人健康,881143,医药商业,13.65,13.57,-2.12,12613303.0,171826340.0,-0.5922
2026-07-30,301413,安培龙,881117,通用设备,55.58,55.0,-5.45,3701659.0,198220690.0,-6.1205
2026-07-30,301418,协昌科技,881171,自动化设备,33.26,33.13,-1.86,1985600.0,65384848.0,-3.8757
2026-07-30,301419,阿莱德,881129,通信设备,27.17,27.08,-6.15,3307151.0,86049418.0,-4.0275
2026-07-30,301421,波长光电,881122,光学光电子,75.3,70.41,-11.45,12075102.0,855499710.0,-7.443
2026-07-30,301428,世纪恒通,881162,通信服务,26.64,26.55,-2.06,3075925.0,81229059.0,-2.2055
2026-07-30,301429,森泰股份,881115,建筑材料,15.55,15.4,-0.32,1446200.0,22623282.0,-0.565
2026-07-30,301439,泓淋电力,881278,电网设备,14.75,14.51,-1.36,12719633.0,186674430.0,-0.5251
2026-07-30,301446,福事特,881268,工程机械,33.94,33.73,-2.92,1052342.0,35345815.0,-1.7596
2026-07-30,301448,开创电气,881117,通用设备,39.8,39.59,-4.95,1727080.0,66796921.0,-0.5628
2026-07-30,301449,天溯计量,,,32.57,32.1,19.99,4907909.0,180993300.0,-1.5766
2026-07-30,301456,盘古智能,881280,风电设备,21.74,21.86,-1.43,1164895.0,25243142.0,-0.9725
2026-07-30,301458,钧崴电子,,,34.31,34.15,-5.89,6640171.0,220007200.0,-5.0354
2026-07-30,301459,丰茂股份,881126,汽车零部件,30.77,30.45,-0.55,701930.0,21408353.0,-1.0876
2026-07-30,301468,博盈特焊,881118,专用设备,27.92,27.89,-4.87,5147159.0,139200410.0,-4.2226
2026-07-30,301469,恒达新材,881137,造纸,24.74,24.77,-1.29,1396300.0,34547591.0,-1.4298
2026-07-30,301479,弘景光电,,,45.51,45.11,-4.81,1714208.0,75293730.0,-5.0147
2026-07-30,301486,致尚科技,881129,通信设备,132.23,130.99,-10.95,5956680.0,724638720.0,-22.7851
2026-07-30,301487,盟固利,881281,电池,16.1,16.0,-0.93,12296237.0,196732020.0,-1.2886
2026-07-30,301488,豪恩汽电,881126,汽车零部件,97.38,96.7,-3.36,1328317.0,127968619.0,-9.7751
2026-07-30,301489,思泉新材,881172,电子化学品,95.3,94.95,-9.74,7059566.0,626947400.0,-17.26
2026-07-30,301491,汉桑科技,,,37.84,37.76,1.48,881719.0,33761318.0,-1.0682
2026-07-30,301498,乖宝宠物,881103,农产品加工,41.2,40.98,6.19,14990577.0,658173780.0,-0.0216
2026-07-30,301499,维科精密,881126,汽车零部件,22.56,22.49,-4.65,2584880.0,56800850.0,-2.6682
2026-07-30,301500,飞南资源,881181,环境治理,21.0,21.07,-2.19,8918214.0,187136560.0,-1.6718
2026-07-30,301501,恒鑫生活,,,27.9,27.91,-0.75,1507650.0,42172762.0,-0.0977
2026-07-30,301502,华阳智能,881277,电机,47.63,47.83,-6.91,1083952.0,49770459.0,-7.533
2026-07-30,301503,智迪科技,881130,计算机设备,20.24,20.24,-0.54,901070.0,18222465.0,-0.5862
2026-07-30,301505,苏州规划,881116,建筑装饰,14.93,15.01,-1.27,2657951.0,39592287.0,-0.741
2026-07-30,301507,民生健康,881140,化学制药,12.0,11.95,-0.75,2662184.0,32005379.0,-0.1857
2026-07-30,301508,中机认检,881179,其他社会服务,23.19,23.05,0.47,1335241.0,31208450.0,-0.4141
2026-07-30,301509,金凯生科,881175,医疗服务,27.32,27.3,-4.14,2698912.0,72231381.0,-0.679
2026-07-30,301510,固高科技,881171,自动化设备,24.85,24.66,-2.66,7454000.0,181449680.0,-2.5282
2026-07-30,301511,德福科技,881281,电池,70.32,70.01,-9.1,28161233.0,1844483700.0,-16.6144
2026-07-30,301512,智信精密,881171,自动化设备,27.73,27.44,-3.86,1992390.0,54732395.0,-2.0621
2026-07-30,301513,尚水智能,,,47.33,46.94,-1.33,1239838.0,58388290.0,-4.6597
2026-07-30,301515,港通医疗,881144,医疗器械,16.97,16.88,0.0,1626000.0,27633390.0,-0.6771
2026-07-30,301516,中远通,881282,其他电源设备,15.76,15.75,-8.44,8013105.0,119709756.0,-0.3891
2026-07-30,301517,陕西华达,881276,军工电子,36.85,36.5,-5.83,3169460.0,112182527.0,-4.2108
2026-07-30,301518,长华化学,881109,化学制品,23.13,23.08,0.09,1994600.0,46466861.0,-1.4449
2026-07-30,301519,舜禹股份,881181,环境治理,10.66,10.61,0.66,2617000.0,28119995.0,-0.3986
2026-07-30,301520,万邦医药,881175,医疗服务,51.8,50.0,-13.2,15416176.0,763570110.0,5.2656
2026-07-30,301522,上大股份,,,22.75,22.66,0.22,4161500.0,94915307.0,-1.2481
2026-07-30,301525,儒竞科技,881117,通用设备,37.31,37.1,0.46,1963753.0,74248455.0,-3.2694
2026-07-30,301526,国际复材,881115,建筑材料,30.2,29.88,9.04,364986090.0,11517902800.0,-1.7374
2026-07-30,301528,多浦乐,881117,通用设备,44.3,44.2,-8.53,2724298.0,114156362.0,-6.0164
2026-07-30,301529,福赛科技,881126,汽车零部件,76.0,75.99,-9.46,3468240.0,243716450.0,-8.9932
2026-07-30,301531,春光集团,,,47.9,47.32,-6.22,3975200.0,181433970.0,-6.2889
2026-07-30,301533,威马农机,881118,专用设备,24.5,24.3,0.49,935457.0,22993472.0,-0.4091
2026-07-30,301535,浙江华远,,,17.03,17.03,1.7,8081739.0,139151070.0,0.5833
2026-07-30,301536,星宸科技,881121,半导体,125.83,123.53,-17.35,33956704.0,3736709300.0,3.329
2026-07-30,301538,骏鼎达,881265,塑料制品,35.8,35.49,-3.55,1884760.0,65968206.0,-5.3703
2026-07-30,301539,宏鑫科技,881126,汽车零部件,13.53,13.53,0.07,1451700.0,19878516.0,-0.3321
2026-07-30,301548,崇德科技,881117,通用设备,59.74,59.74,-7.95,2509449.0,141554650.0,-6.7076
2026-07-30,301550,斯菱智驱,881126,汽车零部件,68.45,68.33,-7.2,6335976.0,412239110.0,-8.7104
2026-07-30,301551,无线传媒,,,20.64,20.6,0.87,6920107.0,144310060.0,-0.2919
2026-07-30,301552,科力装备,,,23.66,23.01,-2.45,2495332.0,57340532.0,-0.4018
2026-07-30,301555,惠柏新材,881265,塑料制品,28.36,27.98,-4.41,2365260.0,64989016.0,-3.5698
2026-07-30,301556,托普云农,,,55.2,55.11,0.22,1502100.0,84108210.0,-2.3502
2026-07-30,301557,常友科技,,,70.0,69.99,-9.83,930980.0,61184983.0,-4.6786
2026-07-30,301558,三态股份,881177,互联网电商,6.4,6.36,-0.31,7239600.0,46576792.0,-0.0687
2026-07-30,301559,中集环科,881117,通用设备,12.98,12.95,-0.15,2630252.0,34325804.0,-0.1163
2026-07-30,301560,众捷汽车,,,22.4,22.15,-3.04,1337523.0,29666860.0,-2.0348
2026-07-30,301563,云汉芯城,,,113.9,112.8,-5.36,1631460.0,178805760.0,-14.5277
2026-07-30,301565,中仑新材,,,19.44,19.22,0.21,4661202.0,90834168.0,-1.3504
2026-07-30,301566,达利凯普,881270,元件,22.3,22.56,-3.45,29175670.0,640314050.0,-2.9021
2026-07-30,301567,贝隆精密,881124,消费电子,31.58,31.58,-3.32,999713.0,31158287.0,-1.9041
2026-07-30,301568,思泰克,881171,自动化设备,61.22,61.08,-9.78,3737200.0,214049870.0,-9.4595
2026-07-30,301571,国科天成,,,62.83,60.96,-13.66,7205652.0,411917300.0,-0.8245
2026-07-30,301575,艾芬达,,,26.29,26.4,-0.3,1102815.0,29264831.0,-0.7264
2026-07-30,301577,美信科技,881129,通信设备,49.3,49.85,-6.67,1552800.0,72898245.0,-7.614
2026-07-30,301578,辰奕智能,881132,黑色家电,22.09,21.77,-1.45,1528021.0,33409044.0,-0.1456
2026-07-30,301580,爱迪特,,,51.38,50.92,-6.75,8933284.0,436253600.0,-1.5983
2026-07-30,301581,黄山谷捷,,,34.89,34.4,-3.38,797400.0,27037803.0,-3.1447
2026-07-30,301583,托伦斯,,,193.82,190.0,-18.44,17102994.0,3040384300.0,
2026-07-30,301584,建发致新,,,21.02,20.89,-0.24,3300494.0,69707014.0,-0.2055
2026-07-30,301585,蓝宇股份,,,25.33,25.21,-2.01,659012.0,16492136.0,-0.3403
2026-07-30,301586,佳力奇,,,29.71,29.44,-0.71,929600.0,27746001.0,-1.441
2026-07-30,301587,中瑞股份,881281,电池,20.54,20.2,-4.58,4095050.0,81716022.0,-0.8266
2026-07-30,301588,美新科技,881265,塑料制品,33.08,33.2,-11.85,6858593.0,209604860.0,-2.838
2026-07-30,301589,诺瓦星云,881130,计算机设备,133.96,132.81,-0.3,699077.0,93099667.0,-4.4362
2026-07-30,301590,优优绿能,,,70.11,70.11,-4.29,1017027.0,69771107.0,-10.547
2026-07-30,301591,肯特股份,881265,塑料制品,26.3,26.08,-5.97,4147540.0,105205332.0,-4.8628
2026-07-30,301592,六九一二,,,93.5,93.49,-5.86,1658043.0,149131960.0,-7.7793
2026-07-30,301595,太力科技,,,36.51,36.07,-2.08,883073.0,31695458.0,-2.139
2026-07-30,301596,瑞迪智驱,,,40.39,40.0,-5.47,1956064.0,76156578.0,-4.2335
2026-07-30,301598,博科测试,,,46.33,46.33,-2.09,465300.0,21349990.0,-2.0495
2026-07-30,301599,理奇智能,,,33.0,32.97,-4.42,3499027.0,112503912.0,-3.9279
2026-07-30,301600,慧翰股份,,,87.89,87.89,-2.15,1206404.0,104879463.0,-1.2534
2026-07-30,301601,惠通科技,,,14.89,14.99,2.22,2890246.0,43975414.0,-0.5927
2026-07-30,301602,超研股份,,,14.75,14.74,0.47,2383598.0,35200411.0,-0.08
2026-07-30,301603,乔锋智能,,,101.75,100.01,-7.52,2733590.0,264674980.0,-9.8155
2026-07-30,301606,绿联科技,,,52.44,51.44,-1.26,3288557.0,170985600.0,-2.7832
2026-07-30,301607,富特科技,,,34.59,34.28,-10.35,14449907.0,466401540.0,-3.4109
2026-07-30,301608,博实结,,,43.3,43.0,-1.78,1194349.0,51159212.0,-2.4985
2026-07-30,301609,山大电力,,,37.96,37.4,-7.09,6721457.0,242270600.0,-0.1051
2026-07-30,301611,珂玛科技,,,88.08,86.75,-10.49,14220188.0,1163277360.0,-12.8766
2026-07-30,301613,新铝时代,,,37.67,37.42,-3.16,1058900.0,39368128.0,-0.8037
2026-07-30,301616,浙江华业,,,33.17,32.84,-1.27,574900.0,19041425.0,-1.0486
2026-07-30,301617,博苑新材,,,45.15,44.01,-5.49,1174285.0,51014754.0,-3.2629
2026-07-30,301618,长联科技,,,30.8,30.48,-2.37,2017286.0,60869706.0,-2.9634
2026-07-30,301622,英思特,,,40.02,39.98,0.25,1160600.0,46704007.0,-2.9537
2026-07-30,301626,苏州天脉,,,202.0,211.0,4.6,3915276.0,848465900.0,-29.8833
2026-07-30,301628,强达电路,,,73.48,72.9,-3.32,1448304.0,103534288.0,-8.8471
2026-07-30,301629,矽电股份,,,230.15,227.22,-8.76,1163957.0,253708160.0,-39.7984
2026-07-30,301630,同宇新材,,,152.61,151.0,-5.18,1473528.0,214436170.0,-19.5269
2026-07-30,301631,壹连科技,,,58.81,58.59,-4.85,3446586.0,195761950.0,-5.3504
2026-07-30,301632,广东建科,,,14.75,14.78,8.34,9303389.0,146097860.0,-0.3462
2026-07-30,301633,港迪技术,,,54.81,54.54,-2.23,1350644.0,72914318.0,1.7694
2026-07-30,301636,泽润新能,,,37.45,37.18,-2.11,1191701.0,44497257.0,-2.263
2026-07-30,301638,南网数字,,,24.06,23.7,-3.91,14381311.0,338687130.0,-0.1854
2026-07-30,301656,联合动力,,,16.62,16.56,1.08,6405400.0,107877858.0,-0.3577
2026-07-30,301658,首航新能,,,23.34,23.38,1.89,6894784.0,164766270.0,-1.4972
2026-07-30,301662,宏工科技,,,70.01,70.0,-3.87,3733302.0,254532200.0,-7.375
2026-07-30,301665,泰禾股份,,,22.3,22.21,0.49,3578914.0,81195060.0,-0.1547
2026-07-30,301666,大普微-UW,,,420.49,415.0,-7.01,3465057.0,1393951000.0,-52.1871
2026-07-30,301667,纳百川,,,54.85,55.22,20.0,4106089.0,253699350.0,-4.7751
2026-07-30,301668,昊创瑞通,,,31.05,31.02,20.0,5673871.0,200747930.0,-0.6335
2026-07-30,301669,高特电子,,,29.93,29.52,-9.29,11854021.0,334900490.0,-3.2343
2026-07-30,301677,N欣兴工具,,,,,,,,
2026-07-30,301678,新恒汇,,,40.64,40.2,-4.65,3211188.0,126367749.0,-5.8374
2026-07-30,301680,固德电材,,,87.9,87.0,1.37,1080051.0,96014739.0,-6.365
2026-07-30,301682,宏明电子,,,121.8,120.11,3.43,3152063.0,392687790.0,-10.5829
2026-07-30,301683,慧谷新材,,,95.77,95.77,4.76,1528920.0,152089930.0,-9.5926
2026-07-30,301687,新广益,,,45.18,45.12,-5.16,3466973.0,152446000.0,-5.9563
2026-07-30,301696,三瑞智能,,,97.42,95.58,-8.37,3771643.0,346727390.0,-7.0184
2026-07-30,302132,中航成飞,,,58.43,58.01,0.53,8364085.0,492781660.0,-0.2314
2026-07-30,600000,浦发银行,881155,银行,9.28,9.26,4.63,161746160.0,1544913200.0,0.1857
2026-07-30,600004,白云机场,881151,机场航运,7.84,7.83,1.15,11621350.0,91780857.0,0.0864
2026-07-30,600006,东风股份,881125,汽车整车,5.65,5.64,1.77,21186661.0,121154617.0,-0.0037
2026-07-30,600007,中国国贸,881153,房地产,18.96,18.9,-0.84,2936500.0,55390380.0,-0.1477
2026-07-30,600008,首创环保,881181,环境治理,2.93,2.93,0.34,78048560.0,228958330.0,0.0043
2026-07-30,600009,上海机场,881151,机场航运,24.37,24.34,2.34,18474569.0,457572220.0,0.2402
2026-07-30,600010,包钢股份,881112,钢铁,2.2,2.19,0.0,370947290.0,822756690.0,-0.0342
2026-07-30,600011,华能国际,881145,电力,7.2,7.19,-0.42,109871431.0,789609600.0,-0.0086
2026-07-30,600012,皖通高速,881149,公路铁路运输,18.34,18.38,-0.98,8880300.0,160241850.0,0.5596
2026-07-30,600015,XD华夏银,881155,银行,6.77,6.82,3.84,146830900.0,1018045220.0,0.11
2026-07-30,600016,民生银行,881155,银行,3.56,3.56,1.97,332018320.0,1199004680.0,0.047
2026-07-30,600017,日照港,881148,港口航运,2.74,2.74,1.46,36161964.0,99790547.0,0.0242
2026-07-30,600018,上港集团,881148,港口航运,5.17,5.17,1.93,74907670.0,391762580.0,0.0958
2026-07-30,600019,宝钢股份,881112,钢铁,6.11,6.11,2.45,132994460.0,825922980.0,0.1237
2026-07-30,600020,中原高速,881149,公路铁路运输,3.82,3.82,0.79,9760699.0,37531652.0,0.0191
2026-07-30,600021,上海电力,881145,电力,14.56,14.58,-1.92,42422520.0,611821950.0,-0.3735
2026-07-30,600022,山东钢铁,881112,钢铁,1.38,1.38,1.45,144372170.0,201821050.0,0.0186
2026-07-30,600023,XD浙能电,881145,电力,5.14,5.14,-1.36,79231601.0,404199840.0,-0.0682
2026-07-30,600025,华能水电,881145,电力,10.0,10.04,1.4,33129370.0,335020190.0,0.1956
2026-07-30,600026,中远海能,881148,港口航运,16.12,16.13,4.53,84786553.0,1437087900.0,-0.4591
2026-07-30,600027,华电国际,881145,电力,4.75,4.75,1.05,84681040.0,404282210.0,0.0076
2026-07-30,600028,中国石化,881180,石油加工贸易,5.17,5.19,1.93,294092500.0,1540030900.0,0.1182
2026-07-30,600029,南方航空,881151,机场航运,5.18,5.14,0.0,85137593.0,441896500.0,-0.0266
2026-07-30,600030,中信证券,881157,证券,28.5,28.28,-0.04,133149340.0,3777281700.0,0.1998
2026-07-30,600031,三一重工,881268,工程机械,20.4,20.3,2.11,102573268.0,2114095400.0,0.4702
2026-07-30,600032,浙江新能,881145,电力,7.37,7.39,-1.76,30508135.0,222217570.0,-0.1488
2026-07-30,600033,福建高速,881149,公路铁路运输,3.62,3.62,0.83,24040698.0,87485242.0,0.0553
2026-07-30,600035,楚天高速,881149,公路铁路运输,3.5,3.5,0.29,17704400.0,62033266.0,-0.013
2026-07-30,600036,招商银行,881155,银行,39.66,39.66,2.24,137457950.0,5517774500.0,0.8643
2026-07-30,600037,歌华有线,881164,文化传媒,6.83,6.77,1.76,18816480.0,130227892.0,0.0405
2026-07-30,600038,中直股份,881166,军工装备,26.73,26.6,1.16,6920241.0,186381970.0,0.0313
2026-07-30,600039,四川路桥,881116,建筑装饰,8.83,8.84,1.36,18997521.0,169966880.0,0.2802
2026-07-30,600048,保利发展,881153,房地产,5.24,5.2,1.15,195652520.0,1040729560.0,0.042
2026-07-30,600050,中国联通,881162,通信服务,4.42,4.42,1.36,202121220.0,899646720.0,0.062
2026-07-30,600051,宁波联合,881165,综合,5.82,5.81,-0.69,4556800.0,26605686.0,-0.119
2026-07-30,600052,东望时代,881145,电力,3.64,3.64,-3.02,12609300.0,45562423.0,-0.0709
2026-07-30,600053,*ST九鼎,881283,多元金融,7.13,7.14,-0.98,1319300.0,9394022.0,-0.3761
2026-07-30,600054,黄山旅游,881160,旅游及酒店,11.07,11.06,0.63,8668800.0,97058139.0,0.0293
2026-07-30,600055,万东医疗,881144,医疗器械,10.85,10.79,2.49,8077673.0,89464027.0,-0.1453
2026-07-30,600056,中国医药,881143,医药商业,9.48,9.47,0.53,14726957.0,139735720.0,0.0527
2026-07-30,600057,厦门象屿,881152,物流,6.57,6.56,2.13,26648830.0,177187560.0,0.1729
2026-07-30,600058,五矿发展,881159,贸易,9.85,9.6,-2.34,14192287.0,139694680.0,-0.3668
2026-07-30,600059,古越龙山,881133,饮料制造,7.97,7.96,2.26,15723582.0,127770561.0,0.0488
2026-07-30,600060,海信视像,881132,黑色家电,27.69,27.45,0.51,16608510.0,458397220.0,0.3315
2026-07-30,600061,国投资本,881157,证券,6.47,6.43,0.62,42238244.0,274297930.0,-0.004
2026-07-30,600062,华润双鹤,881140,化学制药,16.89,16.5,-3.91,25473165.0,416206740.0,0.0285
2026-07-30,600063,皖维高新,881264,化学纤维,5.94,5.92,-1.68,66121039.0,389434530.0,-0.4091
2026-07-30,600064,南京高科,881153,房地产,7.77,7.75,1.54,20325092.0,159601660.0,0.1579
2026-07-30,600066,宇通客车,881125,汽车整车,32.35,32.28,4.48,25132410.0,837330990.0,1.0492
2026-07-30,600067,冠城新材,881278,电网设备,2.68,2.66,-1.49,18489800.0,49215724.0,-0.1152
2026-07-30,600071,凤凰光学,881122,光学光电子,14.93,14.87,-1.74,2455400.0,36516053.0,-0.6479
2026-07-30,600072,中船科技,881280,风电设备,9.03,9.01,1.11,33288025.0,304747240.0,-0.1746
2026-07-30,600073,光明肉业,881134,食品加工制造,5.16,5.17,1.55,10537781.0,55234304.0,0.0248
2026-07-30,600075,新疆天业,881108,化学原料,4.58,4.59,0.44,18467400.0,85207485.0,-0.0025
2026-07-30,600076,康欣新材,881138,包装印刷,2.88,2.9,1.39,34141909.0,101514053.0,-0.1518
2026-07-30,600078,澄星股份,881263,农化制品,9.59,9.63,-2.5,17370598.0,164864920.0,-0.9562
2026-07-30,600079,ST人福,881140,化学制药,17.91,17.92,0.17,10597208.0,190221180.0,0.1201
2026-07-30,600080,ST金花,881141,中药,4.82,4.78,-1.24,1851100.0,8819896.0,-0.0707
2026-07-30,600081,东风科技,881126,汽车零部件,9.79,9.74,1.23,2954821.0,29248208.0,-0.0614
2026-07-30,600082,ST海泰,881153,房地产,2.67,2.66,-3.0,8869200.0,23178286.0,-0.1038
2026-07-30,600084,*ST尼雅,881133,饮料制造,4.26,4.21,-1.17,5242661.0,22518518.0,-0.0494
2026-07-30,600085,同仁堂,881141,中药,25.88,25.89,1.55,12644322.0,332113290.0,0.5173
2026-07-30,600088,中视传媒,881274,影视院线,11.27,11.25,-0.8,4657095.0,52720430.0,-0.3708
2026-07-30,600089,特变电工,881165,综合,20.65,20.45,0.48,88720873.0,1829043200.0,-0.5213
2026-07-30,600094,大名城,881153,房地产,3.83,3.81,3.66,31825327.0,126972635.0,-0.0436
2026-07-30,600095,湘财股份,881157,证券,8.77,8.68,-0.68,47045277.0,410759070.0,0.2194
2026-07-30,600096,云天化,881263,农化制品,29.89,29.61,1.61,29766668.0,900266520.0,-0.1646
2026-07-30,600097,开创国际,881102,养殖业,7.98,7.97,-0.5,3733600.0,29829364.0,-0.1672
2026-07-30,600098,广州发展,881145,电力,6.39,6.38,1.25,24372745.0,156783270.0,-0.0203
2026-07-30,600099,林海股份,881128,汽车服务及其他,8.14,8.14,1.35,3913300.0,32119110.0,-0.216
2026-07-30,600100,同方股份,881130,计算机设备,6.98,6.95,-0.57,26970412.0,187839800.0,-0.0461
2026-07-30,600101,XD明星电,881145,电力,8.13,8.11,-1.48,15413617.0,124396260.0,-0.1387
2026-07-30,600103,青山纸业,881137,造纸,2.74,2.72,-1.82,71755850.0,195055910.0,-0.1799
2026-07-30,600104,上汽集团,881125,汽车整车,10.77,10.78,3.53,84867447.0,936096750.0,0.0231
2026-07-30,600105,永鼎股份,881129,通信设备,30.71,33.23,7.33,288798100.0,9430959600.0,-6.0651
2026-07-30,600106,重庆路桥,881149,公路铁路运输,4.36,4.35,-0.92,14421539.0,62741523.0,-0.1619
2026-07-30,600107,*ST尔雅,881136,服装家纺,5.28,5.28,-2.65,2173527.0,11137256.0,-0.2703
2026-07-30,600108,亚盛集团,881101,种植业与林业,3.02,3.01,-1.99,72435115.0,217984650.0,-0.0883
2026-07-30,600109,国金证券,881157,证券,8.66,8.59,0.81,34383891.0,299277380.0,-0.0059
2026-07-30,600110,诺德股份,881281,电池,8.66,8.56,-7.39,121575606.0,999512750.0,-1.3832
2026-07-30,600111,北方稀土,881170,小金属,39.35,39.13,-0.51,37192230.0,1451088500.0,-2.3055
2026-07-30,600113,浙江东日,881158,零售,29.36,29.9,-1.33,7051637.0,206880780.0,-1.3473
2026-07-30,600114,东睦股份,881117,通用设备,25.77,25.73,-3.1,17913751.0,451659140.0,-3.2059
2026-07-30,600115,中国东航,881151,机场航运,3.67,3.64,0.54,171822500.0,632753510.0,-0.0704
2026-07-30,600116,XD三峡水,881145,电力,6.5,6.51,2.31,24420617.0,161133690.0,0.1343
2026-07-30,600117,西宁特钢,881112,钢铁,2.23,2.23,2.24,18805057.0,42979190.0,0.0046
2026-07-30,600118,中国卫星,881166,军工装备,57.69,57.55,-5.03,29767809.0,1665702400.0,-6.6973
2026-07-30,600119,*ST长投,881152,物流,4.35,4.45,0.23,2264300.0,9972870.0,-0.15
2026-07-30,600120,浙江东方,881283,多元金融,5.14,5.1,-0.39,53471357.0,275554290.0,0.0919
2026-07-30,600121,郑州煤电,881105,煤炭开采加工,3.78,3.78,-1.85,69689020.0,264811300.0,-0.0595
2026-07-30,600123,兰花科创,881105,煤炭开采加工,6.86,6.84,0.73,28039845.0,192602370.0,0.163
2026-07-30,600125,铁龙物流,881149,公路铁路运输,5.51,5.53,0.91,11323927.0,62721196.0,0.024
2026-07-30,600126,杭钢股份,881112,钢铁,6.28,6.2,-2.23,75903786.0,474304000.0,-0.1177
2026-07-30,600127,金健米业,881103,农产品加工,5.56,5.53,-0.9,14733741.0,81907771.0,-0.03
2026-07-30,600128,苏豪弘业,881159,贸易,7.67,7.67,1.04,4126200.0,32104137.0,-0.1886
2026-07-30,600129,太极集团,881141,中药,15.66,15.55,-2.17,27691506.0,433842960.0,0.3244
2026-07-30,600130,波导股份,881124,消费电子,3.83,3.78,-4.18,25015800.0,93822680.0,-0.2298
2026-07-30,600131,国网信通,881271,IT服务,15.55,15.48,0.96,8993600.0,141221500.0,0.0735
2026-07-30,600132,重庆啤酒,881133,饮料制造,46.1,46.1,2.71,6581877.0,310720570.0,0.1983
2026-07-30,600133,东湖高新,881181,环境治理,8.18,8.12,-0.24,32337315.0,270547360.0,-0.008
2026-07-30,600135,乐凯胶片,881265,塑料制品,7.0,7.0,-1.86,6950646.0,48427250.0,-0.4377
2026-07-30,600136,ST明诚,881153,房地产,1.42,1.42,-2.11,8790820.0,12369346.0,-0.015
2026-07-30,600137,浪莎股份,881136,服装家纺,16.42,16.42,1.89,2653000.0,44061467.0,-0.4987
2026-07-30,600138,中青旅,881160,旅游及酒店,7.06,7.06,0.71,11422681.0,81673746.0,-0.0346
2026-07-30,600141,兴发集团,881263,农化制品,29.14,28.8,-0.86,30233878.0,881376140.0,-2.1938
2026-07-30,600143,金发科技,881265,塑料制品,14.55,14.44,-0.34,29427059.0,428266520.0,-0.3971
2026-07-30,600148,长春一东,881126,汽车零部件,14.35,14.35,0.98,1868878.0,27153215.0,-0.4118
2026-07-30,600149,廊坊发展,881145,电力,4.58,4.57,-1.53,10793100.0,49222642.0,-0.123
2026-07-30,600150,中国船舶,881166,军工装备,34.73,34.63,-0.29,78007559.0,2691536800.0,-0.4335
2026-07-30,600151,航天机电,881126,汽车零部件,9.89,9.81,-0.1,33502200.0,333650700.0,-0.5675
2026-07-30,600152,维科技术,881281,电池,7.7,7.67,-2.99,21994500.0,166755990.0,-0.7707
2026-07-30,600153,建发股份,881152,物流,8.98,8.98,1.11,20251897.0,183900510.0,0.0748
2026-07-30,600155,华创云信,881157,证券,5.91,5.88,1.52,43397485.0,258416660.0,0.0648
2026-07-30,600156,华升股份,881135,纺织制造,7.39,7.41,-4.47,12624600.0,91321726.0,-0.5443
2026-07-30,600157,永泰能源,881145,电力,1.6,1.59,-1.25,460827150.0,732593940.0,-0.0129
2026-07-30,600158,中体产业,881179,其他社会服务,7.06,7.0,-1.27,56529136.0,400241110.0,-0.2925
2026-07-30,600159,大龙地产,881153,房地产,2.33,2.33,-0.86,18742600.0,43710863.0,-0.0515
2026-07-30,600160,巨化股份,881109,化学制品,39.11,38.95,1.28,47893223.0,1908390400.0,-1.5301
2026-07-30,600161,天坛生物,881142,生物制品,12.56,12.47,2.15,15980600.0,203799380.0,0.0401
2026-07-30,600162,香江控股,881158,零售,2.63,2.65,9.89,116894467.0,332022320.0,-0.0205
2026-07-30,600163,中闽能源,881145,电力,5.34,5.3,-0.19,20528105.0,109745905.0,-0.0474
2026-07-30,600165,ST宁科,881109,化学制品,2.39,2.41,-3.77,6313715.0,14929358.0,-0.1199
2026-07-30,600166,福田汽车,881125,汽车整车,3.17,3.15,-0.63,144309810.0,457061460.0,-0.0054
2026-07-30,600167,联美控股,881145,电力,5.8,5.77,1.38,9569177.0,55910982.0,0.0096
2026-07-30,600168,武汉控股,881181,环境治理,4.26,4.26,0.23,6040933.0,25833219.0,-0.0271
2026-07-30,600169,ST太重,881118,专用设备,2.05,2.03,-0.98,9290600.0,18964236.0,-0.0195
2026-07-30,600170,上海建工,881116,建筑装饰,2.35,2.35,0.0,126283316.0,297450740.0,0.0015
2026-07-30,600171,上海贝岭,881121,半导体,22.72,22.5,-0.4,13626133.0,307588430.0,-1.6801
2026-07-30,600172,黄河旋风,881117,通用设备,10.37,10.15,-8.2,130946814.0,1283152650.0,-1.2928
2026-07-30,600173,卧龙新能,881145,电力,6.13,6.1,0.65,11806300.0,73634446.0,-0.0524
2026-07-30,600176,中国巨石,881115,建筑材料,38.39,37.6,-4.58,291862130.0,10944888700.0,-4.6692
2026-07-30,600177,雅戈尔,881136,服装家纺,7.88,7.86,0.0,32950049.0,258529830.0,0.0651
2026-07-30,600178,东安动力,881126,汽车零部件,9.91,9.79,-3.13,18229965.0,178976670.0,0.0008
2026-07-30,600179,安通控股,881148,港口航运,4.34,4.32,0.46,38717490.0,170546110.0,-0.0705
2026-07-30,600180,*ST瑞茂,881152,物流,1.52,1.5,-3.29,24361280.0,36435505.0,0.0034
2026-07-30,600182,S佳通,881126,汽车零部件,12.91,12.91,-0.31,1358000.0,17498839.0,-0.173
2026-07-30,600183,生益科技,881270,元件,108.18,105.0,-7.49,81098342.0,8252309400.0,-11.028
2026-07-30,600184,光电股份,881166,军工装备,16.4,16.12,-5.61,15579647.0,246204560.0,-2.5547
2026-07-30,600185,珠免集团,881158,零售,4.79,4.75,0.0,25817700.0,124653635.0,-0.026
2026-07-30,600186,莲花控股,881134,食品加工制造,8.39,8.4,-7.27,164210220.0,1325389580.0,-1.0218
2026-07-30,600187,*ST国中,881181,环境治理,1.44,1.43,-3.47,32348473.0,45601361.0,-0.0112
2026-07-30,600188,兖矿能源,881105,煤炭开采加工,20.0,20.07,1.35,60091173.0,1229165230.0,0.2032
2026-07-30,600189,泉阳泉,881133,饮料制造,7.19,7.13,-0.42,13807770.0,100083808.0,-0.1586
2026-07-30,600191,华资实业,881103,农产品加工,9.5,9.45,3.79,19062168.0,185079490.0,-0.1972
2026-07-30,600192,长城电工,881278,电网设备,6.5,6.46,2.77,18643630.0,124566017.0,-0.1416
2026-07-30,600195,中牧股份,881102,养殖业,6.42,6.42,0.62,6534794.0,42275815.0,0.0173
2026-07-30,600196,复星医药,881140,化学制药,23.0,23.02,0.74,20371793.0,470383640.0,0.0998
2026-07-30,600197,伊力特,881273,白酒,10.21,10.16,2.94,19555661.0,205920200.0,-0.0405
2026-07-30,600198,大唐电信,881121,半导体,7.02,6.93,-1.85,18107110.0,125362220.0,-0.5378
2026-07-30,600199,金种子酒,881273,白酒,7.52,7.5,7.45,84981069.0,671834390.0,0.1742
2026-07-30,600201,生物股份,881102,养殖业,11.55,11.6,1.47,13652400.0,159663750.0,-0.2249
2026-07-30,600202,哈空调,881117,通用设备,4.57,4.56,-0.44,8084101.0,36923555.0,-0.1215
2026-07-30,600203,福日电子,881124,消费电子,9.43,9.38,-2.01,19123978.0,179200810.0,-0.8644
2026-07-30,600206,有研新材,881121,半导体,39.86,39.0,-10.01,94663438.0,3494803700.0,-1.806
2026-07-30,600207,安彩高科,881279,光伏设备,4.15,4.15,-2.41,19598514.0,80582939.0,-0.438
2026-07-30,600208,衢州发展,881153,房地产,2.86,2.84,-1.4,105661057.0,299696920.0,-0.0735
2026-07-30,600210,紫江企业,881138,包装印刷,6.25,6.23,0.96,18173043.0,114238281.0,0.0282
2026-07-30,600211,西藏药业,881142,生物制品,38.17,38.05,1.62,4091113.0,158180930.0,0.0278
2026-07-30,600212,绿能慧充,881282,其他电源设备,5.1,5.1,-0.59,9723300.0,49467457.0,-0.1575
2026-07-30,600215,派斯林,881171,自动化设备,5.78,5.88,0.87,11765108.0,69618790.0,-0.1634
2026-07-30,600216,浙江医药,881140,化学制药,12.05,12.01,0.41,15710248.0,189604470.0,0.0077
2026-07-30,600217,中再资环,881181,环境治理,3.08,3.09,-0.32,14907800.0,46067920.0,-0.0022
2026-07-30,600218,全柴动力,881126,汽车零部件,7.41,7.4,0.13,7532793.0,56306444.0,-0.1279
2026-07-30,600219,南山铝业,881168,工业金属,4.59,4.58,0.65,232156050.0,1074140800.0,0.0335
2026-07-30,600221,海航控股,881151,机场航运,1.35,1.35,0.0,300872440.0,408703740.0,-0.0186
2026-07-30,600222,太龙药业,881141,中药,6.89,6.86,-3.05,11162134.0,75647466.0,-0.1923
2026-07-30,600223,福瑞达,881182,美容护理,5.52,5.54,1.09,8428300.0,47073731.0,0.0095
2026-07-30,600226,亨通股份,881145,电力,5.17,5.15,-5.61,133670085.0,668672750.0,-0.8664
2026-07-30,600227,赤天化,881263,农化制品,3.38,3.38,-3.25,294968570.0,1006553780.0,0.1346
2026-07-30,600228,返利科技,881164,文化传媒,6.66,6.67,10.06,24161946.0,171806560.0,-0.2196
2026-07-30,600229,城市传媒,881164,文化传媒,4.91,4.9,0.61,5766500.0,28669849.0,-0.0826
2026-07-30,600230,沧州大化,881109,化学制品,13.58,13.53,-0.59,17176162.0,232593230.0,-0.2601
2026-07-30,600231,凌钢股份,881112,钢铁,1.69,1.69,1.78,32319040.0,56359874.0,-0.0215
2026-07-30,600232,金鹰股份,881135,纺织制造,5.75,5.73,-1.39,6384700.0,36642768.0,-0.3058
2026-07-30,600233,圆通速递,881152,物流,18.27,18.32,1.31,22694890.0,421031460.0,0.2872
2026-07-30,600234,科新发展,881116,建筑装饰,18.11,17.98,-8.5,3786240.0,65021913.0,-2.1637
2026-07-30,600235,民丰特纸,881137,造纸,5.2,5.21,0.77,4206600.0,21947537.0,-0.0914
2026-07-30,600236,桂冠电力,881145,电力,10.92,11.05,-2.01,54586103.0,595104780.0,0.278
2026-07-30,600237,铜峰电子,881270,元件,8.1,8.0,-1.23,35862256.0,286855690.0,-0.9235
2026-07-30,600238,*ST椰岛,881133,饮料制造,4.14,4.17,0.0,3324200.0,13878733.0,-0.1835
2026-07-30,600239,ST云城,881158,零售,1.38,1.37,-2.17,15287837.0,20955160.0,-0.0184
2026-07-30,600241,时代万恒,881281,电池,7.11,6.92,-4.22,15141800.0,104712623.0,-0.1174
2026-07-30,600243,*ST海华,881117,通用设备,3.26,3.29,-2.76,4753100.0,15250937.0,-0.1448
2026-07-30,600246,万通发展,881153,房地产,11.67,11.54,-10.03,135159230.0,1468089800.0,-1.4904
2026-07-30,600248,陕建股份,881116,建筑装饰,2.91,2.91,1.37,17698744.0,52098632.0,-0.0054
2026-07-30,600249,两面针,881182,美容护理,4.95,4.94,-0.2,9102350.0,45284374.0,-0.0116
2026-07-30,600250,南京商旅,881160,旅游及酒店,8.14,8.16,2.21,13898500.0,116546570.0,-0.0975
2026-07-30,600251,冠农股份,881103,农产品加工,9.3,9.26,-1.51,12807102.0,118744408.0,-0.0364
2026-07-30,600252,中恒集团,881141,中药,2.2,2.2,-0.45,40370126.0,88999474.0,0.0433
2026-07-30,600255,鑫科材料,881114,金属新材料,3.11,3.08,-1.29,64950543.0,201067440.0,-0.1637
2026-07-30,600256,广汇能源,881105,煤炭开采加工,5.46,5.53,0.55,99263265.0,543032260.0,0.0018
2026-07-30,600257,大湖股份,881175,医疗服务,5.01,5.02,1.6,33733959.0,174492370.0,0.0438
2026-07-30,600258,首旅酒店,881160,旅游及酒店,12.31,12.27,0.97,19404269.0,242706800.0,0.0818
2026-07-30,600259,中稀有色,881170,小金属,71.13,70.99,-2.92,7844801.0,547855940.0,-6.6152
2026-07-30,600261,阳光照明,881122,光学光电子,3.02,3.02,-0.33,7486000.0,22585743.0,-0.0421
2026-07-30,600262,北方股份,881118,专用设备,13.88,13.81,0.58,4551619.0,63589405.0,-0.2675
2026-07-30,600265,*ST景谷,881101,种植业与林业,21.21,21.01,-0.75,534500.0,11291353.0,-0.484
2026-07-30,600266,城建发展,881153,房地产,4.13,4.11,-0.24,39650976.0,164403000.0,-0.0485
2026-07-30,600267,海正药业,881140,化学制药,11.84,11.8,-2.7,33591140.0,390132430.0,0.3669
2026-07-30,600268,国电南自,881278,电网设备,11.13,11.0,-0.27,20642691.0,228963800.0,-0.2511
2026-07-30,600269,赣粤高速,881149,公路铁路运输,4.1,4.12,1.71,24672818.0,102474228.0,0.0085
2026-07-30,600271,航天信息,881271,IT服务,6.81,6.78,0.29,17499618.0,119954569.0,-0.0573
2026-07-30,600272,开开实业,881143,医药商业,10.41,10.41,-1.06,2593400.0,27058908.0,-0.1899
2026-07-30,600273,嘉化能源,881109,化学制品,7.0,6.97,1.0,15752760.0,111225186.0,0.0142
2026-07-30,600276,恒瑞医药,881140,化学制药,53.89,54.05,1.41,73587887.0,3975428200.0,0.5898
2026-07-30,600278,东方创业,881159,贸易,6.24,6.23,0.64,4598677.0,28839993.0,-0.0338
2026-07-30,600279,重庆港,881148,港口航运,4.25,4.25,0.0,8998217.0,38358204.0,-0.0011
2026-07-30,600280,中央商场,881158,零售,2.76,2.73,-1.45,57659245.0,160771460.0,-0.0549
2026-07-30,600281,华阳新材,881170,小金属,4.06,4.05,-0.49,10912705.0,44549150.0,-0.1387
2026-07-30,600282,南钢股份,881112,钢铁,5.06,5.03,1.58,34697300.0,177126200.0,0.0647
2026-07-30,600283,钱江水利,881181,环境治理,7.8,7.81,0.0,2316523.0,18069992.0,-0.1002
2026-07-30,600284,浦东建设,881116,建筑装饰,5.07,5.06,0.39,13873022.0,70788444.0,-0.0932
2026-07-30,600285,羚锐制药,881141,中药,23.13,23.0,1.51,12499398.0,291489050.0,0.5512
2026-07-30,600287,苏豪时尚,881159,贸易,4.39,4.39,-0.23,3177100.0,14004734.0,-0.1166
2026-07-30,600288,大恒科技,881272,软件开发,10.02,9.9,-5.19,41975744.0,408289640.0,-1.1798
2026-07-30,600289,ST信通,881162,通信服务,4.6,4.6,-0.87,8122801.0,37259130.0,-0.3374
2026-07-30,600292,电投水电,881145,电力,12.46,12.52,0.64,11149606.0,140615070.0,-0.2298
2026-07-30,600293,三峡新材,881115,建筑材料,2.69,2.67,-1.49,33411251.0,89694649.0,-0.1273
2026-07-30,600295,鄂尔多斯,881112,钢铁,12.55,12.74,1.2,11431535.0,145361510.0,0.1179
2026-07-30,600298,安琪酵母,881134,食品加工制造,40.05,40.2,2.85,29251243.0,1213094630.0,0.8873
2026-07-30,600299,安迪苏,881109,化学制品,8.31,8.3,0.84,31556928.0,263931340.0,-0.243
2026-07-30,600300,维维股份,881133,饮料制造,3.17,3.16,1.26,32832300.0,105163306.0,0.0275
2026-07-30,600301,华锡有色,881170,小金属,41.06,41.5,-3.17,9806193.0,394610160.0,-4.8759
2026-07-30,600302,ST标准,881118,专用设备,6.22,6.16,-5.79,7101000.0,42546689.0,-0.7874
2026-07-30,600303,曙光股份,881125,汽车整车,2.64,2.63,0.76,50243101.0,134987090.0,-0.053
2026-07-30,600305,恒顺醋业,881134,食品加工制造,6.92,6.9,2.17,14044989.0,98705355.0,0.0486
2026-07-30,600307,酒钢宏兴,881112,钢铁,1.46,1.46,1.37,66514900.0,99572625.0,-0.0088
2026-07-30,600308,华泰股份,881137,造纸,3.2,3.2,0.94,9873160.0,31745112.0,-0.0223
2026-07-30,600309,万华化学,881109,化学制品,74.49,74.15,2.78,43719598.0,3314329400.0,0.9255
2026-07-30,600310,广西能源,881145,电力,4.42,4.39,-3.62,67910521.0,292721280.0,-0.0319
2026-07-30,600312,平高电气,881278,电网设备,19.76,19.58,-1.01,38851528.0,774698160.0,0.2925
2026-07-30,600313,农发种业,881101,种植业与林业,5.54,5.53,0.54,21384102.0,119296068.0,-0.0252
2026-07-30,600315,上海家化,881182,美容护理,18.22,18.29,2.31,8450529.0,157733220.0,0.0948
2026-07-30,600316,洪都航空,881166,军工装备,24.58,24.54,0.45,8466544.0,210218670.0,-0.9668
2026-07-30,600318,新力金融,881283,多元金融,6.43,6.4,0.0,12040384.0,77971022.0,-0.0228
2026-07-30,600319,亚星化学,881108,化学原料,5.45,5.41,1.28,6466100.0,35945561.0,-0.3518
2026-07-30,600320,振华重工,881118,专用设备,4.27,4.26,0.94,44626181.0,192735070.0,-0.0222
2026-07-30,600322,津投城开,881153,房地产,2.54,2.52,0.0,30984500.0,79629524.0,-0.0584
2026-07-30,600323,瀚蓝环境,881181,环境治理,31.2,31.21,1.22,6937111.0,217389870.0,0.6605
2026-07-30,600325,华发股份,881153,房地产,2.51,2.5,0.8,73019299.0,186598990.0,-0.0196
2026-07-30,600326,西藏天路,881115,建筑材料,6.81,6.78,5.43,111762014.0,789755190.0,-0.0946
2026-07-30,600327,大东方,881175,医疗服务,3.6,3.58,-1.39,12337500.0,44434557.0,0.0299
2026-07-30,600328,中盐化工,881108,化学原料,6.4,6.36,0.94,16290563.0,105069577.0,-0.0418
2026-07-30,600329,达仁堂,881141,中药,38.1,38.0,0.52,4169400.0,159723130.0,0.1761
2026-07-30,600330,天通股份,881172,电子化学品,18.21,18.03,-9.99,95663476.0,1619838900.0,-2.9025
2026-07-30,600331,宏达股份,881263,农化制品,12.57,12.58,-1.75,57281711.0,724374520.0,-0.01
2026-07-30,600332,白云山,881141,中药,21.98,21.99,1.0,12557400.0,277444090.0,0.2182
2026-07-30,600333,长春燃气,881146,燃气,5.76,5.77,-0.69,9962176.0,57479228.0,0.0656
2026-07-30,600335,国机汽车,881128,汽车服务及其他,5.14,5.12,2.53,14592953.0,76689239.0,0.0039
2026-07-30,600336,澳柯玛,881131,白色家电,5.97,5.95,1.51,8566000.0,52189943.0,-0.2152
2026-07-30,600337,ST美克,881139,家居用品,2.63,2.64,-7.6,41463896.0,103406347.0,-0.1093
2026-07-30,600338,西藏珠峰,881168,工业金属,12.82,12.8,-1.48,38417187.0,491631380.0,-1.006
2026-07-30,600339,中油工程,881107,油气开采及服务,3.35,3.39,0.9,67222533.0,227296440.0,0.0158
2026-07-30,600340,*ST华幸,881153,房地产,1.05,1.04,-0.95,41457077.0,43451662.0,-0.0427
2026-07-30,600343,航天动力,881117,通用设备,17.7,17.53,-4.92,24333080.0,416329060.0,-2.4433
2026-07-30,600345,长江通信,881129,通信设备,41.16,40.89,-4.37,8754841.0,351904230.0,-4.7969
2026-07-30,600346,恒力石化,881180,石油加工贸易,16.66,16.66,1.56,33306682.0,559852470.0,-0.2856
2026-07-30,600348,华阳股份,881105,煤炭开采加工,8.64,8.69,0.12,23202050.0,200480490.0,0.0655
2026-07-30,600350,山东高速,881149,公路铁路运输,11.36,11.38,-4.14,20240686.0,224756870.0,-0.0269
2026-07-30,600351,亚宝药业,881141,中药,6.52,6.51,-1.69,16237907.0,104728444.0,0.0864
2026-07-30,600352,浙江龙盛,881109,化学制品,13.55,13.29,-2.51,87149051.0,1160431510.0,0.3684
2026-07-30,600353,旭光电子,881123,其他电子,23.96,24.2,-10.02,39186973.0,875508630.0,-3.5412
2026-07-30,600354,敦煌种业,881101,种植业与林业,5.81,5.78,0.69,33216680.0,195507210.0,0.1764
2026-07-30,600356,恒丰纸业,881137,造纸,7.9,7.95,4.18,13421945.0,110219376.0,-0.102
2026-07-30,600358,国旅联合,881133,饮料制造,4.84,4.84,-1.24,6951600.0,33590641.0,-0.1903
2026-07-30,600359,新农开发,881101,种植业与林业,5.81,5.81,-0.17,6500860.0,38136834.0,-0.0798
2026-07-30,600360,华微电子,881121,半导体,9.82,9.7,-7.94,75019419.0,697598750.0,-1.0542
2026-07-30,600361,创新新材,881168,工业金属,3.74,3.74,0.27,50479600.0,190341890.0,-0.0358
2026-07-30,600362,江西铜业,881168,工业金属,42.85,43.06,-1.66,40870733.0,1745398400.0,-0.2318
2026-07-30,600363,联创光电,881124,消费电子,26.03,25.84,-1.19,13466899.0,349519840.0,-2.4296
2026-07-30,600365,ST通葡,881177,互联网电商,2.67,2.64,0.0,1949500.0,5203351.0,0.0136
2026-07-30,600366,宁波韵升,881114,金属新材料,10.92,10.87,-2.29,56053234.0,605024160.0,-1.0
2026-07-30,600367,红星发展,881108,化学原料,28.62,28.62,-5.84,27034916.0,735601500.0,-5.1236
2026-07-30,600368,五洲交通,881149,公路铁路运输,3.85,3.85,0.52,13284477.0,51499663.0,0.0651
2026-07-30,600369,西南证券,881157,证券,4.16,4.14,0.24,46595930.0,193785190.0,0.0321
2026-07-30,600370,*ST三房,881264,化学纤维,1.64,1.59,-3.66,22978600.0,36638027.0,-0.0126
2026-07-30,600371,万向德农,881101,种植业与林业,6.54,6.58,1.38,4973988.0,32919628.0,-0.1144
2026-07-30,600372,中航机载,881166,军工装备,11.24,11.19,0.44,29642901.0,333652250.0,0.0087
2026-07-30,600373,中文传媒,881164,文化传媒,7.32,7.32,2.87,15046898.0,112749094.0,0.0462
2026-07-30,600375,汉马科技,881125,汽车整车,3.98,3.97,1.51,33045947.0,133799173.0,-0.0256
2026-07-30,600376,首开股份,881153,房地产,3.69,3.64,0.0,92928662.0,343668510.0,-0.0092
2026-07-30,600377,宁沪高速,881149,公路铁路运输,12.34,12.33,0.41,15760275.0,194865990.0,0.1537
2026-07-30,600378,昊华科技,881109,化学制品,43.16,43.01,-6.72,51650188.0,2110149300.0,-4.7424
2026-07-30,600379,宝光股份,881278,电网设备,11.73,11.56,-9.97,20518100.0,224774570.0,-0.8359
2026-07-30,600380,健康元,881140,化学制药,10.2,10.2,0.39,15231786.0,155696710.0,0.0871
2026-07-30,600381,*ST春天,881134,食品加工制造,3.38,3.4,0.89,8295802.0,28415099.0,-0.3996
2026-07-30,600382,广东明珠,881112,钢铁,6.28,6.3,0.64,28700154.0,187315680.0,-0.3025
2026-07-30,600383,金地集团,881153,房地产,2.27,2.26,0.88,94432736.0,216673950.0,-0.0282
2026-07-30,600386,北巴传媒,881128,汽车服务及其他,3.19,3.17,0.31,9852772.0,31807483.0,-0.0672
2026-07-30,600388,龙净环保,881284,环保设备,17.79,17.78,1.29,13414040.0,241399140.0,0.2482
2026-07-30,600389,江山股份,881263,农化制品,20.32,20.58,5.51,20468662.0,438541540.0,-0.3304
2026-07-30,600390,五矿资本,881283,多元金融,4.97,4.94,0.6,40250062.0,201305330.0,0.0514
2026-07-30,600391,航发科技,881166,军工装备,28.18,27.98,-2.48,7927300.0,220942120.0,-1.6308
2026-07-30,600392,盛和资源,881170,小金属,20.55,20.22,-2.29,58894087.0,1189139970.0,-1.6701
2026-07-30,600395,盘江股份,881105,煤炭开采加工,4.87,4.88,1.03,29611600.0,145016480.0,-0.0466
2026-07-30,600396,华电辽能,881145,电力,16.16,15.85,-10.02,269390000.0,4110500900.0,0.1317
2026-07-30,600397,江钨装备,881118,专用设备,13.37,13.4,-7.7,75617484.0,965018930.0,-1.8211
2026-07-30,600398,海澜之家,881136,服装家纺,6.16,6.15,2.11,43951660.0,274505490.0,0.1263
2026-07-30,600399,抚顺特钢,881112,钢铁,4.13,4.12,0.97,37088600.0,155692280.0,-0.0785
2026-07-30,600400,红豆股份,881136,服装家纺,2.73,2.69,-1.83,59387380.0,159793660.0,-0.0982
2026-07-30,600403,大有能源,881105,煤炭开采加工,5.64,5.6,1.95,135949810.0,793427460.0,-0.0156
2026-07-30,600405,动力源,881282,其他电源设备,4.03,4.03,0.0,11330204.0,45987936.0,-0.1476
2026-07-30,600406,国电南瑞,881278,电网设备,23.93,23.88,1.63,75921057.0,1828389800.0,0.2641
2026-07-30,600408,安泰集团,881105,煤炭开采加工,2.68,2.66,-1.87,40004300.0,106703984.0,-0.0137
2026-07-30,600409,三友化工,881108,化学原料,6.66,6.78,-1.05,30948465.0,205836410.0,0.0619
2026-07-30,600410,华胜天成,881271,IT服务,13.33,13.28,-3.3,61521901.0,816909900.0,-1.0599
2026-07-30,600415,小商品城,881158,零售,12.65,12.46,1.66,158466650.0,2019610000.0,0.3751
2026-07-30,600416,湘电股份,881277,电机,9.08,9.05,0.66,16589537.0,152594820.0,-0.3392
2026-07-30,600418,江淮汽车,881125,汽车整车,22.17,22.19,10.01,76768219.0,1807543000.0,-2.0997
2026-07-30,600419,天润乳业,881133,饮料制造,8.83,8.88,-2.04,30218707.0,268619460.0,0.0739
2026-07-30,600420,国药现代,881140,化学制药,8.7,8.69,1.61,9364000.0,82242133.0,0.0128
2026-07-30,600422,XD昆药集,881141,中药,9.06,9.08,0.33,11432477.0,104182324.0,0.1955
2026-07-30,600423,*ST柳化,881108,化学原料,2.69,2.68,0.37,5662600.0,15165567.0,0.0369
2026-07-30,600425,青松建化,881115,建筑材料,3.43,3.43,0.29,14857272.0,51329377.0,-0.0117
2026-07-30,600426,华鲁恒升,881263,农化制品,21.59,21.6,1.62,43393383.0,956636500.0,0.3186
2026-07-30,600428,XD中远海,881148,港口航运,10.92,11.01,0.55,67477762.0,749817570.0,0.7491
2026-07-30,600429,三元股份,881133,饮料制造,4.69,4.69,-3.2,47587775.0,218188850.0,0.0038
2026-07-30,600433,冠豪高新,881137,造纸,3.31,3.29,-1.21,34211912.0,112819772.0,-0.0624
2026-07-30,600435,北方导航,881166,军工装备,10.59,10.56,-0.19,17102198.0,181270130.0,-0.3097
2026-07-30,600436,片仔癀,881141,中药,136.39,135.61,1.03,8843717.0,1229162140.0,4.8839
2026-07-30,600438,通威股份,881279,光伏设备,11.54,11.42,1.3,74891774.0,885226910.0,-0.357
2026-07-30,600439,瑞贝卡,881136,服装家纺,2.16,2.15,0.0,15113961.0,32773748.0,-0.0304
2026-07-30,600444,国机通用,881118,专用设备,12.65,12.68,0.55,2615750.0,33449583.0,-0.3444
2026-07-30,600446,金证股份,881271,IT服务,10.59,10.56,3.59,30627868.0,335532770.0,-0.1989
2026-07-30,600448,华纺股份,881135,纺织制造,2.57,2.58,1.17,14998242.0,39024696.0,-0.0672
2026-07-30,600449,宁夏建材,881115,建筑材料,11.94,12.14,-0.42,6960711.0,84323098.0,-0.2501
2026-07-30,600452,涪陵电力,881145,电力,9.88,9.81,-0.51,26007104.0,256359240.0,-0.0891
2026-07-30,600455,博通股份,881178,教育,21.39,21.39,0.84,2045700.0,44161894.0,-0.7382
2026-07-30,600456,宝钛股份,881170,小金属,27.89,27.9,1.15,7613603.0,214805370.0,-0.3989
2026-07-30,600458,时代新材,881165,综合,11.18,11.14,-0.45,19991466.0,222598450.0,-0.9897
2026-07-30,600459,贵研铂业,881170,小金属,18.12,18.04,-0.44,17819120.0,322081200.0,-1.6427
2026-07-30,600460,士兰微,881121,半导体,29.9,29.51,-7.12,96457436.0,2739513500.0,-3.446
2026-07-30,600461,洪城环境,881181,环境治理,9.31,9.3,-0.32,10920210.0,101192946.0,0.0434
2026-07-30,600463,空港股份,881153,房地产,7.57,7.5,-0.66,3533500.0,26963212.0,-0.2809
2026-07-30,600467,好当家,881102,养殖业,2.17,2.17,0.0,26962702.0,59018905.0,0.0042
2026-07-30,600468,百利电气,881278,电网设备,5.75,5.65,-2.26,28380610.0,161190380.0,-0.0561
2026-07-30,600469,风神股份,881126,汽车零部件,5.23,5.18,0.0,6972200.0,36661271.0,-0.1101
2026-07-30,600470,六国化工,881263,农化制品,5.51,5.45,-2.0,27344651.0,150968860.0,-0.2099
2026-07-30,600475,华光环能,881145,电力,13.53,13.55,9.98,23468618.0,338659830.0,-0.3356
2026-07-30,600476,*ST湘邮,881271,IT服务,8.47,8.45,-0.83,1142000.0,9598017.0,-0.3948
2026-07-30,600477,杭萧钢构,881116,建筑装饰,2.38,2.37,-0.42,35703933.0,85549116.0,-0.0348
2026-07-30,600478,科力远,881281,电池,5.03,5.01,0.99,30373217.0,154268560.0,-0.1294
2026-07-30,600479,千金药业,881141,中药,9.63,9.6,0.52,5275150.0,51030740.0,0.0056
2026-07-30,600480,凌云股份,881126,汽车零部件,8.65,8.59,1.5,17781690.0,155783330.0,-0.2108
2026-07-30,600481,双良节能,881279,光伏设备,4.0,3.98,0.0,47779888.0,192799480.0,-0.2696
2026-07-30,600482,中国动力,881282,其他电源设备,28.53,28.46,-4.73,24758198.0,676789840.0,-1.4083
2026-07-30,600483,福能股份,881145,电力,11.08,11.05,-1.08,11915853.0,130780629.0,0.1134
2026-07-30,600486,扬农化工,881263,农化制品,56.12,56.5,3.81,6934435.0,404763550.0,0.6539
2026-07-30,600487,亨通光电,881129,通信设备,49.75,49.7,-5.13,176301510.0,8468141400.0,-11.3799
2026-07-30,600488,津药药业,881140,化学制药,5.24,5.24,-4.58,104497400.0,539642830.0,-0.0453
2026-07-30,600489,中金黄金,881169,贵金属,21.74,22.1,0.74,94572804.0,2105066300.0,0.2281
2026-07-30,600490,鹏欣资源,881168,工业金属,6.51,6.59,-0.77,49735900.0,328491470.0,-0.0585
2026-07-30,600491,ST龙元,881116,建筑装饰,1.24,1.24,0.0,63380520.0,79100411.0,-0.006
2026-07-30,600493,凤竹纺织,881135,纺织制造,5.47,5.43,-1.65,6217050.0,33794598.0,-0.1636
2026-07-30,600495,晋西车轴,881269,轨交设备,3.88,3.87,-0.77,7765380.0,30052495.0,0.0395
2026-07-30,600496,精工钢构,881116,建筑装饰,3.31,3.3,-0.3,27347858.0,91021878.0,-0.0392
2026-07-30,600497,驰宏锌锗,881168,工业金属,9.08,9.02,-1.76,99980082.0,897575490.0,-0.375
2026-07-30,600498,烽火通信,881129,通信设备,34.56,34.01,-7.26,70236226.0,2300396000.0,-7.5728
2026-07-30,600499,科达制造,881139,家居用品,16.65,16.65,0.84,43350107.0,727454740.0,0.2331
2026-07-30,600500,中化国际,881109,化学制品,4.69,4.62,-4.26,85323050.0,390875630.0,-0.6476
2026-07-30,600501,航天晨光,881118,专用设备,13.83,13.81,-1.66,6651100.0,91655491.0,-0.8766
2026-07-30,600502,安徽建工,881116,建筑装饰,4.75,4.74,0.21,26645358.0,126982205.0,0.0261
2026-07-30,600503,华丽家族,881153,房地产,2.04,2.04,-0.98,28730378.0,58650106.0,-0.0655
2026-07-30,600505,西昌电力,881145,电力,11.1,11.06,-1.8,8706253.0,95812752.0,-0.2695
2026-07-30,600506,统一股份,881180,石油加工贸易,13.94,14.02,-1.43,5156310.0,71987487.0,-0.4166
2026-07-30,600507,方大特钢,881112,钢铁,4.56,4.54,-0.44,37717380.0,171491650.0,0.0405
2026-07-30,600508,上海能源,881105,煤炭开采加工,8.58,8.58,1.05,8088235.0,69887608.0,0.015
2026-07-30,600509,天富能源,881145,电力,7.66,7.55,-1.57,27237171.0,205424760.0,-0.1816
2026-07-30,600510,黑牡丹,881153,房地产,6.28,6.25,-0.48,7609600.0,47814220.0,-0.4077
2026-07-30,600511,国药股份,881143,医药商业,27.75,27.76,1.33,6228397.0,174368960.0,0.2138
2026-07-30,600512,腾达建设,881116,建筑装饰,2.0,1.98,0.0,25907790.0,51800821.0,-0.0123
2026-07-30,600513,联环药业,881140,化学制药,15.24,15.18,9.97,32039176.0,525693640.0,-0.0942
2026-07-30,600515,海南机场,881151,机场航运,2.88,2.87,1.39,123073164.0,360522810.0,-0.0114
2026-07-30,600516,方大炭素,881112,钢铁,5.15,5.14,0.19,37415208.0,192691220.0,-0.1532
2026-07-30,600517,国网英大,881283,多元金融,5.05,5.03,1.39,27438338.0,140055290.0,0.0315
2026-07-30,600518,康美药业,881141,中药,1.35,1.34,0.0,142266570.0,192734490.0,-0.0039
2026-07-30,600519,贵州茅台,881273,白酒,1321.0,1323.0,3.09,7187261.0,9712135400.0,28.362
2026-07-30,600520,三佳科技,881118,专用设备,22.2,21.99,-7.57,15715398.0,329967800.0,-3.0238
2026-07-30,600521,华海药业,881140,化学制药,16.27,16.3,0.31,36954944.0,608378680.0,0.2318
2026-07-30,600522,中天科技,881129,通信设备,29.34,29.18,-5.59,219671160.0,6194856300.0,-5.4558
2026-07-30,600523,贵航股份,881126,汽车零部件,11.16,11.18,-0.9,3855180.0,42932539.0,-0.0646
2026-07-30,600525,ST长园,881278,电网设备,4.77,4.75,-0.84,6300800.0,30110072.0,-0.0879
2026-07-30,600526,菲达环保,881284,环保设备,4.33,4.32,0.46,7112500.0,30988718.0,-0.0343
2026-07-30,600527,江南高纤,881264,化学纤维,2.14,2.12,-0.93,46003600.0,98193895.0,-0.0498
2026-07-30,600528,中铁工业,881269,轨交设备,7.24,7.22,0.97,14427201.0,104944981.0,0.0457
2026-07-30,600529,山东药玻,881144,医疗器械,19.67,19.6,1.78,15485532.0,307794790.0,0.2906
2026-07-30,600530,交大昂立,881134,食品加工制造,4.92,4.89,1.42,12020153.0,60416785.0,-0.2376
2026-07-30,600531,豫光金铅,881168,工业金属,11.61,11.66,-1.46,37190289.0,430399650.0,-0.6479
2026-07-30,600533,栖霞建设,881153,房地产,1.99,1.98,-0.5,12222200.0,24514851.0,-0.0319
2026-07-30,600535,天士力,881141,中药,15.95,15.91,-0.44,17778996.0,282308540.0,0.4851
2026-07-30,600536,中国软件,881271,IT服务,31.87,31.74,-1.91,23105191.0,738928510.0,0.1124
2026-07-30,600537,*ST亿晶,881279,光伏设备,2.24,2.24,-4.02,15492100.0,34216823.0,-0.1416
2026-07-30,600538,国发股份,881144,医疗器械,4.68,4.68,-4.06,11109000.0,51480033.0,-0.3313
2026-07-30,600539,狮头股份,881177,互联网电商,14.4,13.68,2.5,37036903.0,510098590.0,-0.0442
2026-07-30,600540,新赛股份,881101,种植业与林业,3.46,3.47,-1.16,19114500.0,66006340.0,-0.1429
2026-07-30,600543,*ST莫高,881133,饮料制造,3.68,3.69,-0.82,2474400.0,9166433.0,-0.1344
2026-07-30,600545,卓郎智能,881118,专用设备,3.84,3.81,-5.73,78239363.0,290455620.0,-0.6667
2026-07-30,600546,山煤国际,881105,煤炭开采加工,12.49,12.55,-0.16,19701235.0,246270010.0,0.0695
2026-07-30,600547,山东黄金,881169,贵金属,27.33,27.85,1.32,80047105.0,2245625100.0,0.2384
2026-07-30,600548,深高速,881149,公路铁路运输,8.59,8.59,1.51,3995263.0,34521485.0,0.0579
2026-07-30,600549,厦门钨业,881170,小金属,47.37,47.35,-5.0,51258710.0,2352144600.0,-6.3168
2026-07-30,600550,保变电气,881278,电网设备,11.85,11.6,-2.03,52542346.0,614246520.0,-0.1545
2026-07-30,600551,时代出版,881164,文化传媒,6.8,6.79,1.47,7309320.0,50482047.0,-0.0411
2026-07-30,600552,凯盛科技,881122,光学光电子,15.67,15.68,-5.49,71557326.0,1079177710.0,-2.0881
2026-07-30,600556,天下秀,881164,文化传媒,4.46,4.43,-0.22,45516445.0,205524250.0,-0.0972
2026-07-30,600557,康缘药业,881141,中药,12.76,12.74,-0.47,7711229.0,97894314.0,0.1057
2026-07-30,600558,大西洋,881117,通用设备,4.69,4.66,-0.21,13657540.0,64241657.0,-0.1408
2026-07-30,600559,老白干酒,881273,白酒,12.0,11.96,4.25,33752184.0,421480070.0,0.0623
2026-07-30,600560,金自天正,881118,专用设备,10.56,10.5,-0.38,2567600.0,27189032.0,-0.351
2026-07-30,600561,江西长运,881149,公路铁路运输,5.1,5.11,0.59,5348600.0,27468759.0,-0.1322
2026-07-30,600562,国睿科技,881276,军工电子,24.84,24.85,-2.05,9697848.0,238164380.0,0.6553
2026-07-30,600563,法拉电子,881270,元件,135.7,135.7,-1.55,4954404.0,659608580.0,-7.0205
2026-07-30,600566,济川药业,881141,中药,26.92,26.87,0.04,5892410.0,158389260.0,0.6442
2026-07-30,600567,山鹰国际,881137,造纸,1.33,1.33,0.0,68010862.0,91024899.0,-0.0128
2026-07-30,600568,ST中珠,881175,医疗服务,2.28,2.3,0.88,7996992.0,18589742.0,-0.0478
2026-07-30,600569,安阳钢铁,881112,钢铁,1.76,1.77,4.55,58582874.0,109493090.0,-0.0005
2026-07-30,600570,恒生电子,881272,软件开发,21.87,21.58,1.74,50882648.0,1131678180.0,-0.1645
2026-07-30,600571,信雅达,881272,软件开发,10.08,10.05,0.69,14483458.0,149381710.0,-0.1204
2026-07-30,600572,康恩贝,881141,中药,4.34,4.32,-0.46,43423765.0,187755820.0,0.0661
2026-07-30,600573,惠泉啤酒,881133,饮料制造,9.67,9.63,0.31,12277771.0,120088626.0,-0.2595
2026-07-30,600575,淮河能源,881145,电力,3.43,3.43,3.79,88990890.0,310887080.0,-0.0065
2026-07-30,600576,祥源文旅,881160,旅游及酒店,5.54,5.51,-1.62,10294260.0,56846084.0,-0.1043
2026-07-30,600577,精达股份,881278,电网设备,7.54,7.47,0.93,79178296.0,603140620.0,-0.8293
2026-07-30,600578,京能电力,881145,电力,5.95,6.01,-3.03,226003880.0,1343586900.0,-0.2476
2026-07-30,600579,中化装备,881118,专用设备,7.2,7.2,-2.22,6312600.0,44862159.0,-0.1173
2026-07-30,600580,卧龙电驱,881277,电机,29.63,29.24,-2.77,30632113.0,889170190.0,-1.7123
2026-07-30,600581,*ST八钢,881112,钢铁,2.29,2.29,1.31,7918500.0,18299966.0,-0.0294
2026-07-30,600582,天地科技,881118,专用设备,4.92,4.89,0.61,19129300.0,94368254.0,0.0143
2026-07-30,600583,海油工程,881107,油气开采及服务,5.55,5.63,1.98,40634000.0,228933460.0,0.1092
2026-07-30,600584,长电科技,881121,半导体,71.68,70.0,-10.0,159793920.0,10647381400.0,-4.0178
2026-07-30,600585,海螺水泥,881115,建筑材料,18.34,18.35,1.64,32595310.0,604101400.0,0.1676
2026-07-30,600586,金晶科技,881108,化学原料,4.11,4.13,2.43,23523460.0,98543507.0,-0.1383
2026-07-30,600587,新华医疗,881144,医疗器械,12.89,12.87,0.85,6820998.0,88365345.0,0.1107
2026-07-30,600588,用友网络,881272,软件开发,9.73,9.76,3.49,90983883.0,923638990.0,-0.0465
2026-07-30,600589,大位科技,881271,IT服务,7.12,7.11,-3.65,54116500.0,377846050.0,-0.7493
2026-07-30,600590,泰豪科技,881282,其他电源设备,8.04,7.95,-2.61,24999004.0,197084090.0,-0.8595
2026-07-30,600592,龙溪股份,881117,通用设备,13.44,13.31,-1.71,7140210.0,95613104.0,-0.717
2026-07-30,600593,大连圣亚,881160,旅游及酒店,37.49,37.49,-1.68,5143546.0,193532760.0,-0.1643
2026-07-30,600594,益佰制药,881141,中药,3.61,3.59,-2.77,40269163.0,144239560.0,0.0649
2026-07-30,600595,中孚实业,881168,工业金属,6.52,6.6,1.69,108401698.0,727495040.0,0.0501
2026-07-30,600596,新安股份,881263,农化制品,10.25,10.1,0.49,48434853.0,500444040.0,-1.0774
2026-07-30,600597,光明乳业,881133,饮料制造,7.0,6.97,1.43,17299815.0,122267753.0,0.0837
2026-07-30,600598,北大荒,881101,种植业与林业,12.2,12.19,1.72,23371991.0,291411160.0,-0.1231
2026-07-30,600600,青岛啤酒,881133,饮料制造,55.56,55.72,3.4,14620165.0,835140230.0,0.5197
2026-07-30,600601,方正科技,881270,元件,9.59,9.41,-9.49,214013670.0,1923506900.0,-1.025
2026-07-30,600602,云赛智联,881272,软件开发,16.94,16.82,-5.43,42118036.0,698553400.0,-0.0907
2026-07-30,600603,广汇物流,881152,物流,4.46,4.46,-0.45,11215288.0,49875045.0,-0.0806
2026-07-30,600604,市北高新,881153,房地产,4.27,4.23,-0.47,11473201.0,49167123.0,-0.0022
2026-07-30,600605,汇通能源,881158,零售,24.04,24.07,-9.28,6600800.0,150583260.0,-1.4378
2026-07-30,600606,绿地控股,881153,房地产,1.29,1.28,-0.78,128772615.0,166931000.0,-0.0125
2026-07-30,600609,金杯汽车,881126,汽车零部件,3.27,3.25,0.31,16098800.0,53077552.0,-0.0268
2026-07-30,600610,中毅达,881108,化学原料,6.76,6.73,0.89,20424299.0,140048760.0,-0.1437
2026-07-30,600611,大众交通,881149,公路铁路运输,4.03,4.04,0.5,57743782.0,235096520.0,-0.0095
2026-07-30,600612,老凤祥,881136,服装家纺,35.54,35.55,3.29,3297218.0,120523624.0,0.5546
2026-07-30,600613,神奇制药,881140,化学制药,4.88,4.86,-0.41,7721700.0,37698227.0,-0.0025
2026-07-30,600615,鑫源智造,881118,专用设备,8.6,8.66,-0.93,2206700.0,19087694.0,-0.3585
2026-07-30,600616,金枫酒业,881133,饮料制造,4.04,4.03,1.73,10571150.0,43552325.0,-0.0233
2026-07-30,600617,国新能源,881146,燃气,3.42,3.32,-5.56,175222600.0,587311790.0,0.117
2026-07-30,600618,氯碱化工,881108,化学原料,10.36,10.4,1.83,11748394.0,123440602.0,-0.0223
2026-07-30,600619,海立股份,881131,白色家电,13.42,12.8,6.11,57959194.0,808512500.0,-0.4163
2026-07-30,600620,天宸股份,881165,综合,4.05,4.08,-0.99,6220202.0,25355151.0,-0.0891
2026-07-30,600621,华鑫股份,881157,证券,13.2,13.15,0.91,11249000.0,150015040.0,-0.0348
2026-07-30,600622,光大嘉宝,881153,房地产,2.08,2.07,0.0,29426779.0,61674173.0,-0.0304
2026-07-30,600623,华谊集团,881108,化学原料,8.11,8.12,0.99,14599601.0,119539120.0,-0.1225
2026-07-30,600624,ST复华,881140,化学制药,3.59,3.59,-2.23,3653191.0,12956395.0,-0.0788
2026-07-30,600626,申达股份,881126,汽车零部件,3.41,3.42,0.88,12538000.0,43233516.0,-0.013
2026-07-30,600628,新世界,881158,零售,6.01,6.0,0.67,8001073.0,48648418.0,-0.0175
2026-07-30,600629,华建集团,881116,建筑装饰,12.67,12.48,10.02,38960038.0,525348730.0,-0.0956
2026-07-30,600630,龙头股份,881136,服装家纺,6.38,6.32,-0.63,12959836.0,82486758.0,-0.6007
2026-07-30,600633,浙数文化,881275,游戏,10.54,10.46,-0.57,24763510.0,262096200.0,-0.13
2026-07-30,600635,大众公用,881146,燃气,4.56,4.56,0.44,40279173.0,184765700.0,-0.0277
2026-07-30,600637,东方明珠,881164,文化传媒,7.99,7.9,0.25,50889310.0,410500240.0,-0.1519
2026-07-30,600638,新黄浦,881153,房地产,4.88,4.82,0.41,21504300.0,106031942.0,-0.0507
2026-07-30,600639,浦东金桥,881153,房地产,9.42,9.43,2.44,8130310.0,77989502.0,0.0546
2026-07-30,600640,国脉文化,881164,文化传媒,10.5,10.5,1.05,7786644.0,82995381.0,-0.0759
2026-07-30,600641,先导基电,881121,半导体,27.55,27.5,-9.98,59215879.0,1519221500.0,-2.4126
2026-07-30,600642,申能股份,881145,电力,8.64,8.59,-1.04,28629706.0,244561250.0,-0.0273
2026-07-30,600643,爱建集团,881283,多元金融,3.96,3.93,1.77,18571491.0,74566399.0,-0.0308
2026-07-30,600644,乐山电力,881145,电力,9.72,9.66,-6.38,53903967.0,504979310.0,0.0907
2026-07-30,600645,中源协和,881144,医疗器械,18.68,18.6,-0.54,7992773.0,149483140.0,-0.0933
2026-07-30,600648,外高桥,881153,房地产,8.61,8.6,4.53,7441458.0,66272693.0,0.0799
2026-07-30,600649,城投控股,881153,房地产,3.69,3.67,1.08,24433721.0,91010497.0,0.0119
2026-07-30,600650,锦江在线,881149,公路铁路运输,10.15,10.13,1.97,4750923.0,49089890.0,-0.0509
2026-07-30,600651,飞乐音响,881126,汽车零部件,5.38,5.32,-0.19,19020385.0,102835398.0,-0.1572
2026-07-30,600653,申华控股,881128,汽车服务及其他,1.67,1.66,-1.2,20536497.0,34271540.0,0.0054
2026-07-30,600654,中安科,881179,其他社会服务,2.9,2.87,-3.1,93964737.0,270584880.0,-0.0141
2026-07-30,600655,豫园股份,881158,零售,4.55,4.53,1.98,17696081.0,81730389.0,0.0322
2026-07-30,600657,信达地产,881153,房地产,2.54,2.53,1.18,17674900.0,45448812.0,-0.0115
2026-07-30,600658,电子城,881153,房地产,3.88,3.82,-1.03,12461800.0,48393082.0,-0.1089
2026-07-30,600660,福耀玻璃,881126,汽车零部件,59.1,59.0,1.18,18461326.0,1098631720.0,1.6206
2026-07-30,600661,昂立教育,881178,教育,8.15,8.09,3.56,18597612.0,157026950.0,0.0826
2026-07-30,600662,外服控股,881179,其他社会服务,4.42,4.42,1.81,17504327.0,78635080.0,0.0354
2026-07-30,600663,陆家嘴,881153,房地产,7.53,7.52,9.96,53222896.0,427785200.0,0.2364
2026-07-30,600664,哈药股份,881140,化学制药,5.36,5.36,3.73,401525160.0,2213505600.0,0.6312
2026-07-30,600665,天地源,881153,房地产,2.84,2.85,-0.7,12532860.0,35884975.0,-0.1356
2026-07-30,600666,奥瑞德,881271,IT服务,3.28,3.26,-3.66,103910480.0,335062070.0,-0.2735
2026-07-30,600667,太极实业,881116,建筑装饰,17.4,16.85,-10.0,323765540.0,5245313900.0,-1.3863
2026-07-30,600668,尖峰集团,881115,建筑材料,7.23,7.19,0.0,4603710.0,33467570.0,-0.0964
2026-07-30,600671,天目药业,881141,中药,20.66,20.56,-4.26,3658409.0,73724900.0,0.5831
2026-07-30,600673,东阳光,881165,综合,28.02,28.0,-7.99,43333311.0,1151321420.0,-2.2198
2026-07-30,600674,川投能源,881145,电力,16.21,16.23,0.49,28288161.0,461041860.0,0.3997
2026-07-30,600675,中华企业,881153,房地产,2.22,2.22,1.8,31819113.0,71474663.0,-0.0079
2026-07-30,600676,久事动娱,881179,其他社会服务,6.74,6.7,-1.34,12275090.0,82717782.0,-0.0621
2026-07-30,600678,ST金顶,881115,建筑材料,5.42,5.35,-4.43,10639600.0,56247054.0,-0.3851
2026-07-30,600679,上海凤凰,881128,汽车服务及其他,9.34,9.58,0.32,3706300.0,35097342.0,-0.023
2026-07-30,600681,百川能源,881146,燃气,3.44,3.43,-0.58,19414580.0,66848697.0,-0.0179
2026-07-30,600682,南京新百,881165,综合,5.54,5.51,0.18,12402000.0,68869685.0,-0.0441
2026-07-30,600683,京投发展,881153,房地产,7.85,7.85,-4.84,17441800.0,132647514.0,-1.2576
2026-07-30,600684,珠江股份,881153,房地产,3.44,3.42,-1.45,16142040.0,55510990.0,0.0301
2026-07-30,600685,中船防务,881166,军工装备,26.44,26.26,-0.61,12131694.0,320163760.0,-0.171
2026-07-30,600686,金龙汽车,881125,汽车整车,11.66,11.65,5.49,44975682.0,549773130.0,-0.1867
2026-07-30,600688,上海石化,881180,石油加工贸易,2.82,2.81,0.35,74202802.0,210233710.0,-0.0424
2026-07-30,600689,上海三毛,881165,综合,9.7,9.7,0.31,3167424.0,30839632.0,-0.3076
2026-07-30,600690,海尔智家,881131,白色家电,22.98,23.0,1.26,54642138.0,1265926270.0,0.6061
2026-07-30,600691,潞化科技,881263,农化制品,2.42,2.41,-0.83,34326700.0,83537215.0,-0.0196
2026-07-30,600692,亚通股份,881153,房地产,5.62,5.6,1.42,7328003.0,41784771.0,-0.1293
2026-07-30,600693,东百集团,881158,零售,9.47,9.28,-2.96,183167880.0,1779082400.0,0.0252
2026-07-30,600694,大商股份,881158,零售,14.53,14.46,0.96,4697423.0,68840804.0,0.0403
2026-07-30,600697,欧亚集团,881158,零售,9.93,9.96,0.81,3921750.0,39595580.0,-0.17
2026-07-30,600698,湖南天雁,881126,汽车零部件,6.54,6.52,-0.46,51801463.0,344018480.0,0.0807
2026-07-30,600699,均胜电子,881126,汽车零部件,20.31,20.14,-1.43,26746828.0,542285980.0,-0.9697
2026-07-30,600702,舍得酒业,881273,白酒,34.08,33.9,10.01,14192917.0,522266240.0,-0.6792
2026-07-30,600703,三安光电,881122,光学光电子,12.25,12.07,-3.59,132469130.0,1582956100.0,-1.5159
2026-07-30,600704,物产中大,881152,物流,4.97,4.95,1.01,50042512.0,250243390.0,0.0519
2026-07-30,600706,曲江文旅,881160,旅游及酒店,7.25,7.25,2.07,15062600.0,113749833.0,-0.072
2026-07-30,600707,彩虹股份,881122,光学光电子,8.29,8.25,-6.76,105553427.0,835798620.0,-1.1424
2026-07-30,600708,光明地产,881153,房地产,3.06,3.07,-2.94,20448544.0,61513268.0,-0.0702
2026-07-30,600710,苏美达,881159,贸易,11.08,11.0,0.99,11312657.0,125738105.0,0.1317
2026-07-30,600711,盛屯矿业,881168,工业金属,10.74,10.7,-5.68,121786070.0,1264279290.0,-0.3047
2026-07-30,600712,南宁百货,881158,零售,4.77,4.73,10.06,20040800.0,103381080.0,-0.0871
2026-07-30,600713,南京医药,881143,医药商业,5.05,5.03,-0.2,10479000.0,52806085.0,-0.0008
2026-07-30,600714,金瑞矿业,881108,化学原料,13.29,13.28,-4.06,10190800.0,132573802.0,-2.3757
2026-07-30,600715,文投控股,881274,影视院线,1.55,1.54,1.94,55707198.0,89456956.0,-0.0295
2026-07-30,600716,凤凰股份,881153,房地产,3.37,3.36,-2.37,6491023.0,21729318.0,-0.09
2026-07-30,600717,天津港,881148,港口航运,4.37,4.36,2.29,28860820.0,127826409.0,0.0423
2026-07-30,600718,东软集团,881271,IT服务,8.25,8.21,0.48,11843791.0,98223799.0,0.1217
2026-07-30,600719,大连热电,881145,电力,7.11,7.06,-2.81,12918410.0,90726491.0,-0.3557
2026-07-30,600720,中交设计,881116,建筑装饰,5.24,5.23,1.53,9857500.0,52192528.0,-0.0002
2026-07-30,600721,百花医药,881175,医疗服务,7.06,7.04,-2.97,16330800.0,113641486.0,-0.0618
2026-07-30,600722,金牛化工,881108,化学原料,10.19,10.29,6.77,120328507.0,1290160330.0,0.3492
2026-07-30,600724,宁波富达,881153,房地产,4.94,4.88,-1.01,8931678.0,44263650.0,-0.2941
2026-07-30,600725,云维股份,881159,贸易,3.26,3.12,-6.13,53003280.0,160873580.0,-0.0738
2026-07-30,600726,华电能源,881105,煤炭开采加工,5.9,5.85,-8.81,208001680.0,1158103670.0,-0.3627
2026-07-30,600727,鲁北化工,881109,化学制品,7.33,7.28,-0.68,13137700.0,96167819.0,-0.0235
2026-07-30,600728,佳都科技,881271,IT服务,4.64,4.6,1.08,35650015.0,167240700.0,0.0164
2026-07-30,600729,重百集团,881158,零售,20.65,20.56,2.66,7066100.0,149062550.0,0.2419
2026-07-30,600730,*ST高科,881178,教育,9.24,9.2,3.25,13040064.0,123599061.0,-0.6841
2026-07-30,600731,湖南海利,881263,农化制品,5.61,5.63,4.1,15345004.0,89159188.0,0.0235
2026-07-30,600732,爱旭股份,881279,光伏设备,12.05,11.99,2.57,44032202.0,548023140.0,-0.192
2026-07-30,600733,北汽蓝谷,881125,汽车整车,5.74,5.8,3.83,330705070.0,1998595400.0,0.0234
2026-07-30,600734,*ST实达,881271,IT服务,1.69,1.67,-2.96,36311310.0,60577484.0,-0.0535
2026-07-30,600735,ST新华锦,881136,服装家纺,6.18,6.17,-2.27,3293007.0,20105241.0,-0.0529
2026-07-30,600736,苏州高新,881153,房地产,6.38,6.36,-0.16,24549330.0,157078340.0,-0.2441
2026-07-30,600737,中粮糖业,881103,农产品加工,12.38,12.3,-1.37,31671172.0,392192360.0,-0.089
2026-07-30,600738,丽尚国潮,881158,零售,3.85,3.84,0.78,12653085.0,49509671.0,-0.0371
2026-07-30,600739,辽宁成大,881142,生物制品,10.78,10.75,1.39,15734899.0,171352070.0,0.0873
2026-07-30,600740,山西焦化,881105,煤炭开采加工,3.61,3.61,0.28,25071371.0,90867656.0,0.0149
2026-07-30,600741,华域汽车,881126,汽车零部件,16.57,16.57,2.11,16161571.0,271536160.0,0.3009
2026-07-30,600742,富维股份,881126,汽车零部件,7.42,7.4,1.75,9575854.0,72018533.0,-0.075
2026-07-30,600743,华远控股,881153,房地产,2.17,2.16,-1.38,26024500.0,55986969.0,-0.031
2026-07-30,600744,华银电力,881145,电力,7.11,7.11,-7.31,234200630.0,1596393700.0,0.1124
2026-07-30,600745,*ST闻泰,881121,半导体,16.7,16.58,-4.13,41021201.0,671768460.0,-0.5863
2026-07-30,600746,江苏索普,881108,化学原料,6.51,6.52,1.38,31229308.0,205712920.0,0.1515
2026-07-30,600748,上实发展,881153,房地产,3.63,3.63,2.2,18599835.0,67976329.0,-0.1073
2026-07-30,600749,西藏旅游,881160,旅游及酒店,13.54,13.4,0.44,9396950.0,128946463.0,-0.3223
2026-07-30,600750,华润江中,881141,中药,26.23,26.23,0.11,5270520.0,138128370.0,0.5755
2026-07-30,600751,海航科技,881148,港口航运,3.01,3.0,1.33,36859323.0,112856909.0,-0.0169
2026-07-30,600753,ST海钦,881152,物流,9.99,10.02,-7.41,4334807.0,40709369.0,-0.5319
2026-07-30,600754,锦江酒店,881160,旅游及酒店,19.23,19.23,0.88,15724585.0,307018430.0,-0.0466
2026-07-30,600755,厦门国贸,881152,物流,5.83,5.82,0.51,15644600.0,91772372.0,0.024
2026-07-30,600756,浪潮软件,881271,IT服务,15.88,15.32,-1.32,51333146.0,815048870.0,0.4602
2026-07-30,600757,长江传媒,881164,文化传媒,8.04,8.04,1.24,9740446.0,78844941.0,0.1065
2026-07-30,600758,辽宁能源,881105,煤炭开采加工,3.27,3.24,-2.14,48843829.0,158491830.0,-0.0976
2026-07-30,600759,ST洲际,881107,油气开采及服务,2.36,2.39,1.27,164100390.0,392209330.0,-0.0201
2026-07-30,600760,中航沈飞,881166,军工装备,43.85,43.5,0.59,13807329.0,607977770.0,0.5904
2026-07-30,600761,安徽合力,881268,工程机械,18.2,18.24,0.82,13031547.0,238535620.0,0.2523
2026-07-30,600763,通策医疗,881175,医疗服务,35.88,35.76,2.01,11872915.0,434097750.0,0.0682
2026-07-30,600764,中国海防,881166,军工装备,18.52,18.48,-0.11,6701051.0,124071697.0,-0.1589
2026-07-30,600765,中航重机,881166,军工装备,13.52,13.45,0.89,16805501.0,228562040.0,-0.0338
2026-07-30,600768,宁波富邦,881278,电网设备,13.46,13.5,-1.71,2931500.0,39320095.0,-0.6969
2026-07-30,600769,祥龙电业,881181,环境治理,13.6,13.6,-8.09,14344281.0,185954090.0,-1.458
2026-07-30,600770,综艺股份,881165,综合,4.99,4.95,-2.61,23641248.0,115894752.0,-0.4251
2026-07-30,600771,广誉远,881141,中药,14.64,14.55,0.89,9008502.0,133181334.0,0.0815
2026-07-30,600773,西藏城投,881153,房地产,10.79,10.71,-4.54,25588900.0,269907190.0,-1.1328
2026-07-30,600774,汉商集团,881140,化学制药,6.38,6.38,0.31,5772620.0,37396683.0,-0.1713
2026-07-30,600775,南京熊猫,881129,通信设备,9.63,9.43,-0.83,46533339.0,449548330.0,-0.1671
2026-07-30,600776,XD东方通,881129,通信设备,12.28,12.3,-1.47,14358898.0,175666230.0,-0.5756
2026-07-30,600777,新潮能源,881107,油气开采及服务,4.1,4.12,1.46,34130666.0,141355660.0,-0.1911
2026-07-30,600778,友好集团,881158,零售,5.08,5.07,-0.79,9236200.0,47089614.0,-0.1316
2026-07-30,600779,水井坊,881273,白酒,28.06,28.0,3.06,9584191.0,279300260.0,-0.3023
2026-07-30,600780,通宝能源,881145,电力,6.02,5.96,-0.66,11426300.0,68569832.0,-0.0395
2026-07-30,600782,新钢股份,881112,钢铁,2.9,2.89,2.07,54346200.0,160388280.0,0.0648
2026-07-30,600783,鲁信创投,881283,多元金融,15.1,15.1,2.98,25909264.0,399913410.0,-1.5023
2026-07-30,600784,鲁银投资,881108,化学原料,7.06,7.03,2.55,14306297.0,103042981.0,-0.0414
2026-07-30,600785,新华百货,881158,零售,8.4,8.3,-1.9,20193027.0,169905250.0,-0.6084
2026-07-30,600787,中储股份,881152,物流,4.66,4.65,1.72,19703800.0,92645641.0,0.0469
2026-07-30,600789,鲁抗医药,881140,化学制药,7.38,7.38,-0.41,19516931.0,143905470.0,0.0406
2026-07-30,600790,轻纺城,881158,零售,3.23,3.21,0.0,14882872.0,48235641.0,-0.0896
2026-07-30,600791,京能置业,881153,房地产,6.25,6.22,-4.96,11658400.0,71503454.0,-1.1364
2026-07-30,600792,云煤能源,881105,煤炭开采加工,3.5,3.49,-2.0,19660000.0,68388210.0,-0.0437
2026-07-30,600793,宜宾纸业,881137,造纸,12.99,12.89,-3.0,11011500.0,142008990.0,-0.5072
2026-07-30,600794,保税科技,881152,物流,3.08,3.07,0.32,10678200.0,33093101.0,-0.0046
2026-07-30,600795,国电电力,881145,电力,4.97,4.98,1.01,154260090.0,774270920.0,0.0723
2026-07-30,600796,钱江生化,881181,环境治理,4.85,4.84,0.0,6804971.0,33216040.0,-0.0452
2026-07-30,600797,浙大网新,881271,IT服务,6.88,6.81,-2.18,29053256.0,198609160.0,-0.0286
2026-07-30,600798,宁波海运,881148,港口航运,3.2,3.19,-0.31,12819400.0,41238617.0,-0.0329
2026-07-30,600800,渤海化学,881180,石油加工贸易,3.07,3.05,-3.58,24322191.0,73878247.0,-0.1332
2026-07-30,600801,华新建材,881115,建筑材料,22.6,22.61,-0.58,13983857.0,314817830.0,1.035
2026-07-30,600802,福建水泥,881115,建筑材料,4.18,4.18,-0.72,6437520.0,26957790.0,-0.1245
2026-07-30,600803,新奥股份,881146,燃气,17.86,18.1,0.5,8385161.0,151260910.0,0.3401
2026-07-30,600805,悦达投资,881165,综合,4.25,4.23,-0.24,6935400.0,29530707.0,-0.0469
2026-07-30,600807,济高发展,881144,医疗器械,2.44,2.41,-1.64,14520200.0,35372440.0,-0.0372
2026-07-30,600808,马钢股份,881112,钢铁,2.58,2.59,2.33,89863712.0,236364230.0,-0.0357
2026-07-30,600809,山西汾酒,881273,白酒,128.21,128.2,6.04,19068535.0,2553979400.0,3.616
2026-07-30,600810,神马股份,881264,化学纤维,6.37,6.34,0.0,10749167.0,68589603.0,0.0034
2026-07-30,600812,华北制药,881140,化学制药,4.8,4.8,0.63,16376019.0,79021006.0,0.0645
2026-07-30,600814,杭州解百,881158,零售,6.53,6.47,0.92,9722298.0,64514146.0,-0.0237
2026-07-30,600815,厦工股份,881268,工程机械,3.05,3.03,-1.64,75543501.0,230777050.0,-0.0038
2026-07-30,600816,建元信托,881283,多元金融,2.53,2.52,0.79,69935025.0,177872660.0,-0.0329
2026-07-30,600817,宇通重工,881284,环保设备,9.2,9.18,0.33,2580910.0,23896185.0,-0.056
2026-07-30,600818,ST中路,881128,汽车服务及其他,5.92,5.9,-0.84,3012300.0,17790696.0,0.0061
2026-07-30,600819,耀皮玻璃,881115,建筑材料,5.26,5.28,0.57,14977176.0,80679818.0,-0.235
2026-07-30,600820,隧道股份,881116,建筑装饰,5.62,5.63,1.25,26103372.0,147742650.0,0.0389
2026-07-30,600821,金开新能,881145,电力,6.41,6.37,-4.68,79570171.0,495511300.0,-0.0652
2026-07-30,600822,上海物贸,881128,汽车服务及其他,8.12,8.06,0.99,3033910.0,24905821.0,-0.0641
2026-07-30,600824,益民集团,881158,零售,3.51,3.51,0.85,9654662.0,34389497.0,-0.0216
2026-07-30,600825,新华传媒,881164,文化传媒,4.84,4.82,-0.41,10578201.0,51300519.0,-0.0424
2026-07-30,600826,兰生股份,881179,其他社会服务,7.74,7.77,0.39,7279584.0,57432233.0,-0.3898
2026-07-30,600827,百联股份,881158,零售,7.81,7.79,3.07,24168852.0,192951210.0,0.0086
2026-07-30,600828,茂业商业,881158,零售,3.77,3.7,0.53,38191068.0,146222320.0,-0.0676
2026-07-30,600829,人民同泰,881143,医药商业,9.05,9.05,2.87,30497257.0,280638300.0,0.1922
2026-07-30,600830,香溢融通,881283,多元金融,7.99,7.95,-0.75,3957200.0,31598550.0,-0.1193
2026-07-30,600831,广电网络,881164,文化传媒,3.01,3.02,0.0,13485960.0,41265168.0,-0.0836
2026-07-30,600833,第一医药,881143,医药商业,9.58,9.55,-0.63,4345900.0,41798849.0,-0.1127
2026-07-30,600834,申通地铁,881149,公路铁路运输,7.11,7.38,1.69,6121925.0,44922601.0,0.0008
2026-07-30,600835,上海机电,881118,专用设备,18.49,18.29,1.84,8187323.0,154129700.0,-0.8359
2026-07-30,600838,上海九百,881158,零售,7.11,7.07,-0.28,11171900.0,80859522.0,-0.176
2026-07-30,600839,四川长虹,881132,黑色家电,6.79,6.73,-1.33,64108030.0,432446360.0,-0.0912
2026-07-30,600841,动力新科,881126,汽车零部件,5.61,5.58,2.5,36951800.0,213453430.0,-0.3067
2026-07-30,600843,上工申贝,881118,专用设备,6.82,6.81,-1.76,9748091.0,66362862.0,-0.406
2026-07-30,600844,金煤科技,881108,化学原料,3.45,3.45,-3.77,130335996.0,437980350.0,0.1364
2026-07-30,600845,宝信软件,881271,IT服务,17.68,17.67,-0.79,19233458.0,341535450.0,-0.3595
2026-07-30,600846,同济科技,881116,建筑装饰,11.78,11.72,-2.46,7095988.0,83514807.0,0.2177
2026-07-30,600847,万里股份,881281,电池,11.4,11.43,-3.6,4142100.0,46225814.0,-0.7933
2026-07-30,600848,上海临港,881153,房地产,8.44,8.44,3.32,14294647.0,122492521.0,0.1504
2026-07-30,600850,电科数字,881271,IT服务,15.45,15.3,0.39,23489241.0,365128880.0,-0.1911
2026-07-30,600851,海欣股份,881140,化学制药,7.77,7.65,-1.54,10447800.0,81440002.0,-0.2214
2026-07-30,600853,龙建股份,881116,建筑装饰,3.17,3.16,0.0,10354622.0,32897892.0,-0.0304
2026-07-30,600854,春兰股份,881131,白色家电,4.27,4.24,-0.7,5630500.0,24032063.0,-0.0591
2026-07-30,600855,航天长峰,881276,军工电子,12.22,12.14,-2.05,7765982.0,94158964.0,-0.7064
2026-07-30,600857,宁波中百,881158,零售,15.49,15.48,-5.16,8102776.0,120134192.0,-0.5792
2026-07-30,600858,银座股份,881158,零售,4.7,4.67,0.0,8251600.0,39132305.0,-0.0404
2026-07-30,600859,王府井,881158,零售,10.17,10.15,2.46,26547504.0,275902470.0,0.0221
2026-07-30,600860,京城股份,881117,通用设备,7.95,7.88,-0.25,6582610.0,52790134.0,-0.2474
2026-07-30,600861,北京人力,881179,其他社会服务,13.56,13.61,3.17,6011054.0,83681682.0,0.1305
2026-07-30,600862,中航高科,881166,军工装备,18.6,18.51,1.61,18581770.0,350176500.0,-0.0633
2026-07-30,600863,华能蒙电,881145,电力,4.84,4.78,3.93,221126020.0,1071612280.0,-0.0121
2026-07-30,600864,哈投股份,881157,证券,5.43,5.41,0.92,31414278.0,171539160.0,0.0097
2026-07-30,600865,百大集团,881158,零售,8.54,8.45,-0.12,22329400.0,195034100.0,-0.2225
2026-07-30,600866,星湖科技,881109,化学制品,4.62,4.61,-0.87,19720001.0,90653076.0,0.0453
2026-07-30,600867,通化东宝,881142,生物制品,8.43,8.4,-1.07,26338696.0,220766310.0,0.0587
2026-07-30,600868,梅雁吉祥,881145,电力,2.68,2.67,1.87,100724030.0,275524570.0,-0.0472
2026-07-30,600869,远东股份,881278,电网设备,13.92,13.95,-7.9,100594868.0,1326591060.0,-3.758
2026-07-30,600871,石化油服,881107,油气开采及服务,2.2,2.22,0.91,174729650.0,390412050.0,0.0083
2026-07-30,600872,中炬高新,881134,食品加工制造,19.7,19.64,0.91,25553745.0,511164090.0,0.3845
2026-07-30,600873,梅花生物,881109,化学制品,8.22,8.16,-1.58,35448500.0,288712370.0,0.0734
2026-07-30,600874,创业环保,881181,环境治理,5.56,5.56,0.54,7531102.0,41965757.0,0.0241
2026-07-30,600875,东方电气,881282,其他电源设备,25.49,25.18,-2.28,42366608.0,1056144630.0,-1.28
2026-07-30,600876,凯盛新能,881279,光伏设备,6.73,6.69,0.3,5128200.0,34828465.0,-0.3327
2026-07-30,600877,电科芯片,881121,半导体,12.25,12.1,-2.45,16826075.0,203270370.0,-0.9852
2026-07-30,600879,航天电子,881166,军工装备,14.71,14.55,-4.62,76751551.0,1096848100.0,-1.7234
2026-07-30,600880,博瑞传播,881272,软件开发,3.8,3.78,-1.05,23562501.0,90089992.0,-0.081
2026-07-30,600881,亚泰集团,881165,综合,1.89,1.88,-8.99,204746810.0,364373030.0,0.0528
2026-07-30,600882,妙可蓝多,881133,饮料制造,22.78,22.51,-0.57,25882486.0,598985040.0,0.9958
2026-07-30,600883,博闻科技,881101,种植业与林业,6.8,6.79,0.44,3924100.0,26783301.0,-0.2491
2026-07-30,600884,杉杉股份,881281,电池,13.07,12.9,-2.22,63311084.0,815640130.0,-0.2162
2026-07-30,600885,宏发股份,881278,电网设备,33.98,33.71,1.5,26945078.0,909833770.0,-0.1223
2026-07-30,600886,国投电力,881145,电力,15.21,15.22,1.45,39162462.0,601138010.0,0.4289
2026-07-30,600887,伊利股份,881133,饮料制造,27.31,27.19,1.39,97885622.0,2700168100.0,0.5579
2026-07-30,600888,新疆众和,881168,工业金属,9.13,9.03,-2.52,65320714.0,589397870.0,-0.9893
2026-07-30,600889,*ST京化,881117,通用设备,13.31,13.12,-3.16,2318400.0,30146515.0,-0.6771
2026-07-30,600892,大晟文化,881275,游戏,3.29,3.29,-2.74,12798900.0,43018330.0,-0.1073
2026-07-30,600893,航发动力,881166,军工装备,35.76,35.47,-1.76,26960173.0,951729970.0,-1.0247
2026-07-30,600894,广日股份,881118,专用设备,7.8,7.8,0.9,5443701.0,42907577.0,-0.0553
2026-07-30,600895,张江高科,881153,房地产,31.35,30.09,3.6,85325517.0,2697925300.0,-1.0463
2026-07-30,600897,厦门空港,881151,机场航运,14.74,14.73,0.54,1517700.0,22432561.0,0.0303
2026-07-30,600900,长江电力,881145,电力,28.93,28.85,1.94,193063380.0,5667026300.0,0.6904
2026-07-30,600901,江苏金租,881283,多元金融,6.51,6.52,0.61,39766581.0,258325710.0,0.0981
2026-07-30,600903,贵州燃气,881146,燃气,6.08,6.08,-0.33,28731113.0,174683230.0,-0.3718
2026-07-30,600905,三峡能源,881145,电力,3.86,3.85,1.04,112281583.0,436665220.0,-0.0006
2026-07-30,600906,财达证券,881157,证券,6.43,6.38,0.62,40903759.0,264205400.0,-0.1689
2026-07-30,600908,无锡银行,881155,银行,5.53,5.54,2.35,32824937.0,185092850.0,0.0686
2026-07-30,600909,华安证券,881157,证券,7.72,7.63,-1.81,175233940.0,1336203150.0,-0.3557
2026-07-30,600916,中国黄金,881136,服装家纺,7.57,7.59,0.53,31462011.0,240711090.0,0.0378
2026-07-30,600917,重庆燃气,881146,燃气,4.83,4.81,0.41,4592457.0,22246910.0,-0.0162
2026-07-30,600918,中泰证券,881157,证券,5.59,5.57,1.07,39327607.0,221228250.0,0.049
2026-07-30,600919,江苏银行,881155,银行,11.62,11.6,1.72,100015370.0,1172993410.0,0.1466
2026-07-30,600925,苏能股份,881105,煤炭开采加工,4.35,4.37,-0.23,7644700.0,33232617.0,0.003
2026-07-30,600926,杭州银行,881155,银行,16.2,16.13,1.85,45774960.0,750480000.0,0.1724
2026-07-30,600927,永安期货,881283,多元金融,13.0,12.91,1.31,7046500.0,92552590.0,-0.044
2026-07-30,600928,西安银行,881155,银行,3.61,3.62,1.94,27606110.0,101062397.0,0.0553
2026-07-30,600929,雪天盐业,881108,化学原料,5.38,5.39,1.12,22090900.0,119882830.0,0.1035
2026-07-30,600930,华电新能,,,4.23,4.22,-0.24,144659990.0,611418350.0,-0.2717
2026-07-30,600933,爱柯迪,881126,汽车零部件,13.37,13.36,0.3,11357067.0,152930220.0,-0.4656
2026-07-30,600935,华塑股份,881108,化学原料,2.27,2.26,0.0,12383400.0,28207353.0,-0.0199
2026-07-30,600936,北投科技,881271,IT服务,5.16,5.13,3.88,94096351.0,491453730.0,0.1077
2026-07-30,600938,中国海油,881107,油气开采及服务,31.48,32.08,3.4,61887731.0,2001550900.0,0.5203
2026-07-30,600939,重庆建工,881116,建筑装饰,2.59,2.59,-0.39,10858600.0,28203767.0,-0.0091
2026-07-30,600941,中国移动,881162,通信服务,97.3,97.1,1.44,20810115.0,2050420400.0,1.48
2026-07-30,600955,维远股份,881108,化学原料,12.47,12.48,-0.56,3786040.0,47376472.0,-0.9203
2026-07-30,600956,新天绿能,881145,电力,7.36,7.37,0.95,7999500.0,59435754.0,-0.0656
2026-07-30,600958,东方证券,881157,证券,9.23,9.15,-0.33,86321276.0,795057780.0,-0.0164
2026-07-30,600959,江苏有线,881164,文化传媒,3.06,3.05,0.33,30943330.0,95153900.0,-0.0276
2026-07-30,600960,渤海汽车,881126,汽车零部件,3.9,3.86,-1.28,10402800.0,40590204.0,-0.0965
2026-07-30,600961,株冶集团,881169,贵金属,22.66,22.79,-3.71,42713337.0,944526510.0,-1.7218
2026-07-30,600962,国投中鲁,881133,饮料制造,23.98,23.97,-4.21,7529600.0,176231130.0,-0.7198
2026-07-30,600963,岳阳林纸,881137,造纸,3.28,3.28,2.44,39992289.0,133392893.0,-0.0319
2026-07-30,600965,*ST福成,881102,养殖业,2.58,2.59,0.0,4597074.0,11950315.0,-0.073
2026-07-30,600966,博汇纸业,881137,造纸,4.71,4.69,3.18,22294826.0,108771423.0,-0.1399
2026-07-30,600967,内蒙一机,881166,军工装备,11.48,11.4,1.05,42141833.0,492732570.0,0.0203
2026-07-30,600968,海油发展,881107,油气开采及服务,3.87,3.92,0.26,63747068.0,248116700.0,0.0572
2026-07-30,600969,郴电国际,881145,电力,8.23,8.19,-1.94,8112440.0,66127561.0,-0.1253
2026-07-30,600970,中材国际,881116,建筑装饰,7.92,7.91,1.39,19100179.0,152651000.0,0.0313
2026-07-30,600971,恒源煤电,881105,煤炭开采加工,7.83,7.84,0.89,15797172.0,124413140.0,0.1045
2026-07-30,600973,宝胜股份,881278,电网设备,5.85,5.83,-1.37,16530975.0,96201586.0,-0.2387
2026-07-30,600975,新五丰,881102,养殖业,4.85,4.82,0.21,10974333.0,53582210.0,-0.0006
2026-07-30,600976,健民集团,881141,中药,27.82,27.82,1.47,3021065.0,84461912.0,-0.0454
2026-07-30,600977,中国电影,881274,影视院线,12.44,12.3,0.32,52131119.0,657155090.0,-0.3713
2026-07-30,600979,广安爱众,881145,电力,3.94,3.92,-1.27,26596108.0,104414936.0,-0.1046
2026-07-30,600980,北矿科技,881118,专用设备,17.8,17.73,-0.73,3550100.0,63723537.0,-0.6089
2026-07-30,600981,苏豪汇鸿,881159,贸易,2.29,2.29,0.0,21057280.0,48625578.0,-0.0404
2026-07-30,600982,宁波能源,881145,电力,5.04,4.99,-0.99,32153600.0,160607040.0,-0.0606
2026-07-30,600983,惠而浦,881131,白色家电,7.82,7.81,2.81,4835804.0,38480774.0,0.0495
2026-07-30,600984,建设机械,881268,工程机械,3.97,3.96,1.01,34160250.0,136764110.0,-0.012
2026-07-30,600985,淮北矿业,881105,煤炭开采加工,15.34,15.33,0.39,20323977.0,311182270.0,0.0938
2026-07-30,600986,浙文互联,881164,文化传媒,7.08,7.0,0.42,110155376.0,798239540.0,-0.1777
2026-07-30,600987,航民股份,881135,纺织制造,6.67,6.64,0.45,5629800.0,37639873.0,0.0491
2026-07-30,600988,赤峰黄金,881169,贵金属,37.86,38.96,-1.82,77759042.0,2996015600.0,1.7213
2026-07-30,600989,宝丰能源,881108,化学原料,23.26,23.62,2.67,80562535.0,1914212400.0,0.3458
2026-07-30,600990,四创电子,881276,军工电子,17.22,17.1,-1.05,3689883.0,63512217.0,-0.4918
2026-07-30,600992,贵绳股份,881117,通用设备,9.34,9.27,-4.28,12441600.0,113605114.0,-0.2651
2026-07-30,600993,马应龙,881141,中药,24.38,24.39,2.42,7390863.0,183296560.0,0.2411
2026-07-30,600995,南网储能,881145,电力,12.83,12.83,0.31,14318252.0,183916030.0,-0.0393
2026-07-30,600996,贵广网络,881164,文化传媒,6.68,6.66,-0.75,17684196.0,118723686.0,-0.3255
2026-07-30,600997,开滦股份,881105,煤炭开采加工,5.37,5.39,0.37,9933500.0,53629243.0,0.0362
2026-07-30,600998,九州通,881143,医药商业,5.12,5.1,0.59,37447008.0,191283940.0,0.0644
2026-07-30,600999,招商证券,881157,证券,17.68,17.48,-0.68,78407978.0,1372513500.0,-0.363
2026-07-30,601000,唐山港,881148,港口航运,4.77,4.81,2.94,63958571.0,310530240.0,0.1399
2026-07-30,601001,晋控煤业,881105,煤炭开采加工,16.37,16.37,-1.89,19293269.0,314261380.0,-0.406
2026-07-30,601002,晋亿实业,881117,通用设备,4.89,4.84,-2.66,17464228.0,84403343.0,0.0158
2026-07-30,601003,柳钢股份,881112,钢铁,3.81,3.98,9.97,37880138.0,155440680.0,0.0482
2026-07-30,601005,重庆钢铁,881112,钢铁,1.21,1.2,0.83,100999174.0,123327317.0,-0.0036
2026-07-30,601006,大秦铁路,881149,公路铁路运输,4.93,4.94,2.23,152921810.0,765247890.0,0.0456
2026-07-30,601007,金陵饭店,881160,旅游及酒店,6.59,6.66,0.46,12876640.0,86238940.0,0.0253
2026-07-30,601008,连云港,881148,港口航运,4.38,4.38,0.0,7782400.0,34233514.0,0.0114
2026-07-30,601009,南京银行,881155,银行,11.46,11.5,2.79,65877195.0,769562880.0,0.1983
2026-07-30,601010,ST文峰,881158,零售,1.49,1.49,-1.34,26616800.0,39542756.0,-0.0442
2026-07-30,601011,宝泰隆,881105,煤炭开采加工,2.57,2.56,-1.56,27967123.0,71654542.0,-0.069
2026-07-30,601012,隆基绿能,881279,光伏设备,12.81,12.7,1.64,153403150.0,1998593400.0,-0.0615
2026-07-30,601015,陕西黑猫,881105,煤炭开采加工,3.23,3.24,-0.31,41667748.0,135653460.0,-0.0036
2026-07-30,601016,节能风电,881145,电力,3.58,3.55,-2.23,135769150.0,478182950.0,-0.0966
2026-07-30,601018,宁波港,881148,港口航运,3.44,3.43,1.16,62872606.0,217711710.0,0.0301
2026-07-30,601019,山东出版,881164,文化传媒,7.44,7.4,2.15,11828766.0,89114529.0,0.1723
2026-07-30,601020,华钰矿业,881168,工业金属,18.71,19.1,0.91,26756405.0,513811340.0,-1.3145
2026-07-30,601021,春秋航空,881151,机场航运,46.09,45.98,2.63,9314804.0,437570780.0,-0.0622
2026-07-30,601022,宁波远洋,881148,港口航运,8.18,8.15,1.22,6979500.0,57630485.0,0.0565
2026-07-30,601026,道生天合,,,15.13,15.0,0.2,4903100.0,74219802.0,0.025
2026-07-30,601033,永兴股份,881181,环境治理,14.52,14.51,1.24,4985700.0,72839169.0,0.1223
2026-07-30,601038,一拖股份,881118,专用设备,14.3,14.21,-1.05,11227788.0,159498410.0,0.6446
2026-07-30,601058,赛轮轮胎,881126,汽车零部件,13.85,13.85,3.47,57351949.0,816724500.0,0.4082
2026-07-30,601059,信达证券,881157,证券,16.44,16.4,0.55,9456615.0,155241530.0,0.0269
2026-07-30,601061,中信金属,881159,贸易,11.69,11.66,-1.37,22770244.0,268475530.0,-0.0316
2026-07-30,601065,江盐集团,881108,化学原料,6.83,6.84,1.46,6552500.0,45160290.0,-0.0768
2026-07-30,601066,中信建投,881157,证券,25.87,25.74,-0.12,21867212.0,565061270.0,-0.2631
2026-07-30,601068,中铝国际,881116,建筑装饰,4.49,4.49,0.89,14090900.0,64059519.0,-0.0801
2026-07-30,601069,西部黄金,881169,贵金属,24.06,24.6,1.45,41361515.0,1033025120.0,-0.4588
2026-07-30,601077,渝农商行,881155,银行,6.58,6.59,3.8,90257827.0,608349480.0,0.044
2026-07-30,601083,锦江航运,881148,港口航运,11.31,11.23,0.71,10935068.0,124946385.0,0.1471
2026-07-30,601086,国芳集团,881158,零售,7.73,7.57,3.62,50313313.0,401500400.0,0.0741
2026-07-30,601088,中国神华,881105,煤炭开采加工,45.03,45.0,1.49,36659445.0,1666255200.0,0.9332
2026-07-30,601089,福元医药,881140,化学制药,17.08,17.09,-0.12,2762682.0,47165670.0,-0.1003
2026-07-30,601096,宏盛华源,881278,电网设备,4.34,4.34,-0.46,28426998.0,123858046.0,-0.078
2026-07-30,601098,中南传媒,881164,文化传媒,10.42,10.49,2.02,12493117.0,132405292.0,0.0955
2026-07-30,601099,太平洋,881157,证券,3.44,3.44,0.29,108652418.0,375279670.0,-0.0018
2026-07-30,601100,恒立液压,881268,工程机械,102.93,101.0,0.07,7685972.0,784473200.0,-2.1762
2026-07-30,601101,昊华能源,881105,煤炭开采加工,11.33,11.32,-0.88,21724140.0,245564180.0,-0.1006
2026-07-30,601106,中国一重,881118,专用设备,3.04,3.04,0.66,73185400.0,223723410.0,-0.1061
2026-07-30,601107,四川成渝,881149,公路铁路运输,5.75,5.74,4.7,23484739.0,138917370.0,0.0873
2026-07-30,601108,财通证券,881157,证券,8.2,8.15,0.12,42984370.0,352175700.0,-0.0442
2026-07-30,601111,中国国航,881151,机场航运,6.12,6.08,0.82,90457749.0,557909120.0,-0.0446
2026-07-30,601112,振石股份,,,14.9,14.7,0.87,6650414.0,99641508.0,-0.6414
2026-07-30,601113,华鼎股份,881264,化学纤维,3.38,3.37,0.0,7570400.0,25706190.0,-0.075
2026-07-30,601116,三江购物,881158,零售,10.08,9.98,-0.3,20373873.0,208344680.0,-0.2469
2026-07-30,601117,中国化学,881116,建筑装饰,7.75,7.7,0.65,73415900.0,570526230.0,0.0137
2026-07-30,601118,海南橡胶,881101,种植业与林业,4.85,4.85,0.62,51224492.0,251545630.0,-0.1831
2026-07-30,601121,宝地矿业,881112,钢铁,6.78,6.78,-1.03,14480069.0,98148107.0,0.1077
2026-07-30,601126,四方股份,881278,电网设备,40.5,40.0,-9.19,31684136.0,1200069320.0,-6.546
2026-07-30,601127,赛力斯,881125,汽车整车,58.0,57.95,5.95,62098630.0,3788821600.0,-2.1023
2026-07-30,601128,常熟银行,881155,银行,6.33,6.32,1.9,65628666.0,420455060.0,0.0452
2026-07-30,601133,柏诚股份,881116,建筑装饰,26.16,25.85,-10.02,14052117.0,342783320.0,-1.9749
2026-07-30,601136,首创证券,881157,证券,14.38,14.3,1.67,15764160.0,229374120.0,-0.0379
2026-07-30,601137,博威合金,881114,金属新材料,16.81,16.78,0.71,16330990.0,276427650.0,-1.4168
2026-07-30,601138,工业富联,881124,消费电子,57.75,57.0,-6.84,152598380.0,8348593200.0,-3.2184
2026-07-30,601139,深圳燃气,881146,燃气,6.48,6.5,0.93,24575732.0,159793220.0,0.1235
2026-07-30,601155,新城控股,881153,房地产,11.5,11.39,-1.48,17776710.0,204650970.0,0.0084
2026-07-30,601156,东航物流,881152,物流,17.02,17.01,-0.18,10595400.0,180873100.0,0.221
2026-07-30,601158,重庆水务,881181,环境治理,4.21,4.2,0.95,7761746.0,32865837.0,0.037
2026-07-30,601162,天风证券,881157,证券,3.7,3.68,-0.27,166047270.0,616420410.0,0.0338
2026-07-30,601163,三角轮胎,881126,汽车零部件,13.03,13.0,2.23,5022706.0,66566747.0,-0.0172
2026-07-30,601166,兴业银行,881155,银行,18.59,18.58,2.74,157630580.0,2983174100.0,0.3483
2026-07-30,601168,西部矿业,881168,工业金属,36.91,37.55,-0.7,70982929.0,2652987000.0,1.9194
2026-07-30,601169,北京银行,881155,银行,5.12,5.12,1.76,231417400.0,1197992360.0,0.0796
2026-07-30,601177,杭齿前进,881117,通用设备,12.65,12.52,-1.5,5062061.0,63576424.0,-0.4452
2026-07-30,601179,中国西电,881278,电网设备,13.67,13.41,-4.02,168888790.0,2245298100.0,-0.3443
2026-07-30,601186,中国铁建,881116,建筑装饰,6.33,6.32,0.79,52194600.0,332067910.0,0.0943
2026-07-30,601187,厦门银行,881155,银行,7.58,7.54,1.45,18355700.0,140333150.0,0.1028
2026-07-30,601188,龙江交通,881149,公路铁路运输,2.86,2.85,-0.35,14511100.0,41517200.0,-0.0143
2026-07-30,601198,东兴证券,881157,证券,13.73,13.7,-0.51,30920136.0,421166290.0,0.0803
2026-07-30,601199,江南水务,881181,环境治理,5.53,5.5,-0.18,10395600.0,57519371.0,-0.0684
2026-07-30,601200,XD上海环,881181,环境治理,6.98,7.0,1.72,11060798.0,78170481.0,-0.0005
2026-07-30,601208,东材科技,881265,塑料制品,36.6,36.5,-9.13,77225848.0,2631980600.0,-6.4729
2026-07-30,601211,国泰海通,881157,证券,18.93,18.83,0.53,88501409.0,1672011800.0,0.3714
2026-07-30,601212,白银有色,881168,工业金属,4.9,4.94,-1.84,129169296.0,631253090.0,-0.1962
2026-07-30,601216,君正集团,881108,化学原料,4.74,4.6,0.21,86577465.0,406838350.0,0.0439
2026-07-30,601218,吉鑫科技,881280,风电设备,4.57,4.5,1.53,76293066.0,353468020.0,-0.0388
2026-07-30,601222,林洋能源,881278,电网设备,5.69,5.69,0.7,19701560.0,112735168.0,-0.0181
2026-07-30,601225,陕西煤业,881105,煤炭开采加工,24.64,24.7,0.41,26258160.0,650362100.0,0.4485
2026-07-30,601226,华电科工,881116,建筑装饰,5.99,5.97,-0.67,13607042.0,81857340.0,-0.259
2026-07-30,601228,广州港,881148,港口航运,3.08,3.07,0.65,27558800.0,85345156.0,0.0329
2026-07-30,601229,上海银行,881155,银行,9.38,9.43,2.24,82904079.0,789229420.0,0.1054
2026-07-30,601231,环旭电子,881124,消费电子,23.57,23.26,-8.82,38873191.0,859374840.0,-2.9678
2026-07-30,601233,桐昆股份,881264,化学纤维,22.29,22.24,-1.08,33169225.0,734508820.0,0.0224
2026-07-30,601236,红塔证券,881157,证券,7.02,7.0,1.14,20921598.0,148018960.0,0.0219
2026-07-30,601238,广汽集团,881125,汽车整车,5.37,5.36,2.61,39703329.0,217296980.0,-0.0553
2026-07-30,601279,英利汽车,881126,汽车零部件,3.1,3.1,0.65,11495951.0,36042278.0,-0.0559
2026-07-30,601288,农业银行,881155,银行,6.93,6.91,2.6,551824460.0,3878708700.0,0.1597
2026-07-30,601298,青岛港,881148,港口航运,8.97,8.95,0.78,12045458.0,108207020.0,0.1159
2026-07-30,601311,骆驼股份,881281,电池,7.98,7.95,1.5,17045780.0,137501890.0,0.0123
2026-07-30,601318,中国平安,881156,保险,54.3,54.06,2.76,105845797.0,5834022300.0,1.0466
2026-07-30,601319,中国人保,881156,保险,7.42,7.4,1.89,96176897.0,720258450.0,0.1243
2026-07-30,601326,秦港股份,881148,港口航运,3.5,3.49,0.57,22179075.0,77888530.0,0.0715
2026-07-30,601328,交通银行,881155,银行,7.09,7.08,3.24,341889740.0,2470513700.0,0.1589
2026-07-30,601330,绿色动力,881181,环境治理,7.19,7.17,0.7,10737100.0,77457351.0,-0.0878
2026-07-30,601333,广深铁路,881149,公路铁路运输,3.05,3.06,1.97,88834887.0,274710130.0,0.0294
2026-07-30,601336,新华保险,881156,保险,62.98,62.5,-0.43,22293183.0,1397272000.0,0.3626
2026-07-30,601339,百隆东方,881135,纺织制造,8.04,7.96,1.37,12040223.0,96437502.0,0.1994
2026-07-30,601360,三六零,881272,软件开发,8.79,8.7,0.23,100813640.0,892911450.0,-0.1367
2026-07-30,601366,利群股份,881158,零售,3.51,3.49,-1.14,8274806.0,29135829.0,-0.0011
2026-07-30,601368,绿城水务,881181,环境治理,4.42,4.43,0.45,4302900.0,19061562.0,-0.0079
2026-07-30,601369,陕鼓动力,881118,专用设备,9.45,9.35,-0.11,16824800.0,159071940.0,0.0972
2026-07-30,601375,中原证券,881157,证券,4.15,4.13,0.24,52824687.0,220126000.0,0.0217
2026-07-30,601377,兴业证券,881157,证券,6.09,6.05,0.33,90334158.0,550031960.0,0.0115
2026-07-30,601388,怡球资源,881168,工业金属,3.09,3.1,-0.65,43562308.0,135176220.0,-0.0137
2026-07-30,601390,中国中铁,881116,建筑装饰,4.6,4.58,1.96,139507030.0,648469460.0,0.0398
2026-07-30,601398,工商银行,881155,银行,7.95,7.94,2.52,572360500.0,4625457200.0,0.1783
2026-07-30,601399,国机重装,881118,专用设备,3.31,3.29,0.0,81393900.0,268459780.0,-0.0736
2026-07-30,601456,国联民生,881157,证券,8.95,8.94,0.22,19175637.0,171932860.0,-0.0247
2026-07-30,601500,通用股份,881126,汽车零部件,3.95,3.95,1.52,15626040.0,62408454.0,-0.0056
2026-07-30,601512,中新集团,881153,房地产,7.73,7.68,3.49,5506200.0,43683705.0,-0.0864
2026-07-30,601515,衢州东峰,881138,包装印刷,3.29,3.28,-1.52,17531843.0,57736272.0,-0.0867
2026-07-30,601518,吉林高速,881149,公路铁路运输,2.78,2.77,0.72,17082529.0,47599206.0,-0.0016
2026-07-30,601519,大智慧,881272,软件开发,8.08,7.99,0.99,34052291.0,278260330.0,-0.2713
2026-07-30,601528,瑞丰银行,881155,银行,4.9,4.9,3.06,41139997.0,206521620.0,0.062
2026-07-30,601555,东吴证券,881157,证券,8.07,8.05,0.99,48341592.0,391932790.0,0.0129
2026-07-30,601566,九牧王,881136,服装家纺,8.38,8.38,-0.95,8992960.0,75771732.0,-0.2815
2026-07-30,601567,三星电气,881278,电网设备,16.12,15.95,5.46,39469367.0,661347810.0,0.2326
2026-07-30,601568,北元化工,881108,化学原料,3.66,3.67,1.09,20663471.0,76114013.0,0.0169
2026-07-30,601577,长沙银行,881155,银行,9.44,9.44,2.44,27924468.0,266443210.0,0.1275
2026-07-30,601579,会稽山,881133,饮料制造,15.04,14.86,1.53,14298021.0,222160820.0,-0.1663
2026-07-30,601588,北辰实业,881179,其他社会服务,1.69,1.68,-1.18,33942400.0,57378902.0,-0.028
2026-07-30,601595,上海电影,881274,影视院线,16.9,16.81,0.47,7529420.0,128830696.0,-0.3586
2026-07-30,601598,中国外运,881152,物流,6.4,6.41,3.28,26992202.0,176790920.0,0.2408
2026-07-30,601599,浙文影业,881135,纺织制造,2.98,2.97,-0.34,20196100.0,60551865.0,-0.0203
2026-07-30,601600,中国铝业,881168,工业金属,9.52,9.55,0.32,252251910.0,2434851400.0,0.0406
2026-07-30,601601,中国太保,881156,保险,31.93,31.82,2.72,67526602.0,2198999400.0,0.6742
2026-07-30,601606,长城军工,881166,军工装备,33.33,32.62,6.96,82730301.0,2856282300.0,1.0006
2026-07-30,601607,上海医药,881143,医药商业,16.6,16.56,0.96,11628860.0,193935010.0,0.2073
2026-07-30,601608,中信重工,881118,专用设备,4.61,4.56,-0.43,45424741.0,209440770.0,-0.144
2026-07-30,601609,金田股份,881168,工业金属,10.07,9.95,-3.18,30304813.0,298488540.0,-0.457
2026-07-30,601611,中国核建,881116,建筑装饰,10.52,10.46,-0.29,32009086.0,335333030.0,-0.1492
2026-07-30,601615,明阳智能,881280,风电设备,11.27,11.18,-0.98,40332790.0,454904730.0,-0.2792
2026-07-30,601616,广电电气,881278,电网设备,3.45,3.61,10.14,54199500.0,203887720.0,-0.0419
2026-07-30,601618,中国中冶,881116,建筑装饰,2.7,2.69,0.37,83576058.0,226663820.0,0.0184
2026-07-30,601619,嘉泽新能,881145,电力,4.66,4.66,-1.29,52824949.0,245428480.0,-0.0034
2026-07-30,601628,中国人寿,881156,保险,39.38,39.05,0.91,38998594.0,1536588700.0,1.0938
2026-07-30,601633,长城汽车,881125,汽车整车,16.62,16.6,2.41,22501422.0,380128820.0,0.1694
2026-07-30,601636,旗滨集团,881115,建筑材料,5.58,5.52,-2.87,81227588.0,445408340.0,-0.5717
2026-07-30,601658,邮储银行,881155,银行,5.12,5.12,1.95,201818430.0,1047169750.0,0.0664
2026-07-30,601665,齐鲁银行,881155,银行,6.27,6.27,1.44,70699142.0,447023550.0,0.0824
2026-07-30,601666,平煤股份,881105,煤炭开采加工,8.14,8.12,-2.21,41665157.0,335391880.0,-0.0421
2026-07-30,601668,中国建筑,881116,建筑装饰,4.64,4.64,1.72,337884870.0,1582692000.0,0.0906
2026-07-30,601669,中国电建,881116,建筑装饰,4.82,4.8,0.41,124557110.0,602047270.0,-0.0093
2026-07-30,601677,明泰铝业,881168,工业金属,16.46,16.6,0.61,28118924.0,468883030.0,-0.1053
2026-07-30,601678,滨化股份,881108,化学原料,6.57,6.61,-4.26,221308850.0,1430007500.0,0.1462
2026-07-30,601686,友发集团,881112,钢铁,5.14,5.14,1.17,8377100.0,43411419.0,0.0077
2026-07-30,601688,华泰证券,881157,证券,20.16,19.97,-2.28,125956709.0,2489385500.0,-0.0218
2026-07-30,601689,拓普集团,881126,汽车零部件,45.58,45.08,-3.25,25133353.0,1121558060.0,-3.8515
2026-07-30,601696,中银证券,881157,证券,11.7,11.57,-0.26,40876038.0,478226290.0,-0.1679
2026-07-30,601698,中国卫通,881166,军工装备,25.17,25.01,-2.5,18619333.0,462153710.0,-1.6138
2026-07-30,601699,潞安环能,881105,煤炭开采加工,15.45,15.39,-1.88,31743507.0,484564660.0,-0.1157
2026-07-30,601700,风范股份,881278,电网设备,4.86,4.81,-1.23,23508700.0,113746432.0,0.0283
2026-07-30,601702,华峰铝业,881168,工业金属,15.3,15.35,4.25,22284500.0,356539500.0,-0.1834
2026-07-30,601717,中创智领,881118,专用设备,15.91,15.88,2.58,25532611.0,413115880.0,0.0968
2026-07-30,601718,ST际华,881136,服装家纺,1.76,1.8,0.57,39662000.0,70982099.0,-0.0147
2026-07-30,601727,上海电气,881282,其他电源设备,6.97,6.88,-1.15,116681078.0,805686730.0,-0.1168
2026-07-30,601728,中国电信,881162,通信服务,6.24,6.21,4.01,231407060.0,1482283200.0,0.1598
2026-07-30,601766,中国中车,881269,轨交设备,6.17,6.17,2.59,290796810.0,1822581100.0,0.1648
2026-07-30,601777,千里科技,881125,汽车整车,8.04,8.01,6.34,71319815.0,604075400.0,-0.278
2026-07-30,601778,晶科科技,881145,电力,3.61,3.59,-1.94,134227580.0,478395070.0,-0.3103
2026-07-30,601788,光大证券,881157,证券,14.68,14.62,0.34,21394691.0,315136630.0,-0.0262
2026-07-30,601789,宁波建工,881116,建筑装饰,4.37,4.35,-2.06,46166337.0,200228630.0,-0.0269
2026-07-30,601798,蓝科高新,881118,专用设备,7.47,7.41,-1.2,7394699.0,55266385.0,-0.0403
2026-07-30,601799,星宇股份,881126,汽车零部件,94.28,94.33,0.82,3371259.0,323267890.0,-4.1586
2026-07-30,601800,中国交建,881116,建筑装饰,6.23,6.23,1.77,50001641.0,314981980.0,0.0576
2026-07-30,601801,皖新传媒,881164,文化传媒,5.53,5.54,2.89,18763326.0,106089343.0,0.1007
2026-07-30,601808,中海油服,881107,油气开采及服务,12.32,12.51,3.0,32723821.0,413715980.0,0.1502
2026-07-30,601811,新华文轩,881164,文化传媒,12.33,12.31,1.95,2517376.0,31422782.0,0.1398
2026-07-30,601816,京沪高铁,881149,公路铁路运输,5.12,5.11,1.76,213437300.0,1102908610.0,0.105
2026-07-30,601818,XD光大银,881155,银行,3.11,3.13,2.57,356039650.0,1127865540.0,0.0352
2026-07-30,601825,沪农商行,881155,银行,8.34,8.36,4.56,43438435.0,372368290.0,0.1107
2026-07-30,601827,三峰环境,881181,环境治理,8.09,8.1,2.35,10538140.0,86265765.0,0.1352
2026-07-30,601828,美凯龙,881158,零售,2.21,2.21,-0.9,39884930.0,88119301.0,-0.0164
2026-07-30,601838,成都银行,881155,银行,18.48,18.47,1.24,20627390.0,385001500.0,0.1894
2026-07-30,601857,中国石油,881180,石油加工贸易,10.89,10.94,3.49,205253120.0,2283679200.0,0.3961
2026-07-30,601858,中国科传,881164,文化传媒,19.2,19.2,-1.3,26233121.0,501574830.0,-0.3761
2026-07-30,601860,紫金银行,881155,银行,2.61,2.61,2.3,69048723.0,183186540.0,0.0189
2026-07-30,601865,福莱特,881279,光伏设备,9.85,9.81,1.42,23017866.0,231012960.0,-0.2161
2026-07-30,601866,中远海发,881148,港口航运,2.44,2.44,1.23,74039800.0,182131220.0,0.0173
2026-07-30,601868,中国能建,881116,建筑装饰,2.56,2.55,0.39,311832270.0,801688640.0,-0.0398
2026-07-30,601869,长飞光纤,881129,通信设备,281.7,281.7,-6.76,14414196.0,3906493900.0,-43.309
2026-07-30,601872,招商轮船,881148,港口航运,16.29,16.23,1.1,105454555.0,1754097000.0,-0.1447
2026-07-30,601877,正泰电器,881278,电网设备,24.84,24.7,1.17,21006290.0,526937820.0,-0.3946
2026-07-30,601878,XD浙商证,881157,证券,9.44,9.43,0.74,26066397.0,247475760.0,-0.0051
2026-07-30,601880,辽港股份,881148,港口航运,1.49,1.49,1.34,118903065.0,177946330.0,0.0098
2026-07-30,601881,中国银河,881157,证券,12.58,12.5,-0.08,30452999.0,382440240.0,-0.009
2026-07-30,601882,海天精工,881117,通用设备,19.23,19.13,-0.94,4982300.0,95958051.0,-0.4115
2026-07-30,601886,江河集团,881116,建筑装饰,8.65,8.57,-0.23,4445200.0,38551181.0,0.024
2026-07-30,601888,中国中免,881158,零售,57.38,56.99,1.22,59956529.0,3496907300.0,0.4685
2026-07-30,601890,亚星锚链,881166,军工装备,8.54,8.52,-0.23,17016920.0,145730880.0,-0.0516
2026-07-30,601898,中煤能源,881105,煤炭开采加工,13.85,13.93,1.3,48948503.0,685396280.0,-0.0207
2026-07-30,601899,紫金矿业,881169,贵金属,32.15,32.63,1.71,284297970.0,9237898400.0,1.0614
2026-07-30,601900,南方传媒,881164,文化传媒,11.7,11.64,2.05,8441128.0,100486287.0,0.1787
2026-07-30,601901,方正证券,881157,证券,7.08,7.04,0.42,57264139.0,405621490.0,0.0026
2026-07-30,601908,京运通,881145,电力,3.09,3.07,-0.97,34333949.0,106175944.0,-0.0526
2026-07-30,601916,浙商银行,881155,银行,2.95,2.96,2.37,222145780.0,666039390.0,0.0328
2026-07-30,601918,新集能源,881105,煤炭开采加工,9.83,9.83,-0.41,34274308.0,340275060.0,0.1223
2026-07-30,601919,中远海控,881148,港口航运,15.55,15.5,0.96,80981350.0,1264675060.0,0.4592
2026-07-30,601921,浙版传媒,881164,文化传媒,7.17,7.15,1.53,6885362.0,49857294.0,0.0151
2026-07-30,601928,凤凰传媒,881164,文化传媒,9.75,9.73,0.72,10959061.0,107408771.0,0.1665
2026-07-30,601929,吉视传媒,881164,文化传媒,2.3,2.28,-1.74,97764700.0,225014750.0,-0.0408
2026-07-30,601933,永辉超市,881158,零售,3.17,3.13,1.89,359753420.0,1185361350.0,-0.0146
2026-07-30,601939,建设银行,881155,银行,10.63,10.61,3.2,186980940.0,2022561800.0,0.2339
2026-07-30,601949,中国出版,881164,文化传媒,5.27,5.24,1.71,18476601.0,98659017.0,0.0775
2026-07-30,601952,苏垦农发,881101,种植业与林业,8.1,8.09,0.99,11198484.0,91559635.0,0.0142
2026-07-30,601956,东贝集团,881131,白色家电,4.67,4.65,0.21,7453560.0,35061562.0,-0.0753
2026-07-30,601958,金钼股份,881170,小金属,21.12,21.04,-2.94,38995702.0,809584690.0,-1.0807
2026-07-30,601963,重庆银行,881155,银行,11.3,11.2,2.3,16010025.0,183608590.0,0.2189
2026-07-30,601965,中国汽研,881179,其他社会服务,14.67,14.67,0.89,10699400.0,158594850.0,0.3629
2026-07-30,601966,玲珑轮胎,881126,汽车零部件,11.27,11.24,2.4,14804482.0,169733720.0,0.0363
2026-07-30,601968,宝钢包装,881138,包装印刷,4.45,4.43,0.9,10755519.0,48314010.0,0.0201
2026-07-30,601969,海南矿业,881112,钢铁,8.86,8.95,1.92,26460458.0,240223300.0,-0.0165
2026-07-30,601975,招商南油,881148,港口航运,3.6,3.6,0.56,205318860.0,751578320.0,-0.141
2026-07-30,601985,中国核电,881145,电力,8.96,8.96,1.23,117843348.0,1064942190.0,0.042
2026-07-30,601988,中国银行,881155,银行,6.01,5.99,2.16,347921110.0,2114628100.0,0.0836
2026-07-30,601990,南京证券,881157,证券,6.84,6.8,0.88,23478309.0,161283770.0,0.0271
2026-07-30,601991,大唐发电,881145,电力,6.17,6.1,-5.67,451712480.0,2689174500.0,-0.3292
2026-07-30,601992,金隅集团,881115,建筑材料,1.41,1.41,0.71,53054578.0,75282177.0,0.0
2026-07-30,601995,中金公司,881157,证券,35.12,34.96,0.23,17503748.0,613700670.0,0.0191
2026-07-30,601996,丰林集团,881101,种植业与林业,2.23,2.23,-1.35,25688941.0,56899225.0,-0.0577
2026-07-30,601997,贵阳银行,881155,银行,5.66,5.66,1.94,66331734.0,380549640.0,0.063
2026-07-30,601998,中信银行,881155,银行,7.75,7.74,2.32,66534486.0,521741400.0,0.1263
2026-07-30,601999,出版传媒,881164,文化传媒,5.82,5.78,0.34,5565800.0,32655449.0,-0.0346
2026-07-30,603000,人民网,881164,文化传媒,15.89,15.77,0.38,17921074.0,288217670.0,-0.0455
2026-07-30,603001,奥康国际,881136,服装家纺,6.45,6.39,-2.17,16447400.0,105876080.0,-1.0251
2026-07-30,603002,宏昌电子,881172,电子化学品,12.53,12.5,-7.9,59644146.0,708343450.0,-2.0777
2026-07-30,603004,鼎龙科技,881109,化学制品,17.84,17.68,-3.25,3866900.0,67696971.0,-1.1756
2026-07-30,603005,晶方科技,881121,半导体,29.63,28.99,-6.14,44863393.0,1272900910.0,-3.9566
2026-07-30,603006,联明股份,881152,物流,10.36,10.32,-3.09,3318700.0,33993460.0,-0.9238
2026-07-30,603007,顺景科技,881126,汽车零部件,4.53,4.49,-5.08,26292571.0,115639744.0,-0.3939
2026-07-30,603008,ST喜临门,881139,家居用品,7.84,7.83,-1.79,5302500.0,40890915.0,-0.2137
2026-07-30,603009,北特科技,881126,汽车零部件,37.29,36.85,-4.69,7160044.0,256868020.0,-2.6519
2026-07-30,603010,万盛股份,881109,化学制品,9.97,9.84,-3.41,10584470.0,102875934.0,-1.4496
2026-07-30,603011,合锻智能,881118,专用设备,17.71,17.55,-6.83,40642838.0,695963430.0,-3.162
2026-07-30,603012,创力集团,881118,专用设备,7.98,7.9,-1.25,12301100.0,97760810.0,-0.0841
2026-07-30,603013,亚普股份,881126,汽车零部件,16.9,16.9,1.48,3744300.0,64041531.0,-0.2248
2026-07-30,603014,威高血净,,,32.38,32.12,-1.64,1408042.0,45254405.0,-0.684
2026-07-30,603015,弘讯科技,881171,自动化设备,9.8,9.78,-1.43,4814387.0,47128856.0,-0.6109
2026-07-30,603016,新宏泰,881278,电网设备,27.33,27.24,-1.94,2330500.0,63107312.0,-2.5326
2026-07-30,603017,中衡设计,881116,建筑装饰,8.87,8.78,-1.58,5486500.0,48486970.0,-0.5466
2026-07-30,603018,华设集团,881116,建筑装饰,5.23,5.22,0.76,7274527.0,38507007.0,-0.0803
2026-07-30,603019,中科曙光,881130,计算机设备,86.64,85.49,-6.51,67066681.0,5557710500.0,-1.352
2026-07-30,603020,爱普股份,881109,化学制品,9.35,9.36,-3.21,7639500.0,69899764.0,-0.9986
2026-07-30,603021,*ST华鹏,881139,家居用品,6.85,6.81,-3.07,3659900.0,24694471.0,-0.0507
2026-07-30,603022,新通联,881138,包装印刷,7.85,7.84,0.51,4081700.0,32264201.0,-0.2984
2026-07-30,603023,威帝股份,881126,汽车零部件,3.61,3.64,-3.05,13655317.0,48709713.0,-0.1024
2026-07-30,603025,大豪科技,881171,自动化设备,13.28,13.36,0.38,8940772.0,119738581.0,-0.3385
2026-07-30,603026,石大胜华,881281,电池,66.43,65.59,-2.5,10985888.0,715455500.0,-5.7578
2026-07-30,603027,千禾味业,881134,食品加工制造,7.79,7.78,2.05,34731049.0,277544490.0,0.0729
2026-07-30,603028,赛福天,881117,通用设备,6.25,6.25,-1.28,3633630.0,22637156.0,-0.2834
2026-07-30,603029,天鹅股份,881118,专用设备,13.99,13.99,0.71,2407400.0,33992453.0,-0.4211
2026-07-30,603030,全筑股份,881116,建筑装饰,1.9,1.91,-2.11,43408262.0,82543559.0,-0.0975
2026-07-30,603031,安孚科技,881281,电池,36.11,35.88,-5.68,19954184.0,692274800.0,-4.272
2026-07-30,603032,德新科技,881281,电池,17.14,16.98,-3.85,7230407.0,121495316.0,-2.0806
2026-07-30,603033,三维股份,881266,橡胶制品,7.71,7.75,-4.54,11630902.0,87057089.0,-0.5401
2026-07-30,603035,常熟汽饰,881126,汽车零部件,10.93,10.85,1.46,4329200.0,47915274.0,-0.1272
2026-07-30,603036,如通股份,881118,专用设备,11.93,11.84,-4.19,4297500.0,50133463.0,-0.6837
2026-07-30,603037,凯众股份,881126,汽车零部件,9.81,9.68,-1.02,5431701.0,53122105.0,-0.4441
2026-07-30,603038,华立股份,881115,建筑材料,12.07,11.93,-4.97,5620000.0,65940582.0,-1.0062
2026-07-30,603039,泛微网络,881272,软件开发,30.93,30.7,9.99,23136321.0,758642600.0,-1.6621
2026-07-30,603040,新坐标,881126,汽车零部件,52.2,52.2,-3.16,2205260.0,110471008.0,-3.1641
2026-07-30,603041,美思德,881109,化学制品,9.94,9.96,-0.5,2205200.0,21961373.0,-0.3955
2026-07-30,603042,华脉科技,881129,通信设备,11.46,11.3,-4.62,9626530.0,107333757.0,-0.8528
2026-07-30,603043,广州酒家,881134,食品加工制造,13.93,13.93,1.87,6945240.0,98393708.0,0.0508
2026-07-30,603045,福达合金,881278,电网设备,48.61,48.63,-6.25,6660418.0,310859860.0,-7.0135
2026-07-30,603048,浙江黎明,881126,汽车零部件,17.87,17.9,-3.86,1974200.0,34740005.0,-0.5016
2026-07-30,603049,中策橡胶,,,49.49,49.3,1.39,3384182.0,169741380.0,0.804
2026-07-30,603050,科林电气,881278,电网设备,18.22,18.26,-0.38,2657796.0,48269780.0,-0.6019
2026-07-30,603051,鹿山新材,881109,化学制品,18.0,17.83,-2.06,6863712.0,123989673.0,-1.0003
2026-07-30,603052,可川科技,881124,消费电子,47.92,47.92,-7.55,3971108.0,180335760.0,-8.975
2026-07-30,603053,成都燃气,881146,燃气,8.78,8.8,1.25,2770000.0,24553809.0,0.0325
2026-07-30,603055,台华新材,881135,纺织制造,8.54,8.53,1.99,5635100.0,48820743.0,0.0258
2026-07-30,603057,紫燕食品,881134,食品加工制造,22.45,23.3,-0.18,5551100.0,124674383.0,-0.6198
2026-07-30,603058,永吉股份,881138,包装印刷,9.55,9.43,-9.84,15639000.0,139847280.0,-0.1115
2026-07-30,603059,倍加洁,881182,美容护理,24.28,24.75,-2.14,2338699.0,56297988.0,-0.6968
2026-07-30,603060,国检集团,881179,其他社会服务,5.34,5.3,0.56,6046115.0,32514088.0,-0.2529
2026-07-30,603061,金海通,881121,半导体,270.09,265.84,-9.67,4383642.0,1110499350.0,-31.9769
2026-07-30,603062,麦加芯彩,881109,化学制品,35.7,35.48,0.9,437100.0,15799374.0,-1.7227
2026-07-30,603063,禾望电气,881280,风电设备,28.96,28.93,-6.49,25077868.0,696670640.0,-5.4112
2026-07-30,603065,宿迁联盛,881109,化学制品,14.45,13.01,-9.97,46394531.0,616173000.0,-0.599
2026-07-30,603066,音飞储存,881152,物流,8.79,8.8,-1.02,3946900.0,34605379.0,-0.485
2026-07-30,603067,振华股份,881108,化学原料,31.46,30.01,-10.01,34264402.0,990517950.0,-2.8771
2026-07-30,603068,博通集成,881121,半导体,39.72,38.95,-9.99,18294800.0,675236310.0,-0.2283
2026-07-30,603069,海汽集团,881149,公路铁路运输,12.74,12.65,0.08,3577810.0,46102542.0,-0.334
2026-07-30,603070,万控智造,881278,电网设备,11.07,11.13,-0.63,2244400.0,24880247.0,-0.7539
2026-07-30,603071,物产环能,881145,电力,11.95,12.02,0.59,2188100.0,26222820.0,-0.0513
2026-07-30,603072,天和磁材,,,31.69,31.53,0.06,1810567.0,57527719.0,-1.7164
2026-07-30,603073,彩蝶实业,881135,纺织制造,14.69,14.74,0.48,1438490.0,21293912.0,-0.4939
2026-07-30,603075,热威股份,881131,白色家电,18.34,18.57,-1.69,2472884.0,45299612.0,-1.2267
2026-07-30,603076,乐惠国际,881118,专用设备,19.55,19.41,1.28,3498305.0,70671177.0,-0.8995
2026-07-30,603077,和邦生物,881263,农化制品,2.36,2.34,-0.42,146818550.0,345121010.0,-0.0085
2026-07-30,603078,江化微,881172,电子化学品,30.58,30.11,-9.45,22771807.0,650719580.0,-3.9208
2026-07-30,603079,圣达生物,881109,化学制品,10.74,10.79,1.02,3226900.0,35058492.0,-0.4843
2026-07-30,603080,新疆火炬,881146,燃气,18.15,18.1,-2.04,1534800.0,27606254.0,-0.586
2026-07-30,603081,大丰实业,881118,专用设备,8.52,8.51,-1.06,4499200.0,38207598.0,-0.2634
2026-07-30,603082,北自科技,881117,通用设备,36.79,36.5,1.3,6676201.0,251450260.0,-0.5717
2026-07-30,603083,剑桥科技,881129,通信设备,144.59,140.7,-10.0,24634901.0,3307403700.0,-16.2816
2026-07-30,603085,天成自控,881126,汽车零部件,9.28,9.22,-1.62,6769000.0,62541366.0,-0.6704
2026-07-30,603086,先达股份,881263,农化制品,5.31,5.26,2.07,11740640.0,63706358.0,-0.1158
2026-07-30,603087,甘李药业,881142,生物制品,68.11,68.0,-0.31,9344366.0,632346050.0,1.9656
2026-07-30,603088,宁波精达,881117,通用设备,9.12,9.09,-1.75,6567006.0,59200359.0,-0.3246
2026-07-30,603089,正裕工业,881126,汽车零部件,8.27,8.27,0.24,1878100.0,15555772.0,-0.2833
2026-07-30,603090,宏盛股份,881117,通用设备,37.3,37.2,-6.7,3009200.0,106893155.0,-5.0406
2026-07-30,603091,众鑫股份,,,46.72,46.75,0.81,589640.0,28008944.0,-0.9368
2026-07-30,603092,德力佳,,,48.87,48.76,1.49,1747105.0,86818812.0,-2.0085
2026-07-30,603093,南华期货,881283,多元金融,17.27,17.21,1.45,9425800.0,164989320.0,-0.5831
2026-07-30,603095,越剑智能,881118,专用设备,12.22,12.1,-3.27,3050200.0,36510229.0,-1.161
2026-07-30,603096,新经典,881164,文化传媒,14.08,14.08,0.78,1229800.0,17472159.0,-0.2201
2026-07-30,603097,江苏华辰,881278,电网设备,17.73,17.5,0.11,4996180.0,88376330.0,-0.3697
2026-07-30,603098,森特股份,881116,建筑装饰,9.66,9.64,0.0,6381520.0,62989298.0,-0.4048
2026-07-30,603099,长白山,881160,旅游及酒店,37.76,37.6,0.53,9093405.0,350032030.0,0.3206
2026-07-30,603100,川仪股份,881117,通用设备,18.2,18.27,0.66,4671545.0,85788695.0,-0.0244
2026-07-30,603101,汇嘉时代,881158,零售,7.34,7.28,-2.45,13261801.0,96603079.0,0.0459
2026-07-30,603102,百合股份,881134,食品加工制造,32.69,32.69,0.03,761899.0,25175613.0,-0.552
2026-07-30,603103,横店影视,881274,影视院线,13.94,13.93,-0.29,6237079.0,87697402.0,-0.8126
2026-07-30,603105,芯能科技,881145,电力,7.12,7.14,-0.28,8596488.0,61489711.0,-0.1135
2026-07-30,603106,恒银科技,881130,计算机设备,6.73,6.73,0.89,9253584.0,63536045.0,-0.1866
2026-07-30,603107,上海汽配,881126,汽车零部件,11.52,11.5,0.69,1944209.0,22543431.0,-0.198
2026-07-30,603108,润达医疗,881143,医药商业,9.5,9.46,-0.53,15765998.0,150502460.0,-0.2691
2026-07-30,603109,神驰机电,881126,汽车零部件,16.55,16.26,-0.36,1375800.0,22749154.0,-0.4536
2026-07-30,603110,东方材料,881109,化学制品,21.26,21.49,2.49,17947784.0,393202470.0,-0.4874
2026-07-30,603111,康尼机电,881269,轨交设备,5.75,5.72,-0.7,4718706.0,27082093.0,-0.0664
2026-07-30,603112,华翔股份,881131,白色家电,14.04,14.0,-0.85,4197185.0,58643947.0,-1.0525
2026-07-30,603113,金能科技,881108,化学原料,4.38,4.36,0.23,8777006.0,38663950.0,-0.0621
2026-07-30,603115,海星股份,881172,电子化学品,69.91,68.85,-9.96,11541000.0,759609350.0,-9.6259
2026-07-30,603116,红蜻蜓,881136,服装家纺,5.34,5.33,-2.25,5726660.0,30480798.0,-0.3175
2026-07-30,603117,万林物流,881152,物流,3.51,3.51,0.28,8757300.0,31121896.0,-0.0898
2026-07-30,603118,共进股份,881129,通信设备,16.64,15.81,-9.98,84843970.0,1291276450.0,0.8196
2026-07-30,603119,浙江荣泰,881126,汽车零部件,44.36,44.12,-3.97,11822644.0,506751750.0,-6.1996
2026-07-30,603120,肯特催化,,,42.0,41.8,-3.19,2979901.0,122600695.0,-2.5174
2026-07-30,603121,华培动力,881126,汽车零部件,11.24,11.22,-3.29,5604776.0,62282133.0,-0.8303
2026-07-30,603122,合富中国,881143,医药商业,10.27,10.19,-2.73,13664100.0,139658840.0,-0.4527
2026-07-30,603123,翠微股份,881283,多元金融,9.12,8.95,0.33,48518399.0,446442620.0,0.0509
2026-07-30,603124,江南新材,,,110.43,110.57,-9.97,6359543.0,659385440.0,-14.1863
2026-07-30,603125,常青科技,881109,化学制品,20.21,19.8,-3.76,4406104.0,87000080.0,-1.9864
2026-07-30,603126,中材节能,881181,环境治理,5.86,5.92,-0.51,9897158.0,58574075.0,-0.2999
2026-07-30,603127,昭衍新药,881175,医疗服务,43.94,43.93,-8.85,55289351.0,2295846700.0,1.6033
2026-07-30,603128,华贸物流,881152,物流,5.25,5.23,2.48,14595091.0,77864412.0,0.0495
2026-07-30,603129,春风动力,881128,汽车服务及其他,303.0,300.0,1.41,2107423.0,641729780.0,13.5502
2026-07-30,603130,云中马,881135,纺织制造,37.7,37.97,-2.6,1176140.0,43487003.0,-1.4007
2026-07-30,603131,上海沪工,881117,通用设备,14.25,14.17,-1.82,5173787.0,73216465.0,-1.1409
2026-07-30,603132,金徽股份,881168,工业金属,15.45,15.68,1.1,4749900.0,74409421.0,-0.3293
2026-07-30,603135,中重科技,881118,专用设备,8.78,8.78,-3.53,12437300.0,106613353.0,-1.1134
2026-07-30,603136,天目湖,881160,旅游及酒店,8.76,8.76,0.0,4059728.0,35990297.0,-0.0604
2026-07-30,603137,恒尚节能,881116,建筑装饰,23.83,23.48,9.99,31652264.0,814847800.0,2.3209
2026-07-30,603138,海量数据,881272,软件开发,11.98,12.12,-2.75,7801600.0,92896576.0,-0.9119
2026-07-30,603139,康惠股份,881141,中药,31.46,31.31,-4.42,2250400.0,69305262.0,-2.3585
2026-07-30,603150,万朗磁塑,881131,白色家电,47.74,47.98,-5.51,1553600.0,70687994.0,-6.0879
2026-07-30,603151,邦基科技,881103,农产品加工,11.93,11.93,0.67,3108200.0,37481549.0,-0.0607
2026-07-30,603153,上海建科,881116,建筑装饰,13.16,13.22,2.58,2963200.0,39824853.0,-0.0885
2026-07-30,603155,新亚强,881109,化学制品,12.63,12.49,-6.65,13647372.0,164255590.0,-1.0695
2026-07-30,603156,养元饮品,881133,饮料制造,37.35,37.3,0.0,13506157.0,502861070.0,-2.0025
2026-07-30,603158,腾龙股份,881126,汽车零部件,8.86,8.83,-3.61,14297068.0,124273915.0,-1.0498
2026-07-30,603159,上海亚虹,881118,专用设备,18.35,18.14,-5.56,2659900.0,46996862.0,-0.9981
2026-07-30,603160,汇顶科技,881121,半导体,52.59,52.06,-0.68,6061073.0,317058530.0,-2.116
2026-07-30,603161,科华控股,881126,汽车零部件,14.84,15.0,-6.4,6910021.0,98529093.0,0.1528
2026-07-30,603162,海通发展,881148,港口航运,11.04,10.93,-3.8,35117500.0,379191380.0,0.2206
2026-07-30,603163,圣晖集成,881116,建筑装饰,77.72,81.22,-10.0,3607600.0,265104810.0,-11.8906
2026-07-30,603165,荣晟环保,881137,造纸,12.98,12.92,1.31,4146000.0,54368788.0,-0.4532
2026-07-30,603166,福达股份,881126,汽车零部件,10.47,10.41,-1.62,7418267.0,76676382.0,-0.8643
2026-07-30,603167,渤海轮渡,881148,港口航运,8.71,8.69,0.46,4431500.0,38757494.0,0.0493
2026-07-30,603168,莎普爱思,881140,化学制药,5.14,5.11,-1.36,7221440.0,37031084.0,-0.0612
2026-07-30,603169,兰石重装,881118,专用设备,6.7,6.71,3.13,24951020.0,171739280.0,-0.1761
2026-07-30,603170,宝立食品,881134,食品加工制造,12.59,12.54,5.88,13170282.0,176561670.0,0.1365
2026-07-30,603171,税友股份,881271,IT服务,37.7,37.2,10.0,8941174.0,361568660.0,-1.4723
2026-07-30,603172,万丰股份,881109,化学制品,15.65,15.5,-0.89,2306759.0,36248787.0,-0.7495
2026-07-30,603173,福斯达,881118,专用设备,31.85,31.74,-1.57,738100.0,23405093.0,-0.9873
2026-07-30,603175,超颖电子,,,77.57,77.0,-8.88,3802577.0,276030970.0,-3.2762
2026-07-30,603176,汇通集团,881116,建筑装饰,4.19,4.19,-1.19,3481300.0,14590655.0,-0.1396
2026-07-30,603177,德创环保,881181,环境治理,8.58,8.66,-1.63,3633900.0,31043003.0,-0.2514
2026-07-30,603178,圣龙股份,881126,汽车零部件,16.63,16.62,1.44,25991672.0,435318360.0,-0.0516
2026-07-30,603179,新泉股份,881126,汽车零部件,37.83,37.74,-5.08,17595047.0,643302690.0,-3.2365
2026-07-30,603180,金牌家居,881139,家居用品,14.42,14.33,0.69,1396400.0,20423716.0,-0.2998
2026-07-30,603181,皇马科技,881109,化学制品,12.87,12.89,-0.93,6977556.0,90515193.0,-0.6891
2026-07-30,603182,嘉华股份,881103,农产品加工,11.53,11.53,0.09,1706800.0,19780506.0,-0.2517
2026-07-30,603183,建研院,881179,其他社会服务,4.16,4.12,-3.85,21382063.0,86639552.0,0.0294
2026-07-30,603185,弘元绿能,881279,光伏设备,13.97,13.87,10.02,18246176.0,272395200.0,-0.6496
2026-07-30,603186,华正新材,881270,元件,112.42,112.65,-9.44,14387587.0,1524376100.0,-18.4218
2026-07-30,603187,海容冷链,881117,通用设备,12.28,12.22,2.44,10550395.0,132444744.0,-0.0082
2026-07-30,603188,亚邦股份,881109,化学制品,3.93,3.9,-2.29,12976300.0,50370003.0,-0.1067
2026-07-30,603189,*ST网达,881272,软件开发,8.68,8.64,-3.46,3191000.0,27278324.0,-0.629
2026-07-30,603190,亚通精工,881126,汽车零部件,15.54,15.42,0.13,1782090.0,27712940.0,-0.6797
2026-07-30,603191,望变电气,881278,电网设备,13.83,13.6,-1.81,8847613.0,121229754.0,-0.8702
2026-07-30,603192,汇得科技,881109,化学制品,20.33,20.2,-5.21,3694900.0,71807112.0,0.4318
2026-07-30,603193,润本股份,881182,美容护理,22.07,21.92,1.31,6364320.0,142398080.0,0.234
2026-07-30,603194,中力股份,,,34.81,34.77,1.61,1843919.0,65228145.0,-0.2597
2026-07-30,603195,公牛集团,881139,家居用品,41.28,41.12,2.4,8843615.0,373257060.0,0.4247
2026-07-30,603196,璞源材料,881136,服装家纺,19.74,19.66,-5.22,2346000.0,45088425.0,-1.3225
2026-07-30,603197,保隆科技,881126,汽车零部件,28.42,28.45,-0.91,3363597.0,95505703.0,-0.3388
2026-07-30,603198,迎驾贡酒,881273,白酒,36.65,36.36,4.01,13671393.0,524256060.0,1.1876
2026-07-30,603199,九华旅游,881160,旅游及酒店,32.13,32.24,1.62,2212000.0,72117958.0,-0.0486
2026-07-30,603200,上海洗霸,881181,环境治理,36.3,36.11,-0.69,12079054.0,443451490.0,-2.6563
2026-07-30,603201,常润股份,881117,通用设备,15.2,15.2,-0.46,7436267.0,115818432.0,-0.2638
2026-07-30,603202,天有为,,,52.94,52.93,3.29,2473226.0,134735400.0,-1.1802
2026-07-30,603203,快克智能,881171,自动化设备,38.03,37.99,-8.02,11276991.0,406007800.0,-5.9822
2026-07-30,603205,健尔康,,,20.64,20.6,-1.07,857710.0,17638626.0,-0.4065
2026-07-30,603206,嘉环科技,881162,通信服务,13.27,13.2,-1.88,3218800.0,42365027.0,-0.8773
2026-07-30,603207,小方制药,,,21.95,21.95,0.41,1472007.0,32456733.0,-0.3176
2026-07-30,603208,江山欧派,881139,家居用品,10.5,10.5,-0.57,2233169.0,23519257.0,-0.3649
2026-07-30,603209,兴通股份,881148,港口航运,13.13,13.2,1.52,5289400.0,70757833.0,-0.0655
2026-07-30,603210,泰鸿万立,,,13.4,13.3,0.82,3175869.0,42994097.0,-0.1886
2026-07-30,603211,晋拓股份,881126,汽车零部件,22.46,22.41,-10.02,11210600.0,233448210.0,-2.9425
2026-07-30,603212,赛伍技术,881279,光伏设备,10.62,10.89,0.75,14757529.0,158888810.0,-0.7189
2026-07-30,603213,镇洋发展,881108,化学原料,13.67,13.61,-0.51,2409800.0,32884693.0,-0.12
2026-07-30,603214,爱婴室,881158,零售,12.77,12.7,0.23,2905502.0,37262578.0,-0.2273
2026-07-30,603215,比依股份,881173,小家电,13.56,13.65,-0.96,1135000.0,15387459.0,-0.4081
2026-07-30,603216,梦天家居,881139,家居用品,20.04,19.77,-4.14,4626700.0,89247579.0,-0.7417
2026-07-30,603217,元利科技,881109,化学制品,19.17,19.1,0.78,2292500.0,44423655.0,-1.2301
2026-07-30,603218,日月股份,881280,风电设备,9.9,9.88,2.22,11374315.0,114759011.0,-0.0961
2026-07-30,603219,富佳股份,881173,小家电,12.67,12.49,-2.84,3439799.0,42490971.0,-0.7888
2026-07-30,603220,中贝通信,881162,通信服务,18.19,17.98,-4.84,13443467.0,237370810.0,-1.2203
2026-07-30,603221,爱丽家居,881139,家居用品,18.63,20.49,9.98,3311951.0,67861876.0,1.6214
2026-07-30,603222,济民健康,881144,医疗器械,7.43,7.35,-5.79,23234100.0,169022620.0,-0.3111
2026-07-30,603223,恒通股份,881180,石油加工贸易,10.23,10.23,-4.79,15826749.0,157318150.0,-0.3936
2026-07-30,603225,新凤鸣,881264,化学纤维,19.62,19.66,-1.38,12474423.0,242816030.0,-0.0923
2026-07-30,603226,菲林格尔,881139,家居用品,42.95,42.5,0.09,3475600.0,147240230.0,-1.9319
2026-07-30,603227,雪峰科技,881109,化学制品,7.55,7.55,2.25,9603300.0,73919425.0,-0.0484
2026-07-30,603228,景旺电子,881270,元件,75.32,73.81,-10.0,51598381.0,3616561200.0,0.4675
2026-07-30,603229,奥翔药业,881140,化学制药,7.41,7.4,-1.35,9012621.0,66570700.0,-0.3047
2026-07-30,603230,内蒙新华,881164,文化传媒,8.87,8.87,0.0,2366700.0,21124426.0,-0.1338
2026-07-30,603231,索宝蛋白,881103,农产品加工,14.62,14.74,0.68,2393206.0,35443093.0,-0.2638
2026-07-30,603232,格尔软件,881272,软件开发,14.86,14.72,0.34,13748840.0,206636570.0,-0.4706
2026-07-30,603233,大参林,881143,医药商业,18.98,19.0,0.79,9903812.0,190624580.0,0.605
2026-07-30,603235,天新药业,881140,化学制药,24.02,23.8,-0.25,276854.0,6664264.0,0.2537
2026-07-30,603236,移远通信,881129,通信设备,50.46,49.5,-10.01,19770606.0,929679590.0,-1.0037
2026-07-30,603237,五芳斋,881134,食品加工制造,14.24,14.25,-0.49,1328760.0,18869941.0,0.0443
2026-07-30,603238,诺邦股份,881135,纺织制造,11.53,11.58,0.09,2878190.0,33405356.0,-0.2332
2026-07-30,603239,浙江仙通,881126,汽车零部件,13.65,13.66,0.66,3900200.0,53737001.0,-0.7916
2026-07-30,603248,锡华科技,,,18.4,18.22,0.54,4713733.0,87408491.0,-1.1801
2026-07-30,603255,鼎际得,881109,化学制品,24.91,24.9,4.98,2657700.0,69171139.0,-2.0922
2026-07-30,603256,宏和科技,881172,电子化学品,139.07,134.11,-10.0,22360210.0,2883036900.0,-21.6901
2026-07-30,603257,中国瑞林,,,62.53,62.28,-3.01,1022353.0,62528594.0,-2.2643
2026-07-30,603258,电魂网络,881275,游戏,12.62,12.88,-0.95,11895400.0,151851660.0,-0.2351
2026-07-30,603259,药明康德,881175,医疗服务,126.5,126.6,-0.81,56017288.0,6936511600.0,3.283
2026-07-30,603260,合盛硅业,881109,化学制品,33.02,32.92,0.82,10402847.0,346081550.0,-2.9962
2026-07-30,603261,立航科技,881166,军工装备,44.57,44.46,-7.43,2041200.0,86087988.0,-0.7653
2026-07-30,603262,技源集团,,,19.43,19.4,-3.76,1964151.0,37382879.0,-1.9833
2026-07-30,603266,天龙股份,881126,汽车零部件,15.09,14.99,-1.99,1982350.0,29631473.0,-0.7293
2026-07-30,603267,鸿远电子,881276,军工电子,47.31,47.29,6.68,18399911.0,892092420.0,-5.6039
2026-07-30,603268,松发股份,881166,军工装备,148.99,148.0,-1.34,6141356.0,914649980.0,-0.2672
2026-07-30,603269,海鸥股份,881117,通用设备,11.62,11.45,-6.97,24673560.0,270057430.0,-1.271
2026-07-30,603270,金帝股份,881117,通用设备,24.05,24.07,-4.99,3222800.0,74946833.0,-1.9152
2026-07-30,603271,永杰新材,,,43.34,43.2,-5.24,3220500.0,135104190.0,-0.7988
2026-07-30,603272,*ST联翔,881139,家居用品,15.05,14.85,-9.24,4685483.0,66300891.0,-3.551
2026-07-30,603273,天元智能,881268,工程机械,13.22,13.12,0.3,2638300.0,35162391.0,-0.3173
2026-07-30,603275,众辰科技,881171,自动化设备,34.62,34.62,-1.62,695587.0,23819614.0,-1.7091
2026-07-30,603276,恒兴新材,881108,化学原料,14.73,14.98,-0.88,2175830.0,32245526.0,-0.4035
2026-07-30,603277,银都股份,881117,通用设备,10.59,10.53,2.08,1595580.0,17179844.0,-0.0788
2026-07-30,603278,大业股份,881117,通用设备,8.55,8.48,-3.39,12054032.0,101184131.0,-0.8605
2026-07-30,603279,景津装备,881117,通用设备,13.52,13.45,0.07,8348100.0,113155353.0,0.0095
2026-07-30,603280,南方路机,881268,工程机械,24.28,24.28,0.12,1027500.0,25033216.0,-0.7752
2026-07-30,603281,江瀚新材,881109,化学制品,19.74,19.43,1.22,3985168.0,79139839.0,-1.5885
2026-07-30,603282,亚光股份,881284,环保设备,13.68,13.68,-0.44,1177100.0,16110345.0,-0.4164
2026-07-30,603283,赛腾股份,881171,自动化设备,40.5,40.0,-7.93,27540119.0,1059806890.0,-5.961
2026-07-30,603284,林平发展,,,40.05,39.9,-2.6,1689010.0,66918848.0,0.1845
2026-07-30,603285,键邦股份,,,30.29,30.28,-9.54,5677242.0,159131460.0,-4.3009
2026-07-30,603286,日盈电子,881126,汽车零部件,36.84,36.59,-6.84,3665150.0,128566367.0,-4.6397
2026-07-30,603288,海天味业,881134,食品加工制造,37.64,37.64,2.71,29261457.0,1127698150.0,0.8608
2026-07-30,603289,泰瑞机器,881118,专用设备,7.98,7.99,-1.0,2894200.0,23020875.0,-0.3226
2026-07-30,603290,斯达半导,881121,半导体,82.45,81.49,-4.09,6928024.0,558267540.0,-12.2751
2026-07-30,603291,联合水务,881181,环境治理,8.12,8.03,-0.62,2882636.0,23425718.0,-0.2677
2026-07-30,603293,埃泰克,,,35.36,35.09,1.24,2424508.0,86899559.0,-1.7653
2026-07-30,603296,华勤技术,881124,消费电子,83.65,82.4,-5.8,33058807.0,2634475500.0,2.1424
2026-07-30,603297,永新光学,881122,光学光电子,93.06,88.5,-7.16,2438400.0,215240110.0,-9.2363
2026-07-30,603298,杭叉集团,881268,工程机械,27.98,28.0,0.07,7521479.0,210285090.0,0.6094
2026-07-30,603299,苏盐井神,881108,化学原料,9.31,9.26,0.43,5895700.0,54837246.0,-0.0337
2026-07-30,603300,海南华铁,881283,多元金融,4.95,4.9,1.01,68516960.0,346529670.0,-0.0156
2026-07-30,603301,振德医疗,881144,医疗器械,88.09,88.08,1.33,1824400.0,161855280.0,0.0846
2026-07-30,603303,得邦照明,881122,光学光电子,19.27,18.92,-5.4,3870321.0,71671991.0,-1.983
2026-07-30,603305,旭升集团,881126,汽车零部件,11.09,11.02,0.45,20525300.0,228832060.0,-0.6098
2026-07-30,603306,华懋科技,881126,汽车零部件,61.1,61.18,-10.0,16244753.0,916759530.0,-10.8024
2026-07-30,603307,扬州金泉,881136,服装家纺,22.26,22.41,0.4,841765.0,19000125.0,-0.8773
2026-07-30,603308,应流股份,881117,通用设备,43.9,43.37,-5.49,18555113.0,778449360.0,-4.9055
2026-07-30,603309,维力医疗,881144,医疗器械,11.84,11.8,0.34,4338400.0,51415613.0,-0.0562
2026-07-30,603310,巍华新材,,,14.48,14.45,0.14,1440340.0,20886462.0,-0.2804
2026-07-30,603311,金海高科,881131,白色家电,25.08,25.03,-3.07,5580371.0,137386680.0,-2.0973
2026-07-30,603312,西典新能,881278,电网设备,30.65,30.37,0.03,684200.0,21217825.0,-1.2991
2026-07-30,603313,梦百合,881139,家居用品,5.63,5.6,-1.6,23943800.0,133323080.0,-0.1494
2026-07-30,603315,福鞍股份,881181,环境治理,12.19,12.23,-6.23,11090950.0,131046731.0,-0.975
2026-07-30,603316,诚邦股份,881121,半导体,12.19,12.09,-5.82,12816000.0,149817540.0,-2.2136
2026-07-30,603317,天味食品,881134,食品加工制造,14.66,14.56,2.39,22537616.0,335767090.0,0.0993
2026-07-30,603318,水发燃气,881146,燃气,8.78,8.78,-5.69,55189508.0,469671400.0,-0.2261
2026-07-30,603319,美湖股份,881126,汽车零部件,23.18,22.93,-8.84,17884987.0,389417610.0,-3.0211
2026-07-30,603320,迪贝电气,881277,电机,15.94,16.05,-4.58,2332200.0,36365587.0,-1.0549
2026-07-30,603321,梅轮电梯,881118,专用设备,5.84,5.83,-0.68,3864200.0,22472471.0,-0.118
2026-07-30,603322,超讯科技,881271,IT服务,25.66,25.6,-5.26,4878196.0,121389133.0,-1.1806
2026-07-30,603323,苏农银行,881155,银行,4.32,4.32,2.08,42613090.0,186845800.0,0.0466
2026-07-30,603324,盛剑科技,881284,环保设备,25.32,25.18,-8.45,7734680.0,183950450.0,-4.0798
2026-07-30,603325,博隆技术,881118,专用设备,53.0,53.09,-1.17,321300.0,16959755.0,-0.6038
2026-07-30,603326,我乐家居,881139,家居用品,6.15,6.1,-0.33,6968300.0,42890703.0,-0.1953
2026-07-30,603327,福蓉科技,881124,消费电子,8.62,8.44,5.68,80055923.0,738337760.0,-0.1736
2026-07-30,603328,依顿电子,881270,元件,9.1,9.01,0.77,25805836.0,236789920.0,-0.946
2026-07-30,603329,上海雅仕,881152,物流,9.48,9.48,1.05,4070033.0,39042862.0,-0.1329
2026-07-30,603330,天洋新材,881265,塑料制品,6.68,6.59,-0.9,20086380.0,133832158.0,-0.3673
2026-07-30,603331,百达精工,881117,通用设备,11.58,11.58,-3.89,5731300.0,65029440.0,-0.0859
2026-07-30,603332,苏州龙杰,881264,化学纤维,10.45,10.45,0.0,2568800.0,26988765.0,-0.2006
2026-07-30,603333,福华尚纬,881278,电网设备,8.59,8.46,-4.89,19278001.0,161161000.0,0.0502
2026-07-30,603334,丰倍生物,,,31.79,31.78,1.29,2761073.0,90047917.0,-1.6305
2026-07-30,603335,迪生力,881126,汽车零部件,5.77,5.75,-1.39,15193300.0,87123784.0,-0.6054
2026-07-30,603336,宏辉果蔬,881101,种植业与林业,8.19,8.15,8.42,34502130.0,291533190.0,-0.0024
2026-07-30,603337,杰克科技,881118,专用设备,39.72,39.48,-1.33,2995094.0,119629455.0,-0.0793
2026-07-30,603338,浙江鼎力,881268,工程机械,60.48,59.86,-0.17,6148586.0,371221790.0,2.7457
2026-07-30,603339,四方科技,881117,通用设备,12.2,12.15,1.23,7897292.0,96911320.0,-0.5519
2026-07-30,603341,龙旗科技,881124,消费电子,37.56,37.36,-7.06,14647451.0,523732150.0,-0.7016
2026-07-30,603344,星德胜,881277,电机,21.66,21.54,-1.2,1523200.0,32671061.0,-1.3495
2026-07-30,603345,安井食品,881134,食品加工制造,89.26,89.44,1.78,8752215.0,797518510.0,0.6766
2026-07-30,603348,文灿股份,881126,汽车零部件,13.42,13.42,9.99,5827012.0,83619617.0,-0.2631
2026-07-30,603350,安乃达,,,26.53,26.58,0.26,461564.0,12264902.0,-1.2608
2026-07-30,603351,威尔药业,881140,化学制药,23.22,23.28,-1.29,864400.0,19935530.0,-0.6599
2026-07-30,603352,至信股份,,,24.6,24.6,10.0,4397788.0,115861495.0,-0.6915
2026-07-30,603353,和顺石油,881180,石油加工贸易,28.1,28.36,-3.49,4902500.0,135679880.0,-3.0502
2026-07-30,603355,莱克电气,881173,小家电,27.3,27.3,-2.2,3679786.0,100562505.0,-0.4062
2026-07-30,603356,华菱精工,881118,专用设备,14.17,14.11,-3.81,3460250.0,48373075.0,-1.0015
2026-07-30,603357,设计总院,881116,建筑装饰,5.89,5.9,0.51,3778008.0,22411652.0,-0.1401
2026-07-30,603358,华达科技,881126,汽车零部件,37.43,40.19,-5.4,17033312.0,646939800.0,-1.2184
2026-07-30,603359,*ST东珠,881181,环境治理,2.2,2.18,-3.64,8543860.0,18561318.0,-0.1028
2026-07-30,603360,百傲化学,881263,农化制品,12.49,12.49,-2.8,10349244.0,127976297.0,-1.4128
2026-07-30,603363,傲农生物,881103,农产品加工,2.78,2.78,-0.36,24644200.0,68888668.0,-0.0467
2026-07-30,603365,水星家纺,881136,服装家纺,18.5,18.45,0.76,2728200.0,51204619.0,0.3529
2026-07-30,603366,日出东方,881174,厨卫电器,6.69,6.77,3.59,28634383.0,197626430.0,-0.0832
2026-07-30,603367,辰欣药业,881140,化学制药,14.13,14.08,-1.98,12314800.0,172239150.0,0.0993
2026-07-30,603368,柳药集团,881143,医药商业,15.51,15.49,0.84,3548301.0,55212750.0,-0.0058
2026-07-30,603369,今世缘,881273,白酒,27.62,27.6,2.39,26464417.0,755826020.0,0.5844
2026-07-30,603370,华新精科,,,32.31,32.39,-1.95,718814.0,22918404.0,-1.7801
2026-07-30,603373,安邦护卫,881179,其他社会服务,33.6,33.51,-4.73,1591799.0,51815088.0,-0.4852
2026-07-30,603375,盛景微,881121,半导体,32.52,32.23,-6.46,2260319.0,70618170.0,-4.2065
2026-07-30,603376,大明电子,,,24.05,24.05,10.02,2986555.0,77095135.0,-0.4265
2026-07-30,603377,ST东时,881178,教育,2.85,2.81,-1.4,1818600.0,5144201.0,-0.0835
2026-07-30,603378,*ST亚士,881115,建筑材料,5.12,5.2,-2.54,5573243.0,28227836.0,-0.1053
2026-07-30,603379,三美股份,881109,化学制品,59.16,59.08,-0.29,9454213.0,560943240.0,-2.0709
2026-07-30,603380,易德龙,881124,消费电子,31.5,31.23,-6.95,3949600.0,118734867.0,-2.6051
2026-07-30,603381,永臻股份,,,14.4,14.34,-0.07,3903900.0,56649217.0,-0.7211
2026-07-30,603382,海阳科技,,,16.91,16.78,9.99,3951786.0,70898214.0,-0.489
2026-07-30,603383,顶点软件,881272,软件开发,29.55,29.75,1.05,9077943.0,276421830.0,0.2445
2026-07-30,603385,惠达卫浴,881139,家居用品,4.98,4.96,-1.0,4328930.0,21574662.0,-0.1328
2026-07-30,603386,骏亚科技,881270,元件,11.38,11.36,-4.48,8566340.0,94572054.0,-1.63
2026-07-30,603387,基蛋生物,881144,医疗器械,8.74,8.7,-0.34,11510519.0,101032061.0,0.1019
2026-07-30,603389,亚振家居,881139,家居用品,44.4,43.39,-9.86,4414300.0,185514550.0,-4.6428
2026-07-30,603390,通达电气,881126,汽车零部件,9.57,9.43,-0.73,6195700.0,59712582.0,-0.521
2026-07-30,603391,力聚热能,,,50.9,50.6,-1.3,887100.0,44830988.0,-1.7044
2026-07-30,603392,万泰生物,881144,医疗器械,29.45,29.35,4.04,7097620.0,215707910.0,-0.116
2026-07-30,603393,新天然气,881107,油气开采及服务,25.97,26.15,1.46,9015687.0,237742950.0,0.2637
2026-07-30,603395,红四方,,,23.2,23.18,0.09,3719129.0,87045471.0,0.2478
2026-07-30,603396,金辰股份,881279,光伏设备,23.3,23.23,0.0,2934104.0,69043941.0,-1.2966
2026-07-30,603398,*ST沐邦,881279,光伏设备,8.68,8.56,-5.53,9547436.0,80618602.0,-1.4606
2026-07-30,603399,永杉锂业,881267,能源金属,15.81,15.8,1.01,92400162.0,1443320700.0,-1.2033
2026-07-30,603400,华之杰,,,47.14,45.18,-3.9,10757698.0,506935050.0,-0.4419
2026-07-30,603402,陕西旅游,,,65.3,65.2,0.77,2403330.0,159923430.0,0.0067
2026-07-30,603406,天富龙,,,26.91,26.8,1.49,1291564.0,35238488.0,-0.2063
2026-07-30,603407,长裕集团,,,62.81,63.2,-7.39,9970376.0,596914210.0,-4.4745
2026-07-30,603408,建霖家居,881139,家居用品,10.5,10.48,2.95,5093600.0,54752287.0,0.0286
2026-07-30,603409,汇通控股,,,16.84,16.75,-0.77,2128138.0,35848767.0,-1.2391
2026-07-30,603416,信捷电气,881171,自动化设备,48.02,47.5,-0.19,2203705.0,105441685.0,-2.1421
2026-07-30,603418,友升股份,,,43.81,43.85,0.82,1039527.0,45902611.0,-1.1827
2026-07-30,603421,鼎信通讯,881129,通信设备,5.51,5.49,-2.9,9928000.0,53681006.0,-0.3007
2026-07-30,603429,*ST集友,881138,包装印刷,7.78,7.45,-7.2,4620939.0,34086802.0,-0.3543
2026-07-30,603435,嘉德利,,,46.38,45.84,-3.47,3049527.0,137864240.0,-6.3517
2026-07-30,603439,三力制药,881141,中药,10.18,10.13,-2.55,8560285.0,85642662.0,-0.9595
2026-07-30,603444,吉比特,881275,游戏,376.43,374.5,1.84,3337886.0,1281103400.0,4.3443
2026-07-30,603456,九洲药业,881175,医疗服务,14.77,14.71,-2.64,19419039.0,281479170.0,0.2177
2026-07-30,603458,勘设股份,881116,建筑装饰,9.12,9.04,-9.54,22690710.0,194975560.0,-1.045
2026-07-30,603459,红板科技,,,94.56,91.55,-10.0,17875980.0,1557944600.0,-0.9958
2026-07-30,603466,风语筑,881164,文化传媒,9.56,9.4,-2.93,34440829.0,323030370.0,-0.3563
2026-07-30,603477,巨星农牧,881102,养殖业,14.86,14.79,0.27,13603108.0,204103010.0,-0.097
2026-07-30,603486,科沃斯,881173,小家电,60.67,60.66,1.5,8434304.0,521347900.0,1.2737
2026-07-30,603488,展鹏科技,881276,军工电子,7.57,7.58,-2.11,8658400.0,65269628.0,-0.8364
2026-07-30,603489,八方股份,881277,电机,25.18,25.0,-0.28,2042709.0,51543342.0,-1.4704
2026-07-30,603496,恒为科技,881130,计算机设备,25.48,24.88,-9.07,20430673.0,490643410.0,0.121
2026-07-30,603499,翔港科技,881138,包装印刷,11.58,11.34,-5.87,11010829.0,120990660.0,-0.7199
2026-07-30,603500,祥和实业,881269,轨交设备,8.44,8.39,-2.13,6185680.0,51590722.0,-0.8058
2026-07-30,603501,豪威集团,881121,半导体,91.69,91.67,-3.48,26206251.0,2320292900.0,-1.2661
2026-07-30,603505,金石资源,881109,化学制品,16.09,15.98,-0.93,10756628.0,173076980.0,-0.8779
2026-07-30,603506,南都物业,881153,房地产,9.51,9.51,1.16,3056500.0,29353918.0,-0.2803
2026-07-30,603507,振江股份,881280,风电设备,23.91,24.02,-3.14,9324996.0,222793400.0,-0.9864
2026-07-30,603508,思维列控,881130,计算机设备,22.73,22.66,1.19,3999172.0,91848685.0,0.0884
2026-07-30,603511,爱慕股份,881136,服装家纺,11.76,11.63,0.09,2157200.0,25276915.0,-0.2452
2026-07-30,603515,欧普照明,881122,光学光电子,16.99,17.03,1.18,1045500.0,17874306.0,-0.1261
2026-07-30,603516,淳中科技,881130,计算机设备,92.93,92.0,-4.67,6038585.0,543081030.0,-8.1041
2026-07-30,603517,ST绝味,881134,食品加工制造,10.34,10.32,0.77,7007834.0,73276547.0,-0.1803
2026-07-30,603518,锦泓集团,881136,服装家纺,7.86,7.83,2.04,5169140.0,41303202.0,-0.0257
2026-07-30,603519,立霸股份,881131,白色家电,14.68,14.8,-0.82,12356532.0,186097470.0,0.2048
2026-07-30,603520,司太立,881140,化学制药,8.63,8.61,-2.2,7484380.0,63777677.0,-0.4568
2026-07-30,603527,众源新材,881168,工业金属,9.2,9.23,-2.61,7521356.0,68404026.0,-0.8835
2026-07-30,603528,多伦科技,881272,软件开发,6.01,6.01,-0.5,11563800.0,70208565.0,-0.1381
2026-07-30,603529,爱玛科技,881128,汽车服务及其他,21.65,21.58,1.85,7264283.0,159951760.0,0.3196
2026-07-30,603530,神马电力,881278,电网设备,44.97,44.97,-2.54,3231100.0,141957770.0,-2.2695
2026-07-30,603533,掌阅科技,881164,文化传媒,20.59,20.41,-1.7,24531475.0,505881160.0,-0.3135
2026-07-30,603535,嘉诚国际,881152,物流,6.2,6.19,2.58,9654294.0,61844931.0,-0.1164
2026-07-30,603536,惠发食品,881134,食品加工制造,8.54,8.61,1.17,14983600.0,133077737.0,-0.0566
2026-07-30,603538,美诺华,881140,化学制药,25.06,25.3,-4.27,52673073.0,1315956250.0,-1.0665
2026-07-30,603551,奥普科技,881174,厨卫电器,9.21,9.2,4.34,5042700.0,47806613.0,-0.095
2026-07-30,603556,海兴电力,881278,电网设备,24.54,24.9,9.98,25223992.0,653582490.0,0.3944
2026-07-30,603557,*ST起步,881136,服装家纺,3.76,3.68,-1.86,8945700.0,32000620.0,-0.1607
2026-07-30,603558,健盛集团,881136,服装家纺,12.74,12.8,1.57,4646800.0,59439741.0,0.2747
2026-07-30,603559,中通国脉,881162,通信服务,8.68,8.85,0.46,28163000.0,251040170.0,-0.0757
2026-07-30,603565,中谷物流,881148,港口航运,10.45,10.43,2.58,19412985.0,205271790.0,0.0841
2026-07-30,603566,普莱柯,881102,养殖业,10.22,10.23,0.59,2795800.0,28824863.0,-0.0291
2026-07-30,603567,珍宝岛,881141,中药,6.38,6.45,-4.86,95812232.0,608573050.0,0.263
2026-07-30,603568,伟明环保,881181,环境治理,15.45,15.4,-0.32,7150516.0,109993361.0,-0.1882
2026-07-30,603569,长久物流,881152,物流,5.76,5.76,0.0,4566982.0,26374531.0,0.0257
2026-07-30,603577,汇金通,881278,电网设备,9.15,9.12,-4.15,4958100.0,44402094.0,-0.1993
2026-07-30,603578,三星新材,881131,白色家电,11.49,11.51,-3.39,4488760.0,51900360.0,-0.5182
2026-07-30,603579,荣泰健康,881173,小家电,17.49,17.45,-0.17,2277693.0,40044601.0,-0.359
2026-07-30,603580,艾艾精工,881265,塑料制品,57.97,55.2,-3.05,17282635.0,1007990390.0,7.3881
2026-07-30,603583,捷昌驱动,881171,自动化设备,24.05,23.95,0.79,3789538.0,91970847.0,-0.1129
2026-07-30,603585,苏利股份,881263,农化制品,9.66,9.76,2.69,6027806.0,59993864.0,-0.17
2026-07-30,603586,金麒麟,881126,汽车零部件,12.58,12.61,0.95,1767200.0,22413215.0,-0.5875
2026-07-30,603587,XD地素时,881136,服装家纺,11.58,11.55,0.78,3216640.0,37518588.0,-0.0324
2026-07-30,603588,高能环境,881181,环境治理,12.72,12.65,-2.36,51024574.0,636794750.0,-0.9602
2026-07-30,603589,口子窖,881273,白酒,19.68,19.65,5.59,20652934.0,428875800.0,0.1419
2026-07-30,603590,康辰药业,881142,生物制品,31.23,31.11,-5.54,3142900.0,94680522.0,-0.1602
2026-07-30,603595,ST东尼,881124,消费电子,21.46,21.46,-7.32,2600300.0,53022158.0,-2.1541
2026-07-30,603596,伯特利,881126,汽车零部件,25.4,25.34,1.89,23107452.0,601150690.0,-0.5497
2026-07-30,603598,引力传媒,881164,文化传媒,15.75,15.63,-1.46,13895071.0,222575300.0,-0.865
2026-07-30,603599,广信股份,881263,农化制品,10.4,10.35,3.46,17625100.0,189798200.0,0.0674
2026-07-30,603600,永艺股份,881139,家居用品,9.51,9.52,1.05,3637300.0,34978021.0,-0.0908
2026-07-30,603601,再升科技,881115,建筑材料,8.0,7.95,-4.25,63000173.0,493534720.0,-1.4185
2026-07-30,603602,纵横通信,881164,文化传媒,10.22,10.5,-0.98,3278450.0,33691782.0,-0.5166
2026-07-30,603605,珀莱雅,881182,美容护理,61.13,62.01,1.1,7329128.0,459191800.0,0.3512
2026-07-30,603606,东方电缆,881278,电网设备,40.97,40.69,-0.68,15429727.0,633491590.0,-0.4621
2026-07-30,603607,京华激光,881138,包装印刷,20.98,20.58,-5.29,4917500.0,99904440.0,-0.8243
2026-07-30,603608,天创时尚,881136,服装家纺,16.74,16.42,-7.83,18642540.0,299240710.0,-1.788
2026-07-30,603609,禾丰股份,881103,农产品加工,6.19,6.17,0.32,2575200.0,16056284.0,-0.0181
2026-07-30,603610,麒盛科技,881139,家居用品,13.08,13.02,-2.91,7708900.0,98694542.0,-1.1269
2026-07-30,603611,诺力股份,881268,工程机械,16.58,16.59,1.21,2194402.0,36715855.0,-0.2753
2026-07-30,603612,索通发展,881167,非金属材料,16.9,16.78,0.65,12706381.0,216497580.0,-0.6054
2026-07-30,603613,国联股份,881177,互联网电商,18.89,18.88,1.11,11280640.0,216380180.0,-0.4142
2026-07-30,603615,茶花股份,881139,家居用品,15.09,14.93,-1.46,3296700.0,49577482.0,-0.8124
2026-07-30,603616,韩建河山,881115,建筑材料,4.92,4.97,-2.64,12928400.0,62944698.0,-0.3313
2026-07-30,603617,君禾股份,881117,通用设备,6.26,6.24,-2.88,5184100.0,31817774.0,-0.2547
2026-07-30,603618,杭电股份,881278,电网设备,23.1,23.07,-6.67,55657624.0,1244848500.0,-5.3595
2026-07-30,603619,中曼石油,881107,油气开采及服务,21.32,21.9,5.53,61227982.0,1343399100.0,0.0512
2026-07-30,603626,科森科技,881124,消费电子,13.14,13.03,-7.99,27170269.0,336385810.0,-2.0362
2026-07-30,603628,清源股份,881279,光伏设备,9.25,9.29,0.0,3623500.0,33711324.0,-0.2208
2026-07-30,603629,利通电子,881271,IT服务,96.95,96.82,-9.97,36738465.0,3372455600.0,-6.5566
2026-07-30,603630,拉芳家化,881182,美容护理,15.19,15.71,-1.12,24429761.0,381553140.0,0.2836
2026-07-30,603633,徕木股份,881126,汽车零部件,5.79,5.75,-2.94,8729118.0,49857556.0,-0.4565
2026-07-30,603636,南威软件,881271,IT服务,6.41,6.35,-1.09,17926800.0,116270412.0,-0.6165
2026-07-30,603637,镇海股份,881116,建筑装饰,11.11,11.12,-4.5,6387700.0,68856408.0,-1.4544
2026-07-30,603638,艾迪精密,881268,工程机械,19.88,19.71,-2.67,9957351.0,194925250.0,-1.2012
2026-07-30,603639,海利尔,881263,农化制品,10.41,10.43,4.03,4527666.0,48599596.0,0.0277
2026-07-30,603648,畅联股份,881152,物流,8.84,8.75,-0.45,2693700.0,23901278.0,-0.1063
2026-07-30,603650,彤程新材,881266,橡胶制品,59.08,57.86,-9.06,25895756.0,1440777600.0,-4.0582
2026-07-30,603655,朗博科技,881126,汽车零部件,25.31,25.37,-5.73,1161300.0,28488845.0,-2.0136
2026-07-30,603656,泰禾智能,881118,专用设备,17.15,17.03,-1.22,2202400.0,37861510.0,-0.2589
2026-07-30,603657,春光科技,881131,白色家电,21.1,20.96,-5.83,3525100.0,72056743.0,-1.251
2026-07-30,603658,安图生物,881144,医疗器械,32.73,32.73,2.2,3566325.0,118392758.0,0.4649
2026-07-30,603659,璞泰来,881281,电池,24.44,24.15,-1.1,25324400.0,614181730.0,-1.0869
2026-07-30,603660,苏州科达,881130,计算机设备,8.03,7.97,9.96,34100589.0,294624010.0,-0.8931
2026-07-30,603661,恒林股份,881139,家居用品,28.6,28.42,-4.9,2437200.0,67665214.0,-2.2867
2026-07-30,603662,柯力传感,881117,通用设备,48.66,48.31,-3.97,5194129.0,245720700.0,-5.108
2026-07-30,603663,三祥新材,881167,非金属材料,37.0,37.03,-9.0,19598362.0,681099760.0,-5.085
2026-07-30,603665,康隆达,881136,服装家纺,21.09,20.88,-4.41,2378700.0,48627524.0,-1.6893
2026-07-30,603666,亿嘉和,881171,自动化设备,20.47,20.33,0.1,5109154.0,103761276.0,-2.0973
2026-07-30,603667,五洲新春,881117,通用设备,50.28,49.81,-4.06,12843930.0,627366020.0,-4.5585
2026-07-30,603668,天马科技,881103,农产品加工,10.83,10.73,0.09,7144280.0,76998844.0,-0.3092
2026-07-30,603669,灵康药业,881140,化学制药,5.2,5.2,-3.08,28676800.0,147276230.0,-0.1017
2026-07-30,603676,卫信康,881140,化学制药,8.71,8.73,0.8,2328400.0,20453243.0,-0.0466
2026-07-30,603677,奇精机械,881131,白色家电,12.69,12.67,-2.13,1904000.0,23902997.0,-0.4273
2026-07-30,603678,火炬电子,881276,军工电子,42.2,42.98,-4.93,45784553.0,1900120900.0,-6.0818
2026-07-30,603679,华体科技,881122,光学光电子,18.24,18.0,-3.73,8986000.0,160020570.0,-0.4137
2026-07-30,603680,今创集团,881269,轨交设备,9.63,9.53,2.28,8519499.0,83396711.0,-0.3157
2026-07-30,603681,永冠新材,881109,化学制品,17.4,17.18,-6.72,8230800.0,136768930.0,-1.3978
2026-07-30,603682,锦和商管,881158,零售,8.54,8.54,2.22,12989550.0,112926979.0,0.0391
2026-07-30,603683,晶华新材,881109,化学制品,14.19,14.01,-5.99,34275888.0,469629570.0,-4.2281
2026-07-30,603685,晨丰科技,881122,光学光电子,25.25,24.71,-4.99,2311900.0,55777865.0,-1.3192
2026-07-30,603686,福龙马,881181,环境治理,12.6,12.54,-0.95,11093086.0,139812340.0,-0.4547
2026-07-30,603687,大胜达,881138,包装印刷,12.5,12.44,-3.76,24320791.0,300862060.0,-1.4443
2026-07-30,603688,石英股份,881167,非金属材料,43.57,43.07,-6.31,17602867.0,733349930.0,-7.5519
2026-07-30,603689,皖天然气,881146,燃气,7.49,7.49,0.8,3323750.0,25047425.0,-0.0051
2026-07-30,603690,至纯科技,881121,半导体,24.77,23.66,-10.01,49226939.0,1121691410.0,-2.0144
2026-07-30,603693,江苏新能,881145,电力,12.24,12.12,-1.63,6875315.0,83243481.0,-0.3487
2026-07-30,603696,安记食品,881134,食品加工制造,12.03,12.9,1.58,23797212.0,301325180.0,-0.2719
2026-07-30,603697,有友食品,881134,食品加工制造,9.92,9.95,-1.51,8793960.0,87547887.0,-0.2494
2026-07-30,603698,航天工程,881118,专用设备,21.14,20.99,-2.46,19941642.0,415980640.0,-4.4323
2026-07-30,603699,纽威股份,881117,通用设备,43.22,42.44,3.01,10847952.0,481068000.0,-2.3951
2026-07-30,603700,宁水集团,881117,通用设备,11.14,11.12,0.63,3084399.0,34438967.0,-0.0679
2026-07-30,603701,德宏股份,881126,汽车零部件,17.65,17.64,-2.15,4253300.0,75179656.0,-1.3944
2026-07-30,603703,盛洋科技,881122,光学光电子,8.6,8.5,-1.86,7069220.0,60130719.0,-0.7768
2026-07-30,603706,东方环宇,881146,燃气,18.55,18.45,-0.38,922645.0,17079212.0,-0.2944
2026-07-30,603707,健友股份,881140,化学制药,8.1,8.03,0.49,11610219.0,94507664.0,0.095
2026-07-30,603708,家家悦,881158,零售,9.36,9.4,1.28,4240900.0,40220461.0,0.0365
2026-07-30,603709,中源家居,881139,家居用品,10.35,10.33,-2.13,4326230.0,44573362.0,-0.346
2026-07-30,603711,香飘飘,881133,饮料制造,10.93,10.93,1.56,8534000.0,95119294.0,-0.4693
2026-07-30,603712,七一二,881276,军工电子,11.5,11.42,0.0,10632900.0,123227841.0,-0.4902
2026-07-30,603713,密尔克卫,881152,物流,60.75,60.72,-1.81,3705235.0,222136210.0,-1.4948
2026-07-30,603716,塞力医疗,881143,医药商业,15.81,15.66,-2.78,30789542.0,487280450.0,-0.0945
2026-07-30,603717,天域生物,881102,养殖业,5.37,5.43,0.19,13497630.0,73629518.0,-0.3434
2026-07-30,603718,*ST海利,881144,医疗器械,2.82,2.82,-2.48,5314500.0,14828620.0,-0.0779
2026-07-30,603719,良品铺子,881134,食品加工制造,9.45,9.65,-3.07,20996262.0,198456890.0,-0.1175
2026-07-30,603721,中广天择,881274,影视院线,16.07,15.88,-2.3,3783100.0,60638862.0,-1.0216
2026-07-30,603722,阿科力,881109,化学制品,28.97,28.63,-5.42,2694600.0,75614589.0,-2.732
2026-07-30,603725,天安新材,881139,家居用品,9.82,9.7,-9.57,28839480.0,263236270.0,-0.4587
2026-07-30,603726,朗迪集团,881131,白色家电,22.48,22.13,-6.09,9183579.0,199151290.0,-1.9138
2026-07-30,603727,博迈科,881107,油气开采及服务,17.96,17.68,-1.61,6713280.0,120749715.0,0.2674
2026-07-30,603728,鸣志电器,881277,电机,47.41,46.8,-4.51,6023155.0,276016650.0,-3.9559
2026-07-30,603729,ST龙韵,881164,文化传媒,10.38,10.32,-2.02,1165300.0,11962229.0,-0.4069
2026-07-30,603730,岱美股份,881126,汽车零部件,9.4,9.28,-4.04,15524621.0,140781550.0,-0.66
2026-07-30,603733,仙鹤股份,881137,造纸,20.7,20.78,-5.36,16896480.0,337514110.0,-1.0008
2026-07-30,603737,三棵树,881115,建筑材料,24.59,24.43,-0.37,10704098.0,262843240.0,-0.686
2026-07-30,603738,泰晶科技,881270,元件,29.49,29.33,-7.77,32979567.0,922803140.0,-6.1011
2026-07-30,603739,蔚蓝生物,881109,化学制品,11.19,11.21,-0.63,2705240.0,30355179.0,-0.3644
2026-07-30,603755,日辰股份,881134,食品加工制造,21.18,21.18,0.38,1490200.0,31948565.0,-0.9827
2026-07-30,603757,大元泵业,881117,通用设备,56.18,56.1,-10.0,8413700.0,438233250.0,-2.9374
2026-07-30,603758,秦安股份,881126,汽车零部件,9.13,9.13,-0.22,2881900.0,26439501.0,-0.3182
2026-07-30,603759,海天股份,881181,环境治理,7.06,7.06,1.27,5214980.0,37318158.0,-0.1194
2026-07-30,603766,隆鑫通用,881128,汽车服务及其他,14.51,14.53,2.83,21998733.0,324829010.0,0.4873
2026-07-30,603767,中马传动,881126,汽车零部件,13.91,13.78,1.15,4251100.0,59644981.0,-0.619
2026-07-30,603768,常青股份,881126,汽车零部件,10.75,10.76,0.09,2658600.0,28908719.0,0.0817
2026-07-30,603773,沃格光电,881122,光学光电子,74.36,73.89,-10.01,15880443.0,1098045920.0,-15.4312
2026-07-30,603776,永安行,881128,汽车服务及其他,19.14,19.03,-4.02,1711168.0,32235872.0,-0.5198
2026-07-30,603777,来伊份,881134,食品加工制造,13.43,13.36,-4.47,8604870.0,114119786.0,-0.9738
2026-07-30,603778,国晟科技,881279,光伏设备,8.89,8.78,-4.39,53050173.0,466707000.0,-1.5981
2026-07-30,603779,威龙股份,881133,饮料制造,6.88,6.9,-3.2,24588500.0,169453530.0,-0.328
2026-07-30,603786,科博达,881126,汽车零部件,41.26,41.0,1.91,2838410.0,119076621.0,-1.1363
2026-07-30,603787,新日股份,881128,汽车服务及其他,9.64,9.6,0.21,2981200.0,28973868.0,-0.0719
2026-07-30,603788,宁波高发,881126,汽车零部件,14.2,14.2,0.63,2194400.0,31520859.0,-0.1465
2026-07-30,603789,ST星农,881118,专用设备,6.01,6.01,-5.49,5064300.0,29488573.0,-0.035
2026-07-30,603790,雅运股份,881109,化学制品,22.35,22.35,-8.19,6708100.0,142049900.0,-0.9225
2026-07-30,603797,联泰环保,881181,环境治理,3.91,3.89,0.0,5279536.0,20684797.0,-0.063
2026-07-30,603798,康普顿,881180,石油加工贸易,11.79,11.83,-3.73,5685830.0,65114886.0,-0.8521
2026-07-30,603799,华友钴业,881267,能源金属,40.3,40.0,-0.92,51513474.0,2068769600.0,-2.4588
2026-07-30,603800,洪田股份,881118,专用设备,57.44,57.43,-9.99,7696916.0,411203310.0,-4.8701
2026-07-30,603801,志邦家居,881139,家居用品,5.93,5.95,-2.7,14732378.0,85848000.0,-0.1351
2026-07-30,603803,瑞斯康达,881129,通信设备,9.76,9.72,-10.04,39268872.0,357679670.0,-0.7162
2026-07-30,603806,福斯特,881279,光伏设备,14.26,14.01,1.96,41805457.0,604521760.0,-0.5155
2026-07-30,603808,歌力思,881136,服装家纺,7.65,7.64,1.96,7728927.0,60624497.0,-0.1812
2026-07-30,603809,豪能股份,881126,汽车零部件,8.91,9.26,2.02,17050351.0,155280700.0,-0.2085
2026-07-30,603810,丰山集团,881263,农化制品,10.94,10.94,0.0,1938500.0,21316402.0,-0.3668
2026-07-30,603811,诚意药业,881140,化学制药,7.13,7.09,-1.12,3331060.0,23610031.0,-0.1419
2026-07-30,603813,原尚股份,881152,物流,28.32,28.53,9.99,1087200.0,32596973.0,-1.8671
2026-07-30,603815,交建股份,881116,建筑装饰,5.19,5.19,0.96,13092812.0,68562553.0,-0.2741
2026-07-30,603816,顾家家居,881139,家居用品,25.42,25.61,1.53,9084562.0,234181120.0,0.3546
2026-07-30,603817,海峡环保,881181,环境治理,5.61,5.57,-0.18,8259906.0,46456153.0,-0.0425
2026-07-30,603818,曲美家居,881139,家居用品,3.22,3.22,-0.93,22917300.0,73377392.0,0.0028
2026-07-30,603819,神力股份,881277,电机,12.25,12.06,-2.69,6429430.0,78224420.0,-0.242
2026-07-30,603822,ST嘉澳,881109,化学制品,56.0,55.2,0.07,670548.0,37054189.0,-3.8261
2026-07-30,603823,百合花,881109,化学制品,55.34,49.81,-9.99,669200.0,33332852.0,2.6277
2026-07-30,603825,ST华扬,881164,文化传媒,7.07,7.08,-2.4,1269672.0,8899730.0,-0.0482
2026-07-30,603826,坤彩科技,881167,非金属材料,15.33,15.33,-2.48,5716650.0,86192946.0,-1.5998
2026-07-30,603828,*ST利达,881116,建筑装饰,4.07,4.05,-0.49,1407450.0,5698632.0,-0.1568
2026-07-30,603829,洛凯股份,881278,电网设备,14.15,14.05,-3.11,3566417.0,49651063.0,-1.253
2026-07-30,603833,欧派家居,881139,家居用品,35.33,35.33,0.23,8226020.0,291330110.0,-0.009
2026-07-30,603836,海程邦达,881152,物流,8.59,8.58,0.47,3926740.0,34099339.0,-0.0117
2026-07-30,603838,*ST四通,881139,家居用品,7.16,7.11,-0.42,998300.0,7159552.0,-0.5218
2026-07-30,603839,安正时尚,881136,服装家纺,6.4,6.38,-0.78,5540600.0,35798640.0,-0.0257
2026-07-30,603843,*ST正平,881116,建筑装饰,6.8,6.81,2.79,16570520.0,115480237.0,-0.3657
2026-07-30,603848,好太太,881139,家居用品,13.2,13.2,-2.88,2317100.0,30045480.0,-0.3983
2026-07-30,603855,华荣股份,881118,专用设备,16.25,16.35,0.68,1504700.0,24688301.0,-0.1166
2026-07-30,603856,东宏股份,881115,建筑材料,11.13,11.12,-0.09,2617200.0,29153646.0,-0.4753
2026-07-30,603858,步长制药,881141,中药,15.63,15.51,-0.06,7679149.0,119949448.0,0.0951
2026-07-30,603859,能科科技,881271,IT服务,35.99,36.0,4.22,11998404.0,441351550.0,-2.9947
2026-07-30,603860,中公高科,881116,建筑装饰,24.0,23.98,-0.62,1308000.0,31433635.0,-0.6676
2026-07-30,603861,白云电器,881278,电网设备,11.8,11.8,-2.8,11467375.0,133919450.0,-0.7464
2026-07-30,603863,松炀资源,881137,造纸,12.97,13.0,-2.08,4134193.0,52664895.0,-0.4658
2026-07-30,603866,桃李面包,881134,食品加工制造,4.24,4.24,2.59,19455470.0,84206326.0,0.0313
2026-07-30,603867,新化股份,881109,化学制品,27.0,26.8,-2.85,5039474.0,133952542.0,-2.5338
2026-07-30,603868,飞科电器,881173,小家电,30.46,30.6,2.1,1464017.0,45689939.0,-0.5681
2026-07-30,603869,ST智知,881271,IT服务,8.0,7.89,-0.62,798000.0,6345432.0,-0.2422
2026-07-30,603871,嘉友国际,881152,物流,13.11,13.0,1.3,11268838.0,149673560.0,0.4231
2026-07-30,603876,鼎胜新材,881168,工业金属,22.17,22.08,0.09,22606573.0,498182650.0,-0.9559
2026-07-30,603877,太平鸟,881136,服装家纺,13.59,13.53,1.47,2139246.0,29468982.0,0.1142
2026-07-30,603878,武进不锈,881112,钢铁,4.77,4.77,-1.47,15333100.0,73740206.0,-0.2868
2026-07-30,603879,永悦科技,881265,塑料制品,4.69,4.76,2.77,16315282.0,77917785.0,-0.0315
2026-07-30,603880,南卫股份,881144,医疗器械,6.37,6.47,-2.98,5440590.0,34214776.0,-0.3657
2026-07-30,603881,数据港,881162,通信服务,24.11,23.71,-4.56,27013494.0,632446920.0,-0.6969
2026-07-30,603882,金域医学,881175,医疗服务,27.42,27.2,-1.02,5430150.0,148285360.0,0.6487
2026-07-30,603883,老百姓,881143,医药商业,12.55,12.59,1.43,12222179.0,155583870.0,0.2273
2026-07-30,603885,吉祥航空,881151,机场航运,10.95,10.9,-0.37,17772103.0,194976070.0,0.047
2026-07-30,603886,元祖股份,881134,食品加工制造,10.3,10.33,-0.97,2803900.0,28932896.0,-0.6095
2026-07-30,603887,城地香江,881162,通信服务,8.83,8.79,-2.04,17693239.0,155517340.0,-0.4833
2026-07-30,603888,新华网,881164,文化传媒,16.14,16.12,-0.31,8833255.0,143266310.0,-0.0825
2026-07-30,603889,新澳股份,881135,纺织制造,5.85,5.86,-1.03,11337800.0,66105248.0,0.0398
2026-07-30,603890,春秋电子,881124,消费电子,18.4,18.2,-8.37,20917844.0,362382900.0,-1.6983
2026-07-30,603893,瑞芯微,881121,半导体,203.05,200.62,-10.0,18411394.0,3443380100.0,4.0647
2026-07-30,603895,天永智能,881118,专用设备,21.89,21.92,0.0,2613020.0,56180430.0,-2.5545
2026-07-30,603896,寿仙谷,881141,中药,14.63,14.66,-0.27,2508220.0,36830744.0,-0.0382
2026-07-30,603897,长城科技,881278,电网设备,24.69,24.43,-4.37,7486429.0,180476630.0,-3.3206
2026-07-30,603898,好莱客,881139,家居用品,10.54,10.52,-1.04,4340100.0,44711851.0,-0.8836
2026-07-30,603899,晨光股份,881139,家居用品,23.41,23.35,1.03,5839957.0,137494600.0,0.3676
2026-07-30,603900,莱绅通灵,881136,服装家纺,5.56,5.57,0.54,6897400.0,38812637.0,-0.1784
2026-07-30,603901,永创智能,881118,专用设备,9.07,8.98,-1.1,8158710.0,73973343.0,-0.5256
2026-07-30,603903,中持股份,881181,环境治理,10.96,10.79,-6.02,13905100.0,148077730.0,-0.579
2026-07-30,603906,龙蟠科技,881281,电池,18.83,18.4,-2.55,24068238.0,445001290.0,-2.081
2026-07-30,603908,牧高笛,881136,服装家纺,17.09,17.18,0.99,1449900.0,25105930.0,-0.5272
2026-07-30,603909,建发合诚,881116,建筑装饰,8.58,8.61,0.7,2755000.0,23974980.0,-0.2653
2026-07-30,603912,佳力图,881117,通用设备,7.07,7.03,-3.68,13862738.0,96306925.0,-0.3563
2026-07-30,603915,国茂股份,881117,通用设备,12.79,12.7,-1.09,5630700.0,71827350.0,-0.711
2026-07-30,603916,苏博特,881109,化学制品,9.82,9.76,-3.05,11382128.0,111161368.0,-0.9996
2026-07-30,603917,合力科技,881126,汽车零部件,11.41,11.33,-2.8,4154600.0,46859579.0,-0.3417
2026-07-30,603918,金桥信息,881271,IT服务,10.45,10.35,6.51,46565904.0,509251720.0,-0.007
2026-07-30,603919,金徽酒,881273,白酒,15.35,15.36,10.03,23118919.0,377800010.0,-0.3881
2026-07-30,603920,世运电路,881270,元件,32.7,32.42,-3.24,30015039.0,955544320.0,-4.7495
2026-07-30,603922,ST金鸿顺,881126,汽车零部件,10.11,10.09,-1.29,1686400.0,17238692.0,-1.1483
2026-07-30,603926,铁流股份,881126,汽车零部件,15.21,15.26,-6.05,6186600.0,90576853.0,-1.1206
2026-07-30,603927,中科软,881272,软件开发,13.51,13.45,2.07,15947353.0,220177970.0,-0.0903
2026-07-30,603928,兴业股份,881265,塑料制品,11.51,11.25,-8.43,33154760.0,363123950.0,-0.6967
2026-07-30,603929,亚翔集成,881116,建筑装饰,161.24,158.26,-10.0,7645071.0,1146298340.0,-16.0232
2026-07-30,603931,格林达,881172,电子化学品,31.79,31.2,-6.73,11502936.0,348184030.0,-6.4533
2026-07-30,603933,睿能科技,881171,自动化设备,17.68,17.41,-1.7,5532951.0,98419473.0,-1.621
2026-07-30,603936,博敏电子,881270,元件,12.9,12.95,-7.44,47278595.0,575399540.0,-2.6487
2026-07-30,603937,丽岛新材,881168,工业金属,10.15,10.11,-3.55,5346500.0,53346017.0,-1.0607
2026-07-30,603938,三孚股份,881108,化学原料,38.0,37.75,-7.11,13671833.0,493411600.0,-5.1673
2026-07-30,603939,益丰药房,881143,医药商业,22.7,22.7,0.0,12588572.0,287165510.0,0.6606
2026-07-30,603948,建业股份,881109,化学制品,19.52,19.39,-2.25,1696000.0,32777576.0,-1.4725
2026-07-30,603949,雪龙集团,881126,汽车零部件,13.3,13.26,-2.26,3679600.0,48590373.0,-1.0921
2026-07-30,603950,长源东谷,881126,汽车零部件,52.78,53.53,-8.83,9492107.0,474798810.0,-4.775
2026-07-30,603955,大千生态,881116,建筑装饰,19.17,19.17,-0.89,3664340.0,72041394.0,-0.71
2026-07-30,603956,威派格,881118,专用设备,6.2,6.2,-3.39,20578965.0,124700238.0,0.1358
2026-07-30,603958,哈森股份,881136,服装家纺,13.34,13.24,-4.05,4772600.0,61966121.0,-1.42
2026-07-30,603959,ST百利,881116,建筑装饰,4.22,4.21,-4.03,6191500.0,25482330.0,-0.0865
2026-07-30,603960,克来机电,881126,汽车零部件,15.39,15.2,-2.01,5564700.0,84599273.0,-1.0796
2026-07-30,603966,法兰泰克,881118,专用设备,7.82,7.78,-0.38,5523991.0,42898108.0,-0.3165
2026-07-30,603967,中创物流,881152,物流,11.44,11.44,1.22,2546900.0,29345277.0,-0.0818
2026-07-30,603968,醋化股份,881109,化学制品,9.55,9.52,-0.73,3166400.0,30404504.0,-0.2046
2026-07-30,603969,银龙股份,881117,通用设备,7.41,7.26,-3.91,19401066.0,138819570.0,-0.1591
2026-07-30,603970,中农立华,881263,农化制品,10.04,10.05,1.99,3073300.0,31522233.0,-0.1432
2026-07-30,603976,正川股份,881144,医疗器械,24.9,24.56,-5.26,5234582.0,125481743.0,-0.3781
2026-07-30,603977,国泰集团,881109,化学制品,11.33,11.21,-1.5,9017012.0,100758857.0,-0.7844
2026-07-30,603978,深圳新星,881114,金属新材料,18.15,18.09,-4.19,8327396.0,147868860.0,-2.5814
2026-07-30,603979,金诚信,881168,工业金属,73.47,73.88,0.83,10913284.0,802818450.0,1.7751
2026-07-30,603980,吉华集团,881109,化学制品,6.8,6.5,-6.91,82678242.0,538564140.0,0.0543
2026-07-30,603982,泉峰汽车,881126,汽车零部件,5.57,5.57,-0.54,5649120.0,31579311.0,-0.1802
2026-07-30,603983,丸美生物,881182,美容护理,29.26,27.97,-4.07,11916724.0,344646580.0,1.3002
2026-07-30,603985,恒润股份,881280,风电设备,14.94,14.8,-5.56,13534029.0,195466410.0,-2.2383
2026-07-30,603986,兆易创新,881121,半导体,364.03,356.75,1.94,97123885.0,35483795000.0,-57.0025
2026-07-30,603987,康德莱,881144,医疗器械,7.26,7.25,0.14,4072595.0,29586653.0,-0.0228
2026-07-30,603988,中电电机,881277,电机,18.62,18.54,6.93,25844290.0,499636140.0,0.0541
2026-07-30,603989,艾华集团,881270,元件,26.01,25.7,-7.19,23121492.0,571968160.0,-3.7623
2026-07-30,603990,麦迪科技,881272,软件开发,19.4,19.4,-7.22,21131211.0,390762470.0,-0.6124
2026-07-30,603991,领先股份,881121,半导体,113.99,112.0,-7.21,3719502.0,406796960.0,-5.8739
2026-07-30,603992,松霖科技,881139,家居用品,23.14,23.16,-1.47,2302735.0,53055522.0,-2.0413
2026-07-30,603993,洛阳钼业,881168,工业金属,19.08,19.1,-0.63,185706160.0,3515043000.0,0.2036
2026-07-30,603995,甬金股份,881112,钢铁,19.98,19.98,0.7,4938300.0,99476540.0,-0.5754
2026-07-30,603997,继峰股份,881126,汽车零部件,12.12,12.19,5.2,25589207.0,322279930.0,-0.1834
2026-07-30,603998,方盛制药,881141,中药,9.33,9.3,1.39,10055900.0,95106117.0,-0.0919
2026-07-30,603999,读者传媒,881164,文化传媒,5.44,5.4,-0.37,7810140.0,42803759.0,-0.0251
2026-07-30,605001,威奥股份,881269,轨交设备,5.15,5.12,-1.36,5043670.0,25902613.0,-0.2323
2026-07-30,605003,众望布艺,881136,服装家纺,19.65,19.55,-2.9,951700.0,18324610.0,-0.8959
2026-07-30,605005,合兴股份,881126,汽车零部件,14.87,14.74,-0.34,856100.0,12773054.0,-0.3886
2026-07-30,605006,山东玻纤,881115,建筑材料,12.99,12.91,-4.54,38369033.0,481752530.0,-1.6932
2026-07-30,605007,五洲特纸,881137,造纸,15.47,15.4,-0.45,4064300.0,62255340.0,0.2646
2026-07-30,605008,长鸿高科,881265,塑料制品,12.08,12.01,-3.56,3597486.0,42429514.0,0.0873
2026-07-30,605009,豪悦护理,881182,美容护理,23.65,23.65,1.06,1630003.0,39155228.0,0.0129
2026-07-30,605011,杭州热电,881145,电力,17.82,17.65,-2.81,7855700.0,137878820.0,-0.0474
2026-07-30,605016,百龙创园,881109,化学制品,22.48,23.39,-3.96,10176458.0,227134870.0,-0.8733
2026-07-30,605018,长华集团,881126,汽车零部件,11.72,11.58,-4.86,8300200.0,94693975.0,-0.7412
2026-07-30,605020,永和股份,881109,化学制品,32.56,32.45,-4.36,13649635.0,432238290.0,-1.3299
2026-07-30,605028,世茂能源,881145,电力,26.95,27.49,0.45,2997500.0,81024589.0,1.2793
2026-07-30,605033,美邦股份,881263,农化制品,17.0,17.38,10.0,4204800.0,76486201.0,-0.2896
2026-07-30,605050,福然德,881152,物流,10.16,10.16,-0.3,2387900.0,24243605.0,0.036
2026-07-30,605055,迎丰股份,881135,纺织制造,8.47,8.47,-5.31,4676500.0,38251592.0,-0.7796
2026-07-30,605056,咸亨国际,881117,通用设备,13.7,13.7,-4.01,6195853.0,83164695.0,-1.1837
2026-07-30,605058,澳弘电子,881270,元件,23.66,23.37,-3.72,2335460.0,54029504.0,-3.041
2026-07-30,605060,联德股份,881117,通用设备,37.02,36.92,-8.16,5816552.0,202115630.0,-4.2468
2026-07-30,605066,天正电气,881278,电网设备,6.48,6.45,-2.01,4860275.0,31183201.0,-0.1412
2026-07-30,605068,明新旭腾,881126,汽车零部件,18.72,20.59,9.99,5951400.0,122509990.0,-0.3439
2026-07-30,605069,正和生态,881181,环境治理,9.64,9.57,-6.12,8179490.0,76381312.0,-1.0801
2026-07-30,605077,华康股份,881109,化学制品,10.97,10.92,-0.64,6603219.0,72053514.0,-0.4553
2026-07-30,605080,浙江自然,881139,家居用品,19.51,19.53,-0.46,2193700.0,43094718.0,-0.4396
2026-07-30,605086,龙高股份,881167,非金属材料,22.46,22.39,-1.78,1512200.0,33609027.0,-1.3426
2026-07-30,605088,冠盛股份,881126,汽车零部件,19.81,19.74,-1.97,4146600.0,81231057.0,-3.0343
2026-07-30,605089,味知香,881134,食品加工制造,19.25,19.2,0.68,2203428.0,43152301.0,-0.7214
2026-07-30,605090,九丰能源,881146,燃气,32.18,32.0,-5.66,22780716.0,708136710.0,-1.4422
2026-07-30,605098,行动教育,881178,教育,56.5,56.63,-0.34,1153840.0,65471769.0,0.3113
2026-07-30,605099,共创草坪,881139,家居用品,32.49,32.08,0.34,2146277.0,69872261.0,-0.8297
2026-07-30,605100,华丰股份,881117,通用设备,29.86,30.0,-4.92,4921180.0,142632270.0,-2.117
2026-07-30,605108,同庆楼,881160,旅游及酒店,12.47,12.44,2.33,10254600.0,131492878.0,0.0008
2026-07-30,605111,新洁能,881121,半导体,53.18,52.87,-10.0,25656026.0,1272116700.0,-5.6189
2026-07-30,605116,奥锐特,881140,化学制药,19.46,19.35,-1.03,2320208.0,44998663.0,-0.1876
2026-07-30,605117,德业股份,881279,光伏设备,85.13,84.49,-2.23,10035260.0,844386370.0,-4.0184
2026-07-30,605118,力鼎光电,881130,计算机设备,28.68,28.64,-4.5,2622528.0,73000147.0,-1.9033
2026-07-30,605122,四方新材,881115,建筑材料,10.22,10.2,-1.76,2797500.0,28458899.0,-0.4706
2026-07-30,605123,派克新材,881166,军工装备,75.19,74.67,0.03,1640739.0,123821174.0,-6.3141
2026-07-30,605128,上海沿浦,881126,汽车零部件,21.18,20.94,0.9,4394012.0,94010251.0,-0.6812
2026-07-30,605133,嵘泰股份,881126,汽车零部件,24.19,24.0,-5.5,7019216.0,161341330.0,-3.1728
2026-07-30,605136,丽人丽妆,881177,互联网电商,8.36,8.02,-5.02,27692923.0,222439440.0,-0.0636
2026-07-30,605138,盛泰集团,881136,服装家纺,5.45,5.49,0.55,4878100.0,26838011.0,-0.2245
2026-07-30,605151,西上海,881126,汽车零部件,16.53,16.73,-1.33,2015800.0,33123866.0,-0.8733
2026-07-30,605155,西大门,881139,家居用品,12.88,12.88,-0.39,3181400.0,40993233.0,-0.1861
2026-07-30,605158,华达新材,881114,金属新材料,6.65,6.63,-0.75,2249300.0,14956749.0,-0.0644
2026-07-30,605162,新中港,881145,电力,8.74,8.58,-6.29,37829597.0,316506680.0,-0.0179
2026-07-30,605166,聚合顺,881264,化学纤维,8.37,8.34,-0.48,3516494.0,29390110.0,-0.4045
2026-07-30,605167,利柏特,881116,建筑装饰,12.94,12.9,-1.08,4948800.0,63945960.0,-0.8002
2026-07-30,605168,三人行,881164,文化传媒,33.68,33.5,-6.65,5505058.0,178386220.0,-4.4203
2026-07-30,605169,洪通燃气,881146,燃气,9.86,9.76,-0.81,2828200.0,27888751.0,-0.0383
2026-07-30,605177,东亚药业,881140,化学制药,15.32,15.34,-1.44,2398000.0,36750715.0,-0.9325
2026-07-30,605178,时空科技,881116,建筑装饰,59.9,59.8,-10.0,4772600.0,265278820.0,-7.0262
2026-07-30,605179,一鸣食品,881133,饮料制造,16.01,17.61,9.99,2784500.0,49035045.0,0.4653
2026-07-30,605180,华生科技,881135,纺织制造,11.02,11.02,-0.18,1767900.0,19636316.0,-0.5528
2026-07-30,605183,确成股份,881266,橡胶制品,14.26,14.26,1.4,1451700.0,20923749.0,-0.2519
2026-07-30,605186,健麾信息,881171,自动化设备,23.18,22.83,-4.66,3452557.0,77114505.0,-2.2639
2026-07-30,605188,国光连锁,881158,零售,12.55,12.74,-1.12,30449900.0,390169610.0,-0.2142
2026-07-30,605189,富春染织,881135,纺织制造,15.3,15.16,6.54,31174607.0,492402720.0,0.3678
2026-07-30,605196,华通线缆,881278,电网设备,32.82,32.0,-3.53,29280999.0,951112910.0,0.2175
2026-07-30,605198,安德利,881133,饮料制造,56.15,55.46,-7.78,4494100.0,245086620.0,-2.3634
2026-07-30,605199,ST葫芦娃,881141,中药,5.64,5.66,1.42,1794512.0,10401695.0,-0.1139
2026-07-30,605208,永茂泰,881168,工业金属,11.6,11.6,-6.29,16018072.0,180879100.0,-1.2893
2026-07-30,605218,伟时电子,881122,光学光电子,12.77,12.7,-4.46,3037000.0,37801073.0,-1.0801
2026-07-30,605222,起帆电缆,881278,电网设备,18.64,19.01,-4.24,8422400.0,152934170.0,-1.7923
2026-07-30,605228,神通科技,881126,汽车零部件,10.38,10.29,-3.85,8790873.0,89095887.0,-0.9325
2026-07-30,605255,天普股份,881126,汽车零部件,75.8,68.25,-10.0,1457056.0,100291290.0,-2.0863
2026-07-30,605258,协和电子,881270,元件,24.23,24.0,-4.09,1848888.0,43740164.0,-2.4018
2026-07-30,605259,绿田机械,881118,专用设备,17.7,17.7,0.85,738140.0,13202950.0,-0.1969
2026-07-30,605266,健之佳,881143,医药商业,16.33,16.35,1.47,1509921.0,24922340.0,0.0011
2026-07-30,605268,王力安防,881139,家居用品,8.99,9.03,-0.44,2619820.0,23653004.0,-0.1956
2026-07-30,605277,新亚电子,881124,消费电子,14.65,14.51,-1.09,4497644.0,65493812.0,-0.9309
2026-07-30,605286,同力天启,881118,专用设备,22.44,22.17,-3.12,1846000.0,40810554.0,-1.8769
2026-07-30,605287,德才股份,881116,建筑装饰,33.36,33.54,-5.4,5684260.0,185212810.0,-3.1114
2026-07-30,605288,凯迪股份,881171,自动化设备,58.92,58.5,-9.98,1243860.0,68542962.0,-4.1961
2026-07-30,605289,罗曼股份,881116,建筑装饰,86.6,86.6,-9.99,6704880.0,542573540.0,-9.977
2026-07-30,605296,神农集团,881102,养殖业,29.57,29.58,1.05,3934490.0,118302679.0,0.5445
2026-07-30,605298,必得科技,881269,轨交设备,45.46,44.91,-4.75,1159839.0,50795829.0,-2.1456
2026-07-30,605299,舒华体育,881139,家居用品,11.57,11.43,-4.93,19634015.0,221114890.0,-0.9289
2026-07-30,605300,佳禾食品,881133,饮料制造,9.41,9.41,0.43,7651201.0,73299883.0,-0.0367
2026-07-30,605303,园林股份,881116,建筑装饰,18.58,18.41,-6.89,3278200.0,58425511.0,-1.7886
2026-07-30,605305,中际联合,881268,工程机械,39.9,39.56,-0.93,4300985.0,171906180.0,-0.7164
2026-07-30,605318,法狮龙,881115,建筑材料,72.74,72.44,-8.36,1762700.0,120938388.0,-9.1217
2026-07-30,605319,无锡振华,881126,汽车零部件,22.57,22.65,0.0,2245820.0,50381601.0,-0.5682
2026-07-30,605333,沪光股份,881126,汽车零部件,16.78,16.75,2.56,3437338.0,58807599.0,-0.4597
2026-07-30,605336,*ST帅电,881174,厨卫电器,10.03,10.15,-2.59,728411.0,7215528.0,-1.1095
2026-07-30,605337,李子园,881133,饮料制造,9.75,9.82,-1.54,23749924.0,235084570.0,0.0821
2026-07-30,605338,巴比食品,881134,食品加工制造,19.12,19.07,0.84,3979889.0,77865635.0,-0.1034
2026-07-30,605339,南侨食品,881134,食品加工制造,13.02,13.06,-3.99,6443333.0,82750138.0,-0.203
2026-07-30,605358,立昂微,881121,半导体,39.41,39.56,-9.46,49293966.0,1822100400.0,-6.7342
2026-07-30,605365,立达信,881122,光学光电子,13.17,13.11,-2.43,3733830.0,48784466.0,-0.7687
2026-07-30,605366,宏柏新材,881109,化学制品,7.16,7.18,-4.47,24866949.0,171498160.0,-1.1607
2026-07-30,605368,蓝天燃气,881146,燃气,6.73,6.73,0.0,5448600.0,36777589.0,0.0064
2026-07-30,605369,拱东医疗,881144,医疗器械,15.94,15.9,-0.25,1176760.0,18806261.0,-0.5529
2026-07-30,605376,博迁新材,881267,能源金属,144.58,144.65,-7.93,21233953.0,2925309100.0,-18.8164
2026-07-30,605377,华旺科技,881137,造纸,8.93,8.88,-3.36,7699656.0,67788739.0,-0.0396
2026-07-30,605378,野马电池,881281,电池,13.35,13.3,2.85,5774636.0,79688486.0,-0.5515
2026-07-30,605388,均瑶健康,881133,饮料制造,5.56,5.86,10.07,14819904.0,89647630.0,0.0186
2026-07-30,605389,长龄液压,881268,工程机械,69.61,70.0,-6.26,1158370.0,77187362.0,-5.8786
2026-07-30,605398,新炬网络,881271,IT服务,19.42,19.23,-1.03,1365240.0,26623612.0,-0.7505
2026-07-30,605399,晨光新材,881109,化学制品,9.95,9.86,-1.41,3998520.0,39602683.0,-1.0677
2026-07-30,605488,福莱新材,881265,塑料制品,23.39,23.13,-3.59,5359340.0,121692772.0,-2.412
2026-07-30,605499,东鹏饮料,881133,饮料制造,142.56,140.53,-3.06,15500736.0,2187115000.0,2.1138
2026-07-30,605500,森林包装,881137,造纸,6.47,6.41,-0.15,4876746.0,31692565.0,-0.1672
2026-07-30,605507,国邦医药,881140,化学制药,16.29,16.18,0.06,4720820.0,76890102.0,0.1504
2026-07-30,605555,德昌股份,881173,小家电,11.27,11.18,-0.71,4173415.0,47334451.0,-0.6814
2026-07-30,605566,福莱蒽特,881109,化学制品,23.22,22.95,-6.85,4533349.0,100481666.0,-3.9511
2026-07-30,605567,春雪食品,881134,食品加工制造,8.27,8.28,0.6,5057146.0,42420477.0,-0.1795
2026-07-30,605577,龙版传媒,881164,文化传媒,9.42,9.42,1.59,3256000.0,31195487.0,-0.0451
2026-07-30,605580,恒盛能源,881145,电力,16.58,16.5,-3.38,5954200.0,96949098.0,-2.3463
2026-07-30,605588,冠石科技,881122,光学光电子,40.22,39.63,-5.62,1925200.0,74748238.0,-5.4628
2026-07-30,605589,圣泉集团,881265,塑料制品,35.23,34.83,-5.88,36145147.0,1219031760.0,-5.7992
2026-07-30,605598,上海港湾,881116,建筑装饰,24.71,24.63,-4.21,4619500.0,110936488.0,-3.9161
2026-07-30,605599,菜百股份,881136,服装家纺,15.93,15.8,4.83,11286478.0,186098060.0,0.3379
2026-07-30,688001,华兴源创,881118,专用设备,46.16,46.52,-9.01,10701163.0,459892910.0,-6.7373
2026-07-30,688002,睿创微纳,881276,军工电子,145.99,144.24,-7.12,18080628.0,2461532400.0,0.4068
2026-07-30,688003,天准科技,881171,自动化设备,69.96,70.86,-7.88,7857491.0,520805520.0,-9.8121
2026-07-30,688004,博汇科技,881271,IT服务,21.06,21.34,1.04,3265763.0,71099707.0,0.4133
2026-07-30,688005,容百科技,881281,电池,27.76,27.51,0.0,13409399.0,372950690.0,-0.9216
2026-07-30,688006,杭可科技,881281,电池,20.9,20.87,-2.11,11070737.0,227837110.0,-3.2013
2026-07-30,688007,光峰科技,881124,消费电子,10.29,10.23,-2.72,6163699.0,62684925.0,-0.7619
2026-07-30,688008,澜起科技,881121,半导体,207.5,205.0,-5.17,58750078.0,11830317600.0,-13.6421
2026-07-30,688009,中国通号,881269,轨交设备,5.3,5.28,0.94,47233660.0,251770310.0,0.0842
2026-07-30,688010,福光股份,881122,光学光电子,24.84,24.56,-6.92,5757081.0,137598630.0,-4.4488
2026-07-30,688011,新光光电,881276,军工电子,62.62,62.3,-3.08,1018146.0,63249382.0,0.0614
2026-07-30,688012,中微公司,881121,半导体,360.0,350.01,-3.75,33968727.0,11903850000.0,-1.4899
2026-07-30,688013,天臣医疗,881144,医疗器械,22.89,22.89,2.01,1517289.0,34914546.0,-0.9765
2026-07-30,688015,交控科技,881269,轨交设备,15.05,14.91,-0.13,1399085.0,21169918.0,-0.4868
2026-07-30,688016,心脉医疗,881144,医疗器械,93.82,93.48,-0.99,1543043.0,143964310.0,-0.1517
2026-07-30,688017,绿的谐波,881171,自动化设备,283.66,283.0,-7.99,12126968.0,3262824800.0,-26.9862
2026-07-30,688018,乐鑫科技,881121,半导体,97.28,96.04,-5.55,8780299.0,810125960.0,-6.3281
2026-07-30,688019,安集科技,881172,电子化学品,254.81,247.06,-9.95,10039923.0,2382903600.0,-5.9792
2026-07-30,688020,方邦股份,881172,电子化学品,105.38,106.22,-11.37,5172958.0,507327540.0,-26.6492
2026-07-30,688021,奥福科技,881126,汽车零部件,18.13,18.3,-1.6,1524628.0,27597258.0,-1.0972
2026-07-30,688022,ST瀚川,881118,专用设备,7.56,7.58,0.26,2225039.0,16973769.0,-0.2608
2026-07-30,688023,安恒信息,881272,软件开发,35.79,35.81,-2.35,2827312.0,101706854.0,-0.7211
2026-07-30,688025,杰普特,881171,自动化设备,298.6,289.99,-14.8,5891566.0,1563964100.0,-32.287
2026-07-30,688026,洁特生物,881144,医疗器械,12.2,12.17,0.57,2079611.0,25549074.0,-0.7365
2026-07-30,688027,国盾量子,881129,通信设备,384.98,380.5,-1.42,2164763.0,824991280.0,-31.4202
2026-07-30,688028,沃尔德,881117,通用设备,70.18,70.8,-12.67,9789393.0,628061060.0,-15.2387
2026-07-30,688029,南微医学,881144,医疗器械,72.91,72.91,0.45,1920777.0,140997700.0,-0.4297
2026-07-30,688030,山石网科,881272,软件开发,14.53,14.51,-2.34,3902288.0,57142463.0,-0.4512
2026-07-30,688031,星环科技,881272,软件开发,82.25,82.28,-2.33,5325236.0,445235870.0,-9.1306
2026-07-30,688032,禾迈股份,881279,光伏设备,76.65,76.01,2.22,1320373.0,103973950.0,-2.7737
2026-07-30,688033,*ST天宜,881279,光伏设备,6.25,6.23,-1.6,2653193.0,16420903.0,-0.165
2026-07-30,688035,德邦科技,881172,电子化学品,56.29,56.07,-6.38,5572051.0,299862100.0,-8.5985
2026-07-30,688036,传音控股,881124,消费电子,65.69,65.48,0.09,18948629.0,1239027770.0,1.4126
2026-07-30,688037,芯源微,881121,半导体,335.01,329.89,-14.69,8863156.0,2685071000.0,-2.3633
2026-07-30,688038,中科通达,881272,软件开发,17.24,17.06,-11.72,4518416.0,73151705.0,-0.5301
2026-07-30,688039,当虹科技,881271,IT服务,31.54,31.1,-1.65,2049582.0,65174642.0,-2.5676
2026-07-30,688041,海光信息,881121,半导体,284.0,284.58,-3.73,29242315.0,8000007300.0,-9.3609
2026-07-30,688045,必易微,881121,半导体,47.57,47.46,-6.33,1949708.0,88491775.0,-6.5724
2026-07-30,688046,药康生物,881175,医疗服务,25.38,25.1,-8.35,10213523.0,243667700.0,0.9092
2026-07-30,688047,龙芯中科,881121,半导体,104.68,103.0,-2.7,5154250.0,533669930.0,-11.0206
2026-07-30,688048,长光华芯,881121,半导体,251.1,247.5,-15.17,18352863.0,4082109100.0,-42.2026
2026-07-30,688049,炬芯科技,881121,半导体,42.67,41.86,-11.74,14425252.0,568862090.0,-0.9242
2026-07-30,688050,爱博医疗,881144,医疗器械,41.0,41.0,2.98,3465403.0,145771210.0,0.0386
2026-07-30,688051,佳华科技,881271,IT服务,21.42,21.17,-0.23,1620875.0,35160177.0,-1.6479
2026-07-30,688052,纳芯微,881121,半导体,197.55,194.0,-7.91,3601150.0,666222690.0,-16.5585
2026-07-30,688053,ST思科瑞,881276,军工电子,30.27,30.3,-0.89,474663.0,14292456.0,-2.2106
2026-07-30,688055,龙腾光电,881122,光学光电子,3.82,3.78,-3.4,12393781.0,46410386.0,-0.3245
2026-07-30,688056,莱伯泰科,881117,通用设备,35.66,35.8,-4.37,2058071.0,70965946.0,-5.1094
2026-07-30,688057,金达莱,881181,环境治理,16.4,16.25,-8.6,8462813.0,132133314.0,0.2617
2026-07-30,688058,宝兰德,881272,软件开发,19.82,20.16,1.77,1352551.0,27664831.0,-0.8336
2026-07-30,688059,华锐精密,881117,通用设备,74.94,74.94,-8.71,5853705.0,413387270.0,-14.9039
2026-07-30,688060,云涌科技,881130,计算机设备,31.36,31.17,-2.65,394360.0,12308574.0,-1.4576
2026-07-30,688061,灿瑞科技,881121,半导体,34.09,34.09,-7.8,2411747.0,77442343.0,-2.8202
2026-07-30,688062,迈威生物,881142,生物制品,30.04,29.93,-4.96,9109454.0,265859630.0,-0.0336
2026-07-30,688063,派能科技,881281,电池,43.92,43.46,-0.66,5320994.0,232956250.0,-3.4456
2026-07-30,688065,凯赛生物,881109,化学制品,45.75,45.82,0.61,5350924.0,244454170.0,-0.2073
2026-07-30,688066,*ST航图,881166,军工装备,7.78,7.85,-2.96,5307465.0,40566440.0,-1.2108
2026-07-30,688067,爱威科技,881144,医疗器械,19.36,19.4,0.62,838391.0,16449868.0,-0.7772
2026-07-30,688068,热景生物,881144,医疗器械,110.51,109.8,-6.7,3550327.0,381012650.0,2.8089
2026-07-30,688069,德林海,881181,环境治理,33.88,33.67,-7.02,2669787.0,86280591.0,-1.2553
2026-07-30,688070,纵横股份,881166,军工装备,32.35,32.21,-3.55,906588.0,28871335.0,-2.0354
2026-07-30,688071,华依科技,881118,专用设备,36.2,35.76,6.69,5640338.0,210261760.0,0.5825
2026-07-30,688072,拓荆科技,881121,半导体,700.87,682.0,-8.4,8224294.0,5561420400.0,12.2414
2026-07-30,688073,毕得医药,881175,医疗服务,47.86,47.4,-5.6,2419809.0,110804575.0,-1.1891
2026-07-30,688075,安旭生物,881144,医疗器械,27.77,27.69,-1.33,601383.0,16653773.0,-0.8498
2026-07-30,688076,ST诺泰,881140,化学制药,27.02,26.78,-2.33,1457549.0,38854485.0,-0.4768
2026-07-30,688077,大地熊,881114,金属新材料,23.09,22.85,-2.34,1723134.0,39378442.0,-1.6634
2026-07-30,688078,龙软科技,881272,软件开发,21.0,20.99,0.33,940822.0,19956815.0,-0.3811
2026-07-30,688079,美迪凯,881122,光学光电子,13.4,13.4,-8.21,16018283.0,202764430.0,-3.1422
2026-07-30,688080,映翰通,881129,通信设备,33.11,32.91,-1.42,940026.0,30890581.0,-2.1352
2026-07-30,688081,兴图新科,881276,军工电子,27.19,27.19,-6.4,2018919.0,52510155.0,-4.6075
2026-07-30,688082,盛美上海,881121,半导体,277.7,278.0,-5.61,6457265.0,1740923600.0,-17.5348
2026-07-30,688083,中望软件,881272,软件开发,45.6,45.6,-1.23,4151990.0,190312350.0,-4.0496
2026-07-30,688084,晶品特装,881276,军工电子,39.33,39.14,-3.92,1618405.0,62402674.0,-3.2854
2026-07-30,688085,三友医疗,881144,医疗器械,12.7,12.69,-1.18,3264828.0,41462388.0,-0.1227
2026-07-30,688087,英科再生,881139,家居用品,38.94,38.62,1.95,4742168.0,186624050.0,0.2466
2026-07-30,688088,虹软科技,881271,IT服务,31.23,31.5,0.22,7262481.0,231203020.0,-1.5621
2026-07-30,688089,ST嘉必优,881109,化学制品,7.14,7.05,-2.24,9580049.0,67771970.0,-0.9928
2026-07-30,688090,瑞松科技,881171,自动化设备,53.2,52.99,-14.49,13493683.0,639018670.0,-10.099
2026-07-30,688091,上海谊众,881140,化学制药,36.8,36.9,-2.88,3160163.0,114804817.0,-2.0248
2026-07-30,688092,爱科科技,881118,专用设备,20.53,20.67,-1.12,554767.0,11350503.0,-0.9286
2026-07-30,688093,世华科技,881123,其他电子,26.16,25.76,-1.34,2301192.0,60432316.0,-1.6151
2026-07-30,688095,福昕软件,881272,软件开发,51.32,52.5,8.85,6556890.0,368942500.0,-3.0747
2026-07-30,688096,京源环保,881181,环境治理,7.75,7.65,-2.71,13906496.0,110568171.0,-1.149
2026-07-30,688097,博众精工,881171,自动化设备,40.51,40.53,-4.69,7398563.0,289157860.0,-5.3544
2026-07-30,688098,申联生物,881102,养殖业,8.24,8.15,-2.31,2034079.0,16527803.0,-0.1769
2026-07-30,688099,晶晨股份,881121,半导体,96.7,95.94,-5.9,19734582.0,1826896400.0,-1.3517
2026-07-30,688100,威胜信息,881129,通信设备,29.08,28.99,1.72,4609526.0,136312620.0,-0.6606
2026-07-30,688101,三达膜,881181,环境治理,15.06,14.98,-1.39,4823132.0,72034097.0,-0.6731
2026-07-30,688102,斯瑞新材,881114,金属新材料,27.8,27.98,-3.78,11763487.0,320546790.0,-3.9825
2026-07-30,688103,国力电子,881123,其他电子,61.32,60.7,-5.09,6729986.0,413611320.0,-2.3493
2026-07-30,688105,诺唯赞,881142,生物制品,18.15,18.35,-5.95,7587752.0,132767097.0,0.354
2026-07-30,688106,金宏气体,881172,电子化学品,28.15,28.15,-9.13,30901115.0,816902280.0,-1.9279
2026-07-30,688107,安路科技,881121,半导体,28.55,28.82,-4.38,9491322.0,266095880.0,-3.7083
2026-07-30,688108,赛诺医疗,881144,医疗器械,15.8,15.79,-2.78,8899171.0,138885450.0,-1.0406
2026-07-30,688109,品茗科技,881272,软件开发,68.0,68.0,-5.63,1111171.0,74122876.0,-3.8182
2026-07-30,688110,东芯股份,881121,半导体,107.51,105.0,-5.57,20702162.0,2139748200.0,-14.7817
2026-07-30,688111,金山办公,881272,软件开发,245.58,244.55,2.69,12675928.0,3219855600.0,5.5851
2026-07-30,688112,鼎阳科技,881117,通用设备,46.79,46.57,-6.86,2764512.0,122582572.0,-6.7749
2026-07-30,688113,联测科技,881118,专用设备,32.8,32.78,-1.95,579782.0,18842202.0,-1.4195
2026-07-30,688114,华大智造,881144,医疗器械,48.7,48.34,-2.69,3481382.0,166840950.0,-1.0546
2026-07-30,688115,思林杰,881117,通用设备,46.0,45.35,-8.54,2414845.0,103742766.0,-0.6515
2026-07-30,688116,天奈科技,881281,电池,33.1,32.82,1.69,8111266.0,273192760.0,-1.6539
2026-07-30,688117,圣诺生物,881140,化学制药,23.15,23.03,-4.58,6266549.0,141382530.0,-0.9612
2026-07-30,688118,普元信息,881272,软件开发,18.58,18.76,-0.54,2260146.0,42435606.0,-0.8786
2026-07-30,688119,中钢洛耐,881115,建筑材料,3.88,3.82,-2.06,10666039.0,41068052.0,-0.2204
2026-07-30,688120,华海清科,881121,半导体,268.7,262.0,-0.16,20370225.0,5354909100.0,3.9461
2026-07-30,688121,*ST卓然,881118,专用设备,2.48,2.5,-0.4,14703883.0,37218387.0,-1.6874
2026-07-30,688122,西部超导,881166,军工装备,52.07,51.8,1.86,12090435.0,638967220.0,-1.6686
2026-07-30,688123,聚辰股份,881121,半导体,115.2,113.99,-3.93,12137494.0,1367378800.0,-14.8202
2026-07-30,688125,安达智能,881171,自动化设备,101.1,98.58,-9.32,1575560.0,149269230.0,-18.9784
2026-07-30,688126,沪硅产业,881121,半导体,24.34,24.25,-6.94,98699974.0,2311925100.0,-2.2784
2026-07-30,688127,蓝特光学,881122,光学光电子,59.69,59.24,-5.19,7948246.0,457770210.0,-6.924
2026-07-30,688128,中国电研,881118,专用设备,21.93,21.82,0.41,2292622.0,50674028.0,-0.7454
2026-07-30,688129,东来技术,881109,化学制品,19.91,19.82,0.55,1821925.0,37054330.0,-1.6899
2026-07-30,688130,晶华微,881121,半导体,18.56,18.23,-2.91,1636044.0,29553720.0,-2.4604
2026-07-30,688131,皓元医药,881175,医疗服务,78.0,78.0,-2.12,5665105.0,428313000.0,-2.8336
2026-07-30,688132,邦彦技术,881276,军工电子,12.42,12.49,-0.64,1075114.0,13526183.0,-0.5008
2026-07-30,688133,泰坦科技,881109,化学制品,20.35,20.25,-4.82,5262510.0,102812926.0,-0.1948
2026-07-30,688135,利扬芯片,881121,半导体,21.44,21.53,-7.32,14238414.0,290809460.0,-4.7485
2026-07-30,688136,科兴制药,881142,生物制品,17.73,17.65,-3.78,4811100.0,83666433.0,-0.8277
2026-07-30,688137,近岸蛋白,881142,生物制品,34.76,34.76,-0.6,682522.0,23693459.0,-1.1698
2026-07-30,688138,清溢光电,881121,半导体,28.82,28.39,-7.39,9960732.0,273923940.0,-3.1532
2026-07-30,688139,海尔生物,881144,医疗器械,27.89,27.8,1.04,3195391.0,89920915.0,-0.0615
2026-07-30,688141,杰华特,881121,半导体,113.63,113.01,-13.34,22871228.0,2359940700.0,-5.4663
2026-07-30,688143,长盈通,881129,通信设备,88.46,88.92,-9.74,8117154.0,670374400.0,-19.8718
2026-07-30,688146,中船特气,881172,电子化学品,301.17,295.15,-5.49,25926538.0,7393992000.0,-1.5923
2026-07-30,688147,微导纳米,881121,半导体,95.62,95.6,-15.19,18833979.0,1605953100.0,-5.3523
2026-07-30,688148,芳源股份,881281,电池,6.61,6.6,-0.3,14525044.0,95958013.0,-0.5918
2026-07-30,688150,莱特光电,881172,电子化学品,35.35,35.2,-8.66,11725763.0,390417790.0,-5.7069
2026-07-30,688151,华强科技,881144,医疗器械,16.06,15.98,-2.8,7055433.0,113136662.0,-0.041
2026-07-30,688152,麒麟信安,881272,软件开发,26.11,26.09,-1.69,1213785.0,31848032.0,-1.0613
2026-07-30,688153,唯捷创芯,881121,半导体,24.94,24.85,-6.46,7314522.0,174691360.0,-1.9235
2026-07-30,688155,先惠技术,881281,电池,58.89,58.51,-1.51,2776621.0,161768400.0,-5.6435
2026-07-30,688156,路德科技,881103,农产品加工,18.57,18.74,-4.9,3277247.0,59325804.0,-2.4566
2026-07-30,688157,松井股份,881109,化学制品,18.49,18.21,-1.89,3077910.0,57212141.0,-1.2784
2026-07-30,688158,优刻得,881271,IT服务,27.93,27.66,-4.83,16660715.0,453413060.0,-2.4845
2026-07-30,688159,有方科技,881129,通信设备,30.11,29.73,-5.55,3147104.0,91349301.0,-3.7839
2026-07-30,688160,步科股份,881171,自动化设备,103.77,102.55,-3.51,2052168.0,206940030.0,-4.0441
2026-07-30,688161,威高骨科,881144,医疗器械,20.98,20.81,0.0,1004248.0,21175802.0,-0.5328
2026-07-30,688162,巨一科技,881118,专用设备,21.15,20.98,-2.7,1273126.0,26679747.0,-1.3635
2026-07-30,688163,赛伦生物,881142,生物制品,28.42,28.33,-9.01,1613351.0,43144347.0,-3.8984
2026-07-30,688165,埃夫特,881171,自动化设备,15.91,15.76,-4.71,7305015.0,113054311.0,-1.211
2026-07-30,688166,博瑞医药,881140,化学制药,33.54,33.01,-5.1,14587175.0,473618860.0,-1.5284
2026-07-30,688167,炬光科技,881121,半导体,181.9,181.26,-13.24,11951568.0,1984438100.0,-36.4794
2026-07-30,688168,安博通,881272,软件开发,34.3,34.2,-8.45,4483099.0,145972870.0,-7.8011
2026-07-30,688169,石头科技,881173,小家电,111.15,110.05,2.38,8961464.0,1015365750.0,1.8188
2026-07-30,688170,德龙激光,881171,自动化设备,44.38,44.38,-7.03,4606255.0,194929840.0,-8.4935
2026-07-30,688171,纬德信息,881272,软件开发,25.36,25.13,-4.46,2527534.0,62071376.0,-1.8702
2026-07-30,688172,燕东微,881121,半导体,52.65,52.31,-8.95,18534935.0,900736150.0,-5.058
2026-07-30,688173,希荻微,881121,半导体,12.35,12.29,-4.21,11227895.0,134202670.0,-1.4578
2026-07-30,688175,高凌信息,881276,军工电子,16.05,17.0,2.18,7533464.0,127725399.0,-2.7181
2026-07-30,688176,亚虹医药,881140,化学制药,11.99,11.94,-6.84,18256802.0,210632390.0,0.1276
2026-07-30,688177,百奥泰,881142,生物制品,17.09,17.08,-0.06,2828848.0,48283438.0,-0.2402
2026-07-30,688178,万德斯,881181,环境治理,24.7,24.65,-6.92,1825537.0,43411670.0,-3.0537
2026-07-30,688179,阿拉丁,881109,化学制品,16.99,16.99,-6.59,9915609.0,161238690.0,-1.9735
2026-07-30,688180,君实生物,881142,生物制品,36.04,35.8,-0.83,14752373.0,522793050.0,0.4729
2026-07-30,688181,八亿时空,881122,光学光电子,35.23,35.0,-5.48,5688313.0,194176020.0,-3.721
2026-07-30,688182,灿勤科技,881129,通信设备,23.93,23.03,-7.94,6679927.0,151740440.0,-3.9485
2026-07-30,688183,生益电子,881270,元件,92.91,89.77,-11.31,17972628.0,1533145400.0,-8.9585
2026-07-30,688184,ST帕瓦,881281,电池,10.49,10.4,-0.76,452479.0,4708781.0,-0.3809
2026-07-30,688185,康希诺,881142,生物制品,49.51,49.0,-0.06,1658963.0,82063061.0,-0.8461
2026-07-30,688186,广大特材,881280,风电设备,13.85,13.8,-0.29,3790239.0,52663409.0,-0.7125
2026-07-30,688187,时代电气,881269,轨交设备,46.99,46.52,0.47,7533908.0,353438350.0,-2.74
2026-07-30,688188,柏楚电子,881171,自动化设备,102.12,101.25,3.14,4288783.0,445971730.0,-1.3363
2026-07-30,688189,ST南新,881140,化学制药,6.53,6.52,-4.29,5294138.0,33623795.0,-0.113
2026-07-30,688190,云路股份,881114,金属新材料,68.0,67.41,-2.07,1040268.0,69921576.0,-6.6864
2026-07-30,688191,智洋创新,881271,IT服务,18.18,18.54,-8.86,9991195.0,171549030.0,-4.0571
2026-07-30,688192,迪哲医药,881140,化学制药,53.33,52.7,-4.07,8216683.0,426406300.0,2.3707
2026-07-30,688193,仁度生物,881144,医疗器械,43.19,43.19,0.19,363909.0,16030950.0,-2.5432
2026-07-30,688195,腾景科技,881122,光学光电子,112.89,111.77,-10.77,8370781.0,871701140.0,-21.4986
2026-07-30,688196,卓越新能,881109,化学制品,33.04,33.0,0.64,1880490.0,63442977.0,-1.477
2026-07-30,688197,首药控股,881140,化学制药,33.9,34.44,-6.02,2625389.0,85098371.0,-0.6098
2026-07-30,688198,佰仁医疗,881144,医疗器械,80.91,81.46,0.3,586013.0,47916212.0,-1.8813
2026-07-30,688199,久日新材,881109,化学制品,21.12,20.57,-6.16,6191441.0,124786606.0,-2.6749
2026-07-30,688200,华峰测控,881121,半导体,360.82,357.06,-6.88,7385026.0,2564798500.0,-15.0885
2026-07-30,688201,ST信安,881272,软件开发,6.81,6.84,-0.15,2041101.0,13933358.0,-0.2102
2026-07-30,688202,美迪西,881175,医疗服务,78.98,78.94,-9.43,6966223.0,514350170.0,2.2812
2026-07-30,688203,海正生材,881265,塑料制品,9.24,9.2,-0.54,2711753.0,25069285.0,-0.4872
2026-07-30,688205,德科立,881129,通信设备,121.82,121.72,-11.39,8636545.0,961413550.0,-23.7824
2026-07-30,688206,概伦电子,881272,软件开发,32.46,32.12,-5.64,6333202.0,196723700.0,-2.7643
2026-07-30,688207,格灵深瞳,881271,IT服务,15.67,15.33,-6.13,11412557.0,172125530.0,-1.2512
2026-07-30,688208,道通科技,881130,计算机设备,27.54,27.05,3.12,20414210.0,580468120.0,-0.0465
2026-07-30,688209,英集芯,881121,半导体,21.14,20.85,-6.43,12549314.0,253425530.0,-1.3002
2026-07-30,688210,统联精密,881124,消费电子,25.73,25.5,-7.58,4016565.0,99535008.0,-4.1307
2026-07-30,688211,中科微至,881117,通用设备,28.45,28.46,-1.23,449202.0,12637928.0,-1.6852
2026-07-30,688212,澳华内镜,881144,医疗器械,26.45,26.03,2.08,3495769.0,95570564.0,-0.8885
2026-07-30,688213,思特威,881121,半导体,95.82,95.0,-3.92,8897131.0,828929510.0,-1.5464
2026-07-30,688215,瑞晟智能,881171,自动化设备,31.41,30.71,-4.74,1366259.0,41470000.0,-3.0438
2026-07-30,688216,气派科技,881121,半导体,26.24,26.24,-8.92,6762904.0,167751500.0,-3.1589
2026-07-30,688217,睿昂基因,881144,医疗器械,20.17,20.24,0.15,956607.0,19339564.0,-0.8987
2026-07-30,688218,江苏北人,881171,自动化设备,32.69,32.65,-6.18,6576758.0,204369000.0,-3.8269
2026-07-30,688219,会通股份,881265,塑料制品,10.5,10.42,-0.19,5399561.0,56557351.0,-0.4297
2026-07-30,688220,翱捷科技,881121,半导体,106.95,104.48,-13.43,12734647.0,1221603450.0,-1.3937
2026-07-30,688221,前沿生物,881140,化学制药,18.98,18.93,-9.38,18253282.0,325952470.0,-0.9948
2026-07-30,688222,成都先导,881175,医疗服务,28.74,28.34,-8.49,15580603.0,425262420.0,-0.7977
2026-07-30,688223,晶科能源,881279,光伏设备,4.27,4.24,1.87,125754640.0,547160070.0,-0.2028
2026-07-30,688225,亚信安全,881272,软件开发,11.83,11.86,-6.09,7808290.0,90334813.0,-0.4964
2026-07-30,688226,威腾电气,881278,电网设备,27.01,26.87,-7.07,5833495.0,150759070.0,-4.4904
2026-07-30,688227,品高股份,881271,IT服务,66.76,66.67,-7.14,4383124.0,276888920.0,-7.6179
2026-07-30,688228,开普云,881271,IT服务,61.38,61.0,-2.77,1753568.0,107975212.0,-5.9032
2026-07-30,688229,博睿数据,881271,IT服务,60.15,61.1,-2.24,787270.0,48500598.0,-6.1753
2026-07-30,688230,芯导科技,881121,半导体,50.2,49.52,-6.83,1577206.0,75565844.0,-6.0174
2026-07-30,688231,隆达股份,881166,军工装备,23.96,24.18,-7.55,6583660.0,150900120.0,-3.1616
2026-07-30,688232,新点软件,881272,软件开发,17.49,17.48,1.26,2854035.0,50928188.0,-0.3833
2026-07-30,688233,神工股份,881121,半导体,100.28,99.98,-10.44,11101147.0,1047144360.0,-12.6808
2026-07-30,688234,天岳先进,881121,半导体,90.39,89.6,-10.0,16352079.0,1390330900.0,-15.6277
2026-07-30,688235,百济神州,881140,化学制药,268.6,268.0,-3.38,4372109.0,1142700010.0,5.6273
2026-07-30,688236,春立医疗,881144,医疗器械,14.2,14.3,-0.77,2126730.0,30500542.0,-0.3608
2026-07-30,688237,超卓航科,881166,军工装备,67.9,67.94,-19.07,6533860.0,383710460.0,2.9326
2026-07-30,688238,和元生物,881175,医疗服务,5.54,5.49,-3.07,12412007.0,67417640.0,-0.0997
2026-07-30,688239,航宇科技,881166,军工装备,41.59,41.17,-4.23,4025798.0,162977340.0,-4.4791
2026-07-30,688244,永信至诚,881272,软件开发,13.95,13.67,-0.93,2322014.0,32686716.0,-0.524
2026-07-30,688246,嘉和美康,881272,软件开发,16.6,16.61,-2.83,2472753.0,40561401.0,-1.4665
2026-07-30,688247,宣泰医药,881140,化学制药,8.26,8.22,-2.06,4125680.0,33844184.0,-0.0512
2026-07-30,688248,南网科技,881145,电力,43.25,42.41,-3.93,3453201.0,145337920.0,-4.5219
2026-07-30,688249,晶合集成,881121,半导体,39.69,39.48,-9.5,44501368.0,1651676400.0,-2.9732
2026-07-30,688251,井松智能,881117,通用设备,19.06,19.19,-2.94,2030742.0,38367775.0,-1.7158
2026-07-30,688252,天德钰,881121,半导体,17.5,17.23,-3.31,5720726.0,97467167.0,-1.4728
2026-07-30,688253,英诺特,881144,医疗器械,57.27,56.99,-5.71,2240936.0,121183774.0,-0.6244
2026-07-30,688255,凯尔达,881171,自动化设备,23.16,22.78,-5.57,3763426.0,84162548.0,-1.7087
2026-07-30,688256,寒武纪,881121,半导体,1146.9,1115.0,-9.11,18860403.0,19917927000.0,-65.4142
2026-07-30,688257,新锐股份,881117,通用设备,53.55,53.85,-10.76,20575048.0,1019021120.0,-9.3724
2026-07-30,688258,卓易信息,881271,IT服务,91.44,91.4,-4.65,3483481.0,317437500.0,-9.2474
2026-07-30,688259,创耀科技,881121,半导体,28.37,27.95,-2.26,1473304.0,40965859.0,-2.6669
2026-07-30,688260,昀冢科技,881124,消费电子,88.51,91.0,16.16,13809530.0,1317946520.0,-3.0292
2026-07-30,688261,东微半导,881121,半导体,68.35,66.35,-8.41,5917682.0,381594190.0,-6.2038
2026-07-30,688262,国芯科技,881121,半导体,24.01,23.77,-5.21,11876807.0,274284880.0,-4.27
2026-07-30,688265,南模生物,881175,医疗服务,32.31,31.8,-2.01,760119.0,24355618.0,-0.7324
2026-07-30,688266,泽璟制药,881140,化学制药,131.27,131.6,-10.57,9577115.0,1171772510.0,4.0916
2026-07-30,688267,中触媒,881109,化学制品,17.77,17.42,-0.39,3341031.0,59992285.0,-0.9163
2026-07-30,688268,华特气体,881172,电子化学品,139.45,139.0,-8.94,8033361.0,1053283790.0,-19.2523
2026-07-30,688269,凯立新材,881109,化学制品,28.97,28.87,0.21,1437256.0,42092623.0,-1.4642
2026-07-30,688270,ST臻镭,881121,半导体,60.88,59.87,-6.75,7363520.0,426055410.0,-6.1736
2026-07-30,688271,联影医疗,881144,医疗器械,113.98,113.9,2.21,7854459.0,912186170.0,1.5588
2026-07-30,688272,富吉瑞,881276,军工电子,24.9,24.94,-4.46,1814412.0,44360287.0,-3.4675
2026-07-30,688273,麦澜德,881144,医疗器械,28.72,28.57,-2.96,1309827.0,37258028.0,-3.0732
2026-07-30,688275,万润新能,881281,电池,78.74,78.32,-5.42,4323358.0,329557620.0,-12.5639
2026-07-30,688276,百克生物,881142,生物制品,14.54,14.57,0.76,2479581.0,36571206.0,-0.1196
2026-07-30,688277,天智航,881144,医疗器械,19.09,22.5,-8.85,30255350.0,603447520.0,-0.1177
2026-07-30,688278,特宝生物,881142,生物制品,57.69,57.36,0.35,3082068.0,178258530.0,0.628
2026-07-30,688279,峰岹科技,881121,半导体,157.51,152.87,-4.51,1585388.0,243404500.0,-16.3102
2026-07-30,688280,精进电动,881126,汽车零部件,5.24,5.24,1.15,34032816.0,184498730.0,-0.2034
2026-07-30,688281,华秦科技,881166,军工装备,47.45,47.1,3.94,5219316.0,252350700.0,-0.9265
2026-07-30,688282,理工导航,881166,军工装备,50.64,51.42,-0.63,766769.0,38724389.0,-4.496
2026-07-30,688283,坤恒顺维,881129,通信设备,25.11,25.1,-3.74,1598044.0,39110374.0,-2.7054
2026-07-30,688285,高铁电气,881269,轨交设备,7.06,7.05,0.28,2542476.0,17938939.0,-0.1742
2026-07-30,688286,敏芯股份,881121,半导体,39.28,39.28,-6.8,4397594.0,165689910.0,-6.695
2026-07-30,688288,鸿泉技术,881130,计算机设备,16.41,16.45,-2.13,1446697.0,23655373.0,-0.8478
2026-07-30,688289,圣湘生物,881144,医疗器械,15.19,15.2,1.05,4034097.0,61634247.0,0.013
2026-07-30,688290,景业智能,881171,自动化设备,55.64,54.0,-3.25,887964.0,48348398.0,-2.6415
2026-07-30,688291,金橙子,881272,软件开发,36.96,36.96,-6.11,2117274.0,75369449.0,-4.2565
2026-07-30,688292,浩瀚深度,881129,通信设备,15.62,15.58,-2.37,2260151.0,35010384.0,-1.1737
2026-07-30,688293,奥浦迈,881175,医疗服务,53.08,52.02,-4.33,3019683.0,155881210.0,2.8915
2026-07-30,688295,中复神鹰,881264,化学纤维,38.7,38.57,-3.18,6044754.0,229645800.0,-3.5019
2026-07-30,688296,和达科技,881272,软件开发,14.61,14.77,-0.14,2705850.0,39549458.0,0.4088
2026-07-30,688297,中无人机,881166,军工装备,39.88,39.8,0.05,8640165.0,347375760.0,-0.9264
2026-07-30,688298,东方生物,881144,医疗器械,18.42,18.4,0.11,1257860.0,23360079.0,-0.3798
2026-07-30,688299,长阳科技,881122,光学光电子,12.16,11.96,-4.61,6890369.0,81449258.0,-1.197
2026-07-30,688300,联瑞新材,881167,非金属材料,115.88,115.62,-9.6,10187241.0,1100692510.0,-22.0235
2026-07-30,688301,奕瑞科技,881144,医疗器械,86.23,85.01,-6.99,7529293.0,615734560.0,-7.4879
2026-07-30,688302,海创药业,881140,化学制药,33.62,33.61,-4.88,1560297.0,50997984.0,-1.1338
2026-07-30,688303,大全能源,881279,光伏设备,17.64,17.5,3.85,18686311.0,341155400.0,-0.2332
2026-07-30,688305,科德数控,881117,通用设备,53.98,53.72,-2.74,2400373.0,128168140.0,-3.5107
2026-07-30,688306,均普智能,881171,自动化设备,8.87,8.79,0.11,9676842.0,85484462.0,-0.2588
2026-07-30,688307,中润光学,881122,光学光电子,39.1,38.03,-8.44,6313209.0,232821440.0,-8.4473
2026-07-30,688308,欧科亿,881117,通用设备,86.2,84.67,-9.51,10582943.0,849234520.0,-18.2338
2026-07-30,688309,恒誉环保,881284,环保设备,66.26,66.25,-5.22,2070006.0,133378750.0,0.0675
2026-07-30,688310,迈得医疗,881171,自动化设备,13.52,13.51,-4.73,2482615.0,32666843.0,-0.8242
2026-07-30,688311,盟升电子,881276,军工电子,21.48,21.4,-5.17,3760909.0,78140602.0,-1.9743
2026-07-30,688312,燕麦科技,881171,自动化设备,41.56,40.86,-8.78,6973289.0,269371700.0,-10.064
2026-07-30,688313,仕佳光子,881129,通信设备,96.0,94.86,-12.53,33777008.0,2939012400.0,-17.916
2026-07-30,688314,康拓医疗,881144,医疗器械,30.11,29.58,-2.72,1044630.0,31252961.0,-1.9114
2026-07-30,688315,诺禾致源,881175,医疗服务,12.38,12.28,-1.7,2758977.0,33983545.0,-0.2636
2026-07-30,688316,青云科技,881271,IT服务,43.54,43.02,-4.98,1653448.0,70617410.0,-3.8331
2026-07-30,688317,之江生物,881144,医疗器械,15.84,15.75,0.63,2510499.0,39893471.0,-0.3091
2026-07-30,688318,财富趋势,881272,软件开发,67.68,67.01,0.12,4060191.0,276286920.0,-2.6488
2026-07-30,688319,欧林生物,881142,生物制品,22.5,22.53,-8.76,13860947.0,296082950.0,-4.1658
2026-07-30,688320,禾川科技,881171,自动化设备,28.33,28.18,-1.48,3738630.0,104774511.0,-2.815
2026-07-30,688321,微芯生物,881140,化学制药,27.41,27.37,-5.33,11362602.0,300668690.0,0.0782
2026-07-30,688322,奥比中光,881122,光学光电子,86.38,85.0,-7.41,11287790.0,921673850.0,-9.6649
2026-07-30,688323,瑞华泰,881265,塑料制品,23.63,23.92,-7.53,13265507.0,295675380.0,-5.6359
2026-07-30,688325,赛微微电,881121,半导体,103.5,101.0,-2.03,928809.0,93956936.0,-6.1724
2026-07-30,688326,经纬恒润,881272,软件开发,66.8,66.6,0.88,1857336.0,125628367.0,-2.0732
2026-07-30,688327,云从科技,881271,IT服务,10.16,10.12,-1.77,21526061.0,217987790.0,-0.762
2026-07-30,688328,深科达,881118,专用设备,66.5,65.99,-9.77,10718939.0,670293170.0,-3.8613
2026-07-30,688329,艾隆科技,881171,自动化设备,16.87,16.87,-2.07,1692267.0,28596791.0,-1.5
2026-07-30,688330,宏力达,881278,电网设备,32.19,32.2,-0.56,980837.0,31738783.0,-0.9802
2026-07-30,688331,荣昌生物,881142,生物制品,118.28,118.0,-5.78,7906429.0,893321460.0,-1.6874
2026-07-30,688332,中科蓝讯,881121,半导体,80.93,79.22,-9.49,6937557.0,520469800.0,-12.6333
2026-07-30,688333,铂力特,881117,通用设备,82.16,82.0,-6.52,10987451.0,870969140.0,-4.4379
2026-07-30,688334,西高院,881179,其他社会服务,18.18,18.19,-0.11,2062406.0,37617705.0,-0.2003
2026-07-30,688335,复洁科技,881284,环保设备,19.13,18.95,-6.95,3017143.0,55691991.0,-1.9943
2026-07-30,688336,三生国健,881142,生物制品,41.3,41.28,-4.65,9245191.0,371811680.0,-1.7044
2026-07-30,688337,普源精电,881117,通用设备,39.45,39.03,-5.73,4080739.0,154342000.0,-6.9332
2026-07-30,688338,赛科希德,881144,医疗器械,26.36,26.35,-2.16,792231.0,20680570.0,-0.4486
2026-07-30,688339,亿华通,881281,电池,16.99,16.8,-1.71,2966692.0,49743506.0,-0.9521
2026-07-30,688343,云天励飞,881271,IT服务,59.45,58.86,-11.44,18922455.0,1031787470.0,-4.6885
2026-07-30,688345,博力威,881281,电池,50.43,49.93,-3.21,2888874.0,141544770.0,-1.8739
2026-07-30,688347,华虹宏力,881121,半导体,270.2,265.5,-14.88,33988472.0,8224265800.0,-2.2065
2026-07-30,688348,昱能科技,881279,光伏设备,31.29,31.22,1.25,1895012.0,60347311.0,-1.4426
2026-07-30,688349,三一重能,881280,风电设备,14.92,14.84,1.27,8873056.0,134098694.0,0.0306
2026-07-30,688350,富淼科技,881109,化学制品,28.62,28.62,-6.01,3033808.0,83828085.0,-1.4989
2026-07-30,688351,微电生理,881144,医疗器械,19.92,19.9,-0.55,3454729.0,68927193.0,-0.9273
2026-07-30,688352,颀中科技,881121,半导体,13.29,13.11,-6.02,23056913.0,294570250.0,-1.745
2026-07-30,688353,华盛锂电,881281,电池,93.03,91.0,-3.12,6848971.0,625174870.0,-2.7553
2026-07-30,688355,明志科技,881117,通用设备,15.61,15.62,-2.18,2028759.0,31666088.0,-1.0455
2026-07-30,688356,键凯科技,881140,化学制药,69.84,69.51,-7.43,1464332.0,97750331.0,-1.8419
2026-07-30,688357,建龙微纳,881109,化学制品,24.91,24.7,1.85,1317868.0,33189957.0,-0.9966
2026-07-30,688358,祥生医疗,881144,医疗器械,26.83,26.83,-0.63,1135588.0,30497366.0,-1.4984
2026-07-30,688359,三孚新科,881172,电子化学品,93.0,93.0,-11.83,6307702.0,541431300.0,-20.4296
2026-07-30,688360,德马科技,881117,通用设备,13.97,13.85,-3.29,5054925.0,69430081.0,-1.4558
2026-07-30,688361,中科飞测,881121,半导体,360.7,349.0,-10.41,15062882.0,5044952200.0,10.1986
2026-07-30,688362,甬矽电子,881121,半导体,64.34,63.0,-13.43,39700366.0,2338134200.0,-3.5233
2026-07-30,688363,华熙生物,881182,美容护理,37.86,39.1,2.75,10966038.0,435266100.0,0.5445
2026-07-30,688365,光云科技,881271,IT服务,13.47,13.56,-2.3,13429637.0,182482840.0,-1.0403
2026-07-30,688366,昊海生科,881144,医疗器械,30.85,31.08,1.91,840497.0,26444218.0,-0.1897
2026-07-30,688367,工大高科,881269,轨交设备,25.13,24.84,-0.8,1530219.0,38353830.0,-2.5003
2026-07-30,688368,晶丰明源,881121,半导体,112.28,111.6,-8.06,3606994.0,378350910.0,-19.085
2026-07-30,688369,致远互联,881272,软件开发,17.45,17.51,8.54,6068590.0,110288265.0,-0.8785
2026-07-30,688370,丛麟科技,881181,环境治理,20.98,21.08,-0.57,335981.0,7046490.0,-0.3387
2026-07-30,688371,菲沃泰,881172,电子化学品,23.15,22.72,-9.85,13414052.0,291337090.0,-3.8969
2026-07-30,688372,伟测科技,881121,半导体,114.44,113.18,-12.19,11935502.0,1257036880.0,-14.3205
2026-07-30,688373,盟科药业,881140,化学制药,4.61,4.58,-4.12,16611194.0,75367558.0,-0.0817
2026-07-30,688375,国博电子,881276,军工电子,73.85,73.88,-5.05,3554255.0,255948960.0,-7.3246
2026-07-30,688376,美埃科技,881284,环保设备,65.15,64.0,-8.17,4444245.0,270967010.0,-6.5778
2026-07-30,688377,迪威尔,881118,专用设备,18.62,18.53,-1.72,2870652.0,52681345.0,-1.8022
2026-07-30,688378,奥来德,881172,电子化学品,36.22,35.86,-8.2,7146732.0,245861010.0,-4.4603
2026-07-30,688379,华光新材,881117,通用设备,45.07,45.0,-7.26,4023028.0,172982000.0,-8.2521
2026-07-30,688380,中微半导,881121,半导体,36.8,36.12,-6.71,12047038.0,421005630.0,-4.9147
2026-07-30,688381,帝奥微,881121,半导体,27.91,27.6,-13.4,17183525.0,436563490.0,-4.6388
2026-07-30,688382,益方生物,881140,化学制药,23.04,23.02,-7.77,20278199.0,442517860.0,0.826
2026-07-30,688383,新益昌,881118,专用设备,96.91,97.59,-9.19,2635838.0,241188700.0,-17.2925
2026-07-30,688385,复旦微电,881121,半导体,48.17,47.85,-4.09,15213163.0,714145370.0,-4.3281
2026-07-30,688386,泛亚微透,881265,塑料制品,51.0,50.63,-5.88,3009871.0,145758350.0,-9.1995
2026-07-30,688387,信科移动,881129,通信设备,12.21,12.22,-5.98,47848330.0,559883430.0,-1.7279
2026-07-30,688388,嘉元科技,881281,电池,23.7,23.5,-5.49,34234351.0,781851750.0,-3.9422
2026-07-30,688389,普门科技,881144,医疗器械,10.64,10.63,1.69,1832954.0,19739838.0,-0.0567
2026-07-30,688390,固德威,881279,光伏设备,63.8,63.11,-3.61,8979239.0,557598890.0,-10.7422
2026-07-30,688391,钜泉科技,881121,半导体,24.0,23.8,-2.33,1403329.0,33055275.0,-2.5678
2026-07-30,688392,骄成超声,881281,电池,134.02,131.99,-10.47,4910189.0,614378720.0,-14.2903
2026-07-30,688393,安必平,881144,医疗器械,17.17,17.17,-1.69,1504761.0,25885960.0,-0.7079
2026-07-30,688395,正弦电气,881171,自动化设备,19.82,19.68,-1.21,1178950.0,23225794.0,-1.1787
2026-07-30,688396,华润微,881121,半导体,56.05,55.6,-4.03,23191451.0,1257278920.0,-5.6859
2026-07-30,688398,赛特新材,881109,化学制品,19.19,19.11,-2.55,1747262.0,32951558.0,-2.1242
2026-07-30,688399,硕世生物,881144,医疗器械,26.74,26.45,-11.03,5087399.0,123909461.0,-1.9617
2026-07-30,688400,凌云光,881171,自动化设备,40.89,40.45,-4.5,10151873.0,401653500.0,-5.4004
2026-07-30,688401,路维光电,881121,半导体,62.68,61.7,-7.47,6434606.0,387506070.0,-5.4461
2026-07-30,688403,汇成股份,881121,半导体,21.07,20.97,-11.34,80710965.0,1568318200.0,-2.5663
2026-07-30,688408,中信博,881279,光伏设备,25.98,25.8,2.0,4403066.0,116496272.0,-1.3964
2026-07-30,688409,富创精密,881121,半导体,176.64,175.64,-7.16,9554466.0,1606147300.0,-11.9517
2026-07-30,688410,山外山,881144,医疗器械,10.38,10.49,1.64,13304165.0,141044340.0,-0.1422
2026-07-30,688411,海博思创,,,190.99,190.9,0.54,2641479.0,508627600.0,-17.6613
2026-07-30,688416,恒烁股份,881121,半导体,62.49,61.8,-4.5,7947145.0,482352260.0,-12.9735
2026-07-30,688418,震有科技,881129,通信设备,33.74,34.01,-12.74,5121945.0,160331150.0,-3.7834
2026-07-30,688419,耐科装备,881118,专用设备,36.15,35.61,-11.2,5656721.0,189814460.0,-7.456
2026-07-30,688420,美腾科技,881118,专用设备,19.78,19.78,-1.16,522857.0,10342512.0,-0.8223
2026-07-30,688425,铁建重工,881268,工程机械,4.27,4.25,0.47,24175868.0,103519198.0,0.0055
2026-07-30,688426,康为世纪,881144,医疗器械,15.98,16.01,1.56,1246683.0,20174396.0,-0.5857
2026-07-30,688428,诺诚健华,881142,生物制品,27.43,27.43,-5.72,11797606.0,310919920.0,0.1679
2026-07-30,688429,时创能源,881279,光伏设备,9.24,9.29,1.19,2534538.0,23814963.0,-0.4073
2026-07-30,688432,有研硅,881121,半导体,36.07,35.66,-19.93,70942897.0,2259965200.0,0.5935
2026-07-30,688433,华曙高科,881117,通用设备,75.73,75.5,-8.23,5092529.0,360509370.0,-4.9916
2026-07-30,688435,英方软件,881272,软件开发,26.94,26.94,0.59,3129607.0,87187315.0,-1.9193
2026-07-30,688439,振华风光,881276,军工电子,38.78,38.4,-0.52,1779567.0,68713995.0,-2.1405
2026-07-30,688443,智翔金泰,881142,生物制品,23.08,23.0,-4.25,4182838.0,94709294.0,-0.3345
2026-07-30,688448,磁谷科技,881117,通用设备,47.99,47.47,-5.31,3097642.0,138442900.0,-2.5492
2026-07-30,688449,联芸科技,,,51.96,51.51,-6.35,8581010.0,426337290.0,-6.3881
2026-07-30,688450,光格科技,881278,电网设备,27.55,27.27,-6.39,2297738.0,61005879.0,-6.7792
2026-07-30,688455,科捷智能,881117,通用设备,14.01,13.82,-3.85,1576599.0,21741256.0,-1.3867
2026-07-30,688456,有研粉材,881114,金属新材料,70.08,70.07,-8.95,6886834.0,449918910.0,-13.2217
2026-07-30,688458,美芯晟,881121,半导体,32.08,31.87,-6.36,2089084.0,64355013.0,-2.2697
2026-07-30,688459,哈铁科技,881269,轨交设备,8.11,8.1,-0.25,1076442.0,8706343.0,-0.0539
2026-07-30,688466,金科环境,881181,环境治理,12.29,12.37,-0.08,1670360.0,20877790.0,-0.5136
2026-07-30,688468,科美诊断,881144,医疗器械,5.83,5.8,-0.17,2593832.0,15165845.0,-0.1137
2026-07-30,688469,芯联集成,881121,半导体,7.71,7.6,0.26,215641970.0,1662314400.0,-0.3267
2026-07-30,688472,阿特斯,881279,光伏设备,10.04,9.97,5.58,79071699.0,830934890.0,-0.2837
2026-07-30,688475,萤石网络,881130,计算机设备,29.72,29.44,-0.94,5561205.0,164435000.0,0.4527
2026-07-30,688478,晶升股份,881121,半导体,43.25,42.69,-9.94,5672067.0,227482200.0,-7.729
2026-07-30,688479,友车科技,881272,软件开发,26.0,25.87,-4.58,1683728.0,43238355.0,-2.2974
2026-07-30,688480,赛恩斯,881181,环境治理,71.1,70.74,-4.33,1431744.0,97866087.0,-5.098
2026-07-30,688484,南芯科技,881121,半导体,34.4,33.9,-3.6,8320110.0,277027870.0,-3.5664
2026-07-30,688485,九州一轨,881181,环境治理,52.54,51.94,-6.74,3705590.0,186687440.0,-2.2207
2026-07-30,688486,龙迅股份,881121,半导体,42.88,42.6,-5.32,5138127.0,209431380.0,-4.0094
2026-07-30,688488,艾迪药业,881142,生物制品,14.73,14.64,-8.15,11606011.0,162686870.0,0.2039
2026-07-30,688489,三未信安,881130,计算机设备,21.62,21.33,-2.87,965219.0,20778473.0,-0.7869
2026-07-30,688496,*ST清越,881122,光学光电子,1.04,0.87,-13.46,21055720.0,19414366.0,-0.0638
2026-07-30,688498,源杰科技,881121,半导体,1228.0,1200.55,-17.2,10331197.0,11039757800.0,-98.6664
2026-07-30,688499,利元亨,881281,电池,34.09,34.2,-2.46,3414254.0,115058745.0,-3.6144
2026-07-30,688500,慧辰股份,881271,IT服务,30.81,30.5,-2.92,1657613.0,50676252.0,-4.2526
2026-07-30,688501,青达环保,881284,环保设备,16.94,16.78,-2.72,2209224.0,37051579.0,-1.1057
2026-07-30,688502,茂莱光学,881122,光学光电子,344.7,331.0,-12.1,2461361.0,790114490.0,-54.8082
2026-07-30,688503,聚和材料,881279,光伏设备,64.0,63.0,-8.33,13845158.0,843509620.0,-10.7465
2026-07-30,688505,复旦张江,881140,化学制药,7.22,7.19,-1.11,5952708.0,42726575.0,-0.07
2026-07-30,688506,百利天恒,881140,化学制药,322.22,320.01,-4.72,2019097.0,634894420.0,10.4355
2026-07-30,688507,索辰科技,881272,软件开发,138.55,136.2,-6.89,6352126.0,843047400.0,-21.8528
2026-07-30,688508,芯朋微,881121,半导体,62.72,61.47,-7.33,10197966.0,594574920.0,-6.4281
2026-07-30,688509,正元地信,881271,IT服务,4.0,3.95,-1.0,5325309.0,21242118.0,-0.1444
2026-07-30,688510,航亚科技,881166,军工装备,20.4,20.2,-2.16,6355396.0,128077658.0,-1.48
2026-07-30,688511,天微电子,881276,军工电子,20.04,20.08,-3.74,1667338.0,32068744.0,-2.2261
2026-07-30,688512,慧智微,881121,半导体,11.66,11.5,-5.66,13197881.0,147818250.0,-0.9445
2026-07-30,688513,苑东生物,881140,化学制药,46.38,46.99,-4.44,2614734.0,117255317.0,-0.9716
2026-07-30,688515,裕太微,881121,半导体,141.97,141.97,-8.43,3671297.0,492673020.0,-21.1269
2026-07-30,688516,奥特维,881279,光伏设备,38.37,38.4,-3.49,8222265.0,308149450.0,-5.1421
2026-07-30,688517,金冠电气,881278,电网设备,14.68,14.63,-1.7,2602692.0,37997531.0,-1.0238
2026-07-30,688518,联赢激光,881171,自动化设备,18.04,17.9,0.55,15834824.0,284595960.0,-2.4885
2026-07-30,688519,南亚新材,881270,元件,213.27,209.0,-6.55,8225774.0,1674853200.0,-29.8359
2026-07-30,688520,神州细胞,881142,生物制品,34.19,34.11,-3.04,2198890.0,74222919.0,-0.6776
2026-07-30,688521,芯原股份,881121,半导体,192.02,191.76,-11.36,23934261.0,4287374900.0,-24.37
2026-07-30,688522,纳睿雷达,881276,军工电子,18.85,18.7,-1.86,4354657.0,81560521.0,-0.678
2026-07-30,688523,航天环宇,881166,军工装备,39.3,39.21,-4.81,3836668.0,146956640.0,-4.3653
2026-07-30,688525,佰维存储,881121,半导体,211.88,206.0,3.76,52342533.0,11356704900.0,-44.4212
2026-07-30,688526,科前生物,881102,养殖业,12.63,12.63,0.48,1685505.0,21531780.0,-0.044
2026-07-30,688528,秦川物联,881117,通用设备,8.22,8.34,0.49,1834390.0,15240009.0,-0.5104
2026-07-30,688529,豪森智能,881118,专用设备,13.54,13.4,-1.03,2111469.0,28852938.0,-0.9217
2026-07-30,688530,欧莱新材,881121,半导体,44.23,43.56,-11.26,10126876.0,416924270.0,-7.3333
2026-07-30,688531,日联科技,881118,专用设备,117.3,117.0,-12.6,7677211.0,822558270.0,-14.7534
2026-07-30,688533,上声电子,881126,汽车零部件,20.72,20.73,0.39,1062876.0,22286427.0,-0.5836
2026-07-30,688535,华海诚科,881121,半导体,94.62,93.8,-10.82,11327766.0,998266370.0,-14.225
2026-07-30,688536,思瑞浦,881121,半导体,240.0,235.0,-9.21,4375475.0,980401710.0,-23.2561
2026-07-30,688538,和辉光电,881122,光学光电子,2.41,2.4,1.24,98247088.0,238846560.0,-0.0007
2026-07-30,688539,高华科技,881117,通用设备,23.36,23.44,-3.51,2292539.0,52314082.0,-2.4821
2026-07-30,688543,国科军工,881166,军工装备,37.72,37.49,-1.86,6690091.0,251571340.0,-0.9241
2026-07-30,688545,兴福电子,,,68.34,68.6,-7.7,12394098.0,804006190.0,-9.8952
2026-07-30,688548,广钢气体,881172,电子化学品,34.19,34.42,-9.68,44358696.0,1392795000.0,-1.2769
2026-07-30,688549,中巨芯,881172,电子化学品,21.87,21.57,-9.92,92052378.0,1849244500.0,-1.9299
2026-07-30,688550,瑞联新材,881172,电子化学品,38.11,37.6,-9.53,6138489.0,220462820.0,-3.146
2026-07-30,688551,科威尔,881282,其他电源设备,35.77,35.66,-8.86,3119671.0,105371330.0,-6.4584
2026-07-30,688552,航天南湖,881276,军工电子,25.36,25.01,-1.06,2724867.0,69291442.0,-1.1277
2026-07-30,688553,汇宇制药,881140,化学制药,10.24,10.4,-2.44,13225218.0,134012682.0,-0.4581
2026-07-30,688556,高测股份,881279,光伏设备,7.98,7.98,-2.63,19865769.0,156883200.0,-1.062
2026-07-30,688557,兰剑智能,881117,通用设备,18.16,18.14,-2.97,1550547.0,27837370.0,-0.9703
2026-07-30,688558,国盛智科,881117,通用设备,26.98,26.88,-3.26,2110269.0,55600178.0,-2.1478
2026-07-30,688559,海目星,881171,自动化设备,44.25,44.02,-4.29,11103888.0,480009030.0,-6.9579
2026-07-30,688560,明冠新材,881279,光伏设备,11.08,11.02,0.45,4211639.0,47335390.0,-0.5072
2026-07-30,688561,奇安信,881272,软件开发,25.2,25.0,-1.67,8391590.0,212389900.0,-0.0755
2026-07-30,688562,航天软件,881272,软件开发,13.6,13.63,-1.03,3162384.0,43046949.0,-0.6395
2026-07-30,688563,航材股份,881166,军工装备,51.09,50.88,0.29,1917841.0,98288534.0,-0.0521
2026-07-30,688565,力源科技,881181,环境治理,9.98,9.97,-4.31,3394431.0,33304391.0,-0.0815
2026-07-30,688566,吉贝尔,881140,化学制药,23.85,23.69,-0.34,1188434.0,28297122.0,-0.4818
2026-07-30,688567,孚能科技,881281,电池,9.93,9.88,2.82,15743082.0,160099930.0,-0.2974
2026-07-30,688568,中科星图,881271,IT服务,33.22,33.0,-0.96,9182800.0,303632290.0,-2.7063
2026-07-30,688569,铁科轨道,881269,轨交设备,16.28,16.29,0.12,1081519.0,17628107.0,-0.3659
2026-07-30,688570,天玛智控,881171,自动化设备,14.6,14.67,-0.96,740298.0,10778068.0,-0.2326
2026-07-30,688571,杭华股份,881109,化学制品,7.27,7.13,-2.89,7202602.0,51314646.0,-0.5674
2026-07-30,688573,信宇人,881281,电池,15.06,15.06,-2.99,2220535.0,32865038.0,-1.0548
2026-07-30,688575,亚辉龙,881144,医疗器械,9.01,8.98,0.55,7185368.0,65659945.0,-0.1748
2026-07-30,688576,西山科技,881144,医疗器械,36.81,36.8,-1.41,413954.0,15129575.0,-2.1511
2026-07-30,688577,浙海德曼,881117,通用设备,39.02,39.03,-5.23,1465532.0,54973899.0,-3.1465
2026-07-30,688578,艾力斯,881140,化学制药,118.3,118.43,-2.32,8233737.0,954780470.0,3.8708
2026-07-30,688579,地纬智能,881272,软件开发,7.52,7.52,-1.46,4486970.0,33760172.0,-0.2254
2026-07-30,688580,伟思医疗,881144,医疗器械,46.83,47.98,-3.31,1556690.0,71599881.0,-2.4293
2026-07-30,688581,安杰思,881144,医疗器械,51.97,51.58,-0.81,292473.0,15154811.0,-0.8146
2026-07-30,688582,芯动联科,881121,半导体,37.17,36.8,-5.03,6350824.0,227863140.0,-5.3272
2026-07-30,688583,思看科技,,,74.33,74.0,-5.25,1211176.0,87172175.0,-3.0124
2026-07-30,688584,上海合晶,881121,半导体,25.85,25.85,-9.4,19784742.0,479916290.0,-1.6927
2026-07-30,688585,上纬新材,881265,塑料制品,127.23,127.48,7.66,6356774.0,864898180.0,-8.3098
2026-07-30,688586,江航装备,881166,军工装备,10.34,10.26,0.68,5643225.0,58629625.0,-0.4457
2026-07-30,688588,凌志软件,881272,软件开发,9.0,9.05,0.22,4500251.0,41071592.0,-0.2367
2026-07-30,688589,力合微,881121,半导体,16.95,16.75,-1.12,2876701.0,48239653.0,-1.283
2026-07-30,688590,新致软件,881272,软件开发,11.83,11.82,0.17,6849313.0,82452892.0,-0.5192
2026-07-30,688591,泰凌微,881121,半导体,27.12,26.86,-3.69,5240771.0,137589600.0,-1.9348
2026-07-30,688592,司南导航,881129,通信设备,21.2,21.0,-0.47,708681.0,15062487.0,-1.82
2026-07-30,688593,新相微,881121,半导体,28.02,28.45,-8.92,15714053.0,420868200.0,-2.0663
2026-07-30,688595,芯海科技,881121,半导体,26.8,26.59,-3.96,3717705.0,96923573.0,-3.454
2026-07-30,688596,正帆科技,881118,专用设备,54.71,53.74,-10.73,38502890.0,1951674200.0,-2.1167
2026-07-30,688597,煜邦电力,881278,电网设备,6.04,6.09,-2.48,5734225.0,34742627.0,-0.4027
2026-07-30,688598,金博股份,881167,非金属材料,26.19,26.45,-5.57,11622976.0,294819680.0,-4.7094
2026-07-30,688599,天合光能,881279,光伏设备,13.51,13.35,1.48,35279669.0,483046660.0,-0.2131
2026-07-30,688600,皖仪科技,881117,通用设备,22.62,22.06,-2.7,1377938.0,30454416.0,-1.8323
2026-07-30,688601,力芯微,881121,半导体,36.2,36.15,-8.23,6816964.0,234546850.0,-5.6118
2026-07-30,688602,康鹏科技,881109,化学制品,6.41,6.33,-1.25,6067381.0,38777215.0,-0.3608
2026-07-30,688603,天承科技,881172,电子化学品,90.36,89.67,-10.36,5832627.0,494476590.0,-19.8441
2026-07-30,688605,先锋精科,,,66.69,65.98,-8.23,6422525.0,406098900.0,-6.7446
2026-07-30,688606,奥泰生物,881144,医疗器械,43.92,43.8,0.34,441806.0,19552570.0,-0.341
2026-07-30,688607,康众医疗,881144,医疗器械,36.04,36.28,-8.3,1992964.0,68123546.0,-4.6934
2026-07-30,688608,恒玄科技,881121,半导体,127.14,125.68,-4.78,6970861.0,855527190.0,2.1
2026-07-30,688609,九联科技,881132,黑色家电,8.98,8.89,-2.0,14925521.0,132506963.0,-0.4936
2026-07-30,688610,埃科光电,881117,通用设备,134.5,133.98,-9.37,2069570.0,259071140.0,-20.556
2026-07-30,688611,杭州柯林,881278,电网设备,54.47,54.06,-5.67,1218862.0,63649408.0,-4.6557
2026-07-30,688612,威迈斯,881126,汽车零部件,29.25,29.26,-0.58,3016469.0,87352402.0,-0.7239
2026-07-30,688613,奥精医疗,881144,医疗器械,13.91,13.91,-0.65,2658356.0,36961769.0,-0.567
2026-07-30,688615,合合信息,,,96.4,96.0,5.3,7896653.0,804810000.0,-5.8036
2026-07-30,688616,西力科技,881278,电网设备,9.8,9.84,0.1,2085368.0,20756335.0,-0.3516
2026-07-30,688617,惠泰医疗,881144,医疗器械,218.5,218.0,0.58,1732504.0,382041590.0,4.4352
2026-07-30,688618,三旺通信,881129,通信设备,26.71,26.58,-6.55,2662727.0,68231647.0,-1.3989
2026-07-30,688619,罗普特,881130,计算机设备,12.07,12.07,-3.98,3477425.0,41567623.0,-0.9815
2026-07-30,688620,安凯微,881121,半导体,13.87,13.53,-12.04,24968969.0,316094840.0,-0.262
2026-07-30,688621,阳光诺和,881175,医疗服务,57.78,56.9,-1.78,2140574.0,120235131.0,1.1316
2026-07-30,688622,*ST禾信,881117,通用设备,109.73,110.0,-3.9,404861.0,43215933.0,-3.326
2026-07-30,688623,双元科技,881171,自动化设备,61.43,60.73,-3.39,386766.0,22968910.0,-1.7499
2026-07-30,688625,呈和科技,881109,化学制品,52.47,51.76,-5.76,4596528.0,228174610.0,-6.9408
2026-07-30,688626,翔宇医疗,881144,医疗器械,42.3,41.88,-4.11,2919032.0,121981683.0,-1.7809
2026-07-30,688627,精智达,881118,专用设备,440.31,435.5,-9.91,6347900.0,2604491900.0,-23.6853
2026-07-30,688628,优利德,881117,通用设备,59.56,61.07,-8.14,4417824.0,248696030.0,-8.8348
2026-07-30,688629,华丰科技,881276,军工电子,134.46,134.96,-10.69,19063829.0,2387537700.0,-7.9731
2026-07-30,688630,芯碁微装,881118,专用设备,349.92,348.23,-14.29,8664273.0,2737906200.0,-23.4843
2026-07-30,688631,莱斯信息,881272,软件开发,40.22,40.23,-0.12,1575279.0,63946258.0,-1.9093
2026-07-30,688633,星球石墨,881118,专用设备,22.64,22.51,0.97,4696795.0,106585387.0,-1.9806
2026-07-30,688635,长进光子,,,223.5,218.01,-10.51,1459982.0,304031310.0,-66.3031
2026-07-30,688636,智明达,881276,军工电子,17.22,17.01,-4.53,9652658.0,161956080.0,-5.5971
2026-07-30,688638,誉辰智能,881281,电池,29.1,28.88,3.68,833166.0,24899681.0,-1.2064
2026-07-30,688639,华恒生物,881109,化学制品,16.67,16.73,2.16,5685241.0,97402360.0,-0.7624
2026-07-30,688646,ST逸飞,881171,自动化设备,59.6,60.68,-6.21,1314746.0,74782892.0,-2.937
2026-07-30,688648,中邮科技,881117,通用设备,29.86,30.88,-1.47,2590671.0,78640017.0,-1.9524
2026-07-30,688651,盛邦安全,881272,软件开发,20.63,20.35,-1.45,1576352.0,32787967.0,-1.1699
2026-07-30,688652,XD京仪装,881121,半导体,138.19,136.08,-9.87,6834907.0,883167250.0,-9.6363
2026-07-30,688653,康希通信,881121,半导体,11.19,11.04,-5.27,13823433.0,149327930.0,-1.3214
2026-07-30,688655,迅捷兴,881270,元件,30.38,30.37,-6.19,6181787.0,176986630.0,-4.6449
2026-07-30,688656,浩欧博,881144,医疗器械,80.2,79.9,-2.13,408169.0,32460149.0,-6.3152
2026-07-30,688657,浩辰软件,881272,软件开发,27.86,27.59,0.54,1389588.0,39021840.0,-2.4192
2026-07-30,688658,悦康药业,881140,化学制药,12.33,12.37,-2.51,10252224.0,124941712.0,-0.6829
2026-07-30,688659,元琛科技,881109,化学制品,8.73,8.8,-1.37,3460848.0,30243016.0,-0.5233
2026-07-30,688660,电气风电,881280,风电设备,8.31,8.22,5.17,46564216.0,407439500.0,-0.2211
2026-07-30,688661,和林微纳,881124,消费电子,78.95,78.04,-13.3,4296443.0,306273940.0,-16.6583
2026-07-30,688662,富信科技,881123,其他电子,69.62,69.36,-9.97,8777681.0,568206260.0,-13.3143
2026-07-30,688663,新风光,881278,电网设备,55.4,54.98,-16.97,11249559.0,554968480.0,-2.3771
2026-07-30,688665,四方光电,881117,通用设备,42.31,42.44,-2.41,382798.0,15933090.0,-3.9788
2026-07-30,688667,菱电电控,881126,汽车零部件,81.48,81.62,-2.92,870850.0,69174826.0,-10.7504
2026-07-30,688668,鼎通科技,881129,通信设备,197.21,198.58,-12.03,5687205.0,1027284790.0,-40.2187
2026-07-30,688669,聚石化学,881265,塑料制品,59.32,59.57,-5.26,4319891.0,251115340.0,-3.4339
2026-07-30,688670,金迪克,881142,生物制品,13.59,13.74,-1.84,1289856.0,17546194.0,-0.6582
2026-07-30,688671,碧兴物联,881284,环保设备,20.46,20.32,-3.18,1599377.0,32664736.0,-2.2499
2026-07-30,688676,金盘科技,881278,电网设备,68.04,68.0,-6.08,10726570.0,697622680.0,-4.8467
2026-07-30,688677,海泰新光,881144,医疗器械,66.53,65.8,-11.39,7055610.0,428377310.0,-11.1963
2026-07-30,688678,福立旺,881124,消费电子,15.25,15.08,-9.11,16546387.0,237461930.0,-1.9267
2026-07-30,688679,通源环境,881181,环境治理,36.69,36.7,-7.33,4319162.0,151770530.0,-2.48
2026-07-30,688680,海优新材,881279,光伏设备,34.4,34.45,-1.13,869317.0,29773625.0,-2.184
2026-07-30,688681,科汇股份,881278,电网设备,15.33,15.26,-2.35,2958398.0,44934307.0,-0.2046
2026-07-30,688682,霍莱沃,881276,军工电子,28.6,28.15,-3.81,1363893.0,38038906.0,-3.1219
2026-07-30,688683,莱尔科技,881172,电子化学品,28.2,28.39,-3.19,1756245.0,48557317.0,-2.3563
2026-07-30,688685,迈信林,881166,军工装备,41.37,40.96,4.04,10956407.0,460742610.0,-2.8586
2026-07-30,688686,奥普特,881171,自动化设备,103.99,100.12,-3.56,1779958.0,178185630.0,-11.6786
2026-07-30,688687,凯因科技,881140,化学制药,15.77,16.07,-1.71,2201788.0,34615456.0,-0.3491
2026-07-30,688689,银河微电,881121,半导体,34.65,34.22,-9.35,9484864.0,307606170.0,-5.0074
2026-07-30,688690,纳微科技,881140,化学制药,35.28,34.73,-2.66,7816749.0,270553490.0,-1.4307
2026-07-30,688691,灿芯股份,881121,半导体,60.68,61.24,-6.67,6754497.0,399635670.0,-11.9212
2026-07-30,688692,达梦数据,,,223.6,222.0,-2.85,1649386.0,365970490.0,-8.938
2026-07-30,688693,锴威特,881121,半导体,57.76,57.22,-8.95,2157751.0,116436452.0,-11.0007
2026-07-30,688695,中创股份,881272,软件开发,17.22,17.3,-1.8,1221173.0,21209537.0,-0.8718
2026-07-30,688696,极米科技,881132,黑色家电,63.57,63.3,2.09,1332364.0,86718091.0,-1.5449
2026-07-30,688697,纽威数控,881117,通用设备,12.81,12.85,-2.03,9602600.0,120878412.0,-0.5252
2026-07-30,688698,伟创电气,881171,自动化设备,45.45,45.0,-4.29,5069881.0,223399750.0,-3.8687
2026-07-30,688699,明微电子,881121,半导体,45.23,45.19,-7.14,3682557.0,159109340.0,-6.7843
2026-07-30,688700,东威科技,881118,专用设备,54.79,54.76,-8.74,13498916.0,696415100.0,-7.3948
2026-07-30,688701,卓锦股份,881181,环境治理,6.81,6.81,-2.06,2723055.0,18457570.0,-0.4105
2026-07-30,688702,盛科通信,881121,半导体,351.42,342.83,-13.5,13444873.0,4283270300.0,4.8501
2026-07-30,688707,振华新材,881281,电池,10.36,10.25,-1.74,6660764.0,68718305.0,-0.8254
2026-07-30,688708,佳驰科技,,,47.05,46.62,0.32,1921527.0,89606901.0,-1.1231
2026-07-30,688709,成都华微,881121,半导体,25.0,24.71,-3.16,5824157.0,142287890.0,-3.043
2026-07-30,688710,益诺思,,,77.9,77.13,-9.11,2903248.0,210800090.0,3.1274
2026-07-30,688711,宏微科技,881121,半导体,22.23,22.12,-5.98,6921928.0,148111580.0,-3.9898
2026-07-30,688712,北芯生命,,,32.85,32.75,-3.99,1207668.0,38813980.0,-1.6676
2026-07-30,688716,中研股份,881265,塑料制品,25.34,25.2,-4.22,2059538.0,50848156.0,-2.408
2026-07-30,688717,艾罗能源,881279,光伏设备,57.0,56.56,-3.32,4516875.0,251874020.0,-7.7689
2026-07-30,688718,唯赛勃,881284,环保设备,12.15,12.18,-4.03,2208602.0,26228999.0,-1.1312
2026-07-30,688719,爱科赛博,881282,其他电源设备,43.8,43.87,-8.65,3710145.0,152643810.0,-8.3656
2026-07-30,688720,艾森股份,881121,半导体,57.46,57.2,-11.26,9076518.0,484209390.0,-6.7316
2026-07-30,688721,龙图光罩,,,36.3,35.6,-8.18,4630513.0,159754190.0,-4.7077
2026-07-30,688722,同益中,881264,化学纤维,13.87,13.75,-1.66,2733709.0,37372802.0,-0.7649
2026-07-30,688726,拉普拉斯,,,40.07,39.8,1.8,11442869.0,472351490.0,-3.7265
2026-07-30,688727,恒坤新材,,,40.33,39.58,-8.16,5986240.0,229292510.0,-5.6006
2026-07-30,688728,格科微,881121,半导体,15.88,15.72,-7.81,49540232.0,741213390.0,-0.6127
2026-07-30,688729,屹唐股份,,,24.78,25.0,-8.96,46265636.0,1081549490.0,-2.1903
2026-07-30,688733,壹石通,881281,电池,25.25,25.0,-4.59,5134229.0,126058469.0,-3.9052
2026-07-30,688737,中自科技,881126,汽车零部件,17.25,16.91,-3.19,1541455.0,26367715.0,-1.4948
2026-07-30,688739,成大生物,881142,生物制品,19.76,19.69,-0.1,1728640.0,34280843.0,-0.198
2026-07-30,688750,金天钛业,,,14.19,14.16,-0.78,2639190.0,37304035.0,-0.6988
2026-07-30,688755,汉邦科技,,,23.2,23.19,-0.91,538205.0,12493155.0,-1.1088
2026-07-30,688757,胜科纳米,,,29.02,28.5,-8.68,9776743.0,267408360.0,-6.6205
2026-07-30,688758,赛分科技,,,24.27,24.02,-5.23,9165613.0,212386150.0,1.0295
2026-07-30,688759,必贝特,,,22.23,22.0,-4.99,7574156.0,161995970.0,-2.0764
2026-07-30,688765,禾元生物,,,34.62,34.4,-5.37,7643630.0,256039730.0,-3.2176
2026-07-30,688766,普冉股份,881121,半导体,338.5,328.01,4.32,25009411.0,8546732900.0,-70.8146
2026-07-30,688767,博拓生物,881144,医疗器械,34.53,35.1,3.62,5023885.0,183825580.0,-0.3823
2026-07-30,688768,容知日新,881117,通用设备,41.22,40.75,-1.92,743053.0,30211229.0,-2.5482
2026-07-30,688772,珠海冠宇,881281,电池,15.41,15.36,-3.83,22527446.0,338471770.0,-0.92
2026-07-30,688775,影石创新,,,133.31,131.21,-6.23,4329383.0,554114790.0,-5.6056
2026-07-30,688776,国光电气,881276,军工电子,47.11,47.12,-2.44,1831781.0,85436084.0,-3.92
2026-07-30,688777,中控技术,881171,自动化设备,79.9,80.42,1.13,19738575.0,1573180500.0,-6.4715
2026-07-30,688778,厦钨新能,881281,电池,46.33,45.8,0.28,7616712.0,353443860.0,-3.0001
2026-07-30,688779,五矿新能,881281,电池,7.52,7.47,1.06,27707109.0,211012070.0,-0.2669
2026-07-30,688781,视涯科技,,,34.49,34.1,-6.58,2434929.0,80309242.0,-3.9589
2026-07-30,688783,西安奕材,,,26.58,26.0,-7.86,41603724.0,1046516040.0,-5.3185
2026-07-30,688785,恒运昌,,,251.88,246.0,-8.81,804514.0,193394220.0,-36.3538
2026-07-30,688786,悦安新材,881114,金属新材料,25.28,25.45,-7.12,5661308.0,136044260.0,-4.1872
2026-07-30,688787,海天瑞声,881271,IT服务,92.35,92.8,-3.79,2199940.0,200987460.0,-11.8156
2026-07-30,688788,科思科技,881276,军工电子,27.2,27.04,-3.75,3476805.0,92762334.0,-3.6207
2026-07-30,688789,宏华数科,881118,专用设备,46.16,45.58,-0.32,1465494.0,67942456.0,-1.8069
2026-07-30,688790,昂瑞微,,,88.95,88.0,-2.7,369597.0,32266938.0,-11.0194
2026-07-30,688793,倍轻松,881173,小家电,16.4,16.4,-0.67,2058214.0,34068737.0,-0.3845
2026-07-30,688795,摩尔线程,,,564.54,554.94,-4.35,1394972.0,760048600.0,-28.3019
2026-07-30,688796,百奥赛图,,,112.34,105.0,-3.86,5739480.0,577955170.0,4.6743
2026-07-30,688797,臻宝科技,,,319.0,314.99,-5.64,4874819.0,1540811400.0,-60.5632
2026-07-30,688798,艾为电子,881121,半导体,53.91,53.5,-2.6,2500194.0,132392228.0,-4.394
2026-07-30,688799,华纳药厂,881140,化学制药,45.21,45.26,-9.98,5053523.0,213507000.0,-1.7097
2026-07-30,688800,瑞可达,881123,其他电子,52.0,51.5,-9.04,13660146.0,668383370.0,-9.1527
2026-07-30,688802,沐曦股份,,,705.99,686.01,-4.81,1655769.0,1139391660.0,-13.122
2026-07-30,688805,健信超导,,,39.08,39.0,-4.02,984222.0,37675072.0,-2.2926
2026-07-30,688806,泰诺麦博,,,27.02,26.38,-13.14,18657888.0,464483330.0,
2026-07-30,688807,优迅股份,,,232.23,231.69,-9.16,1431432.0,307892840.0,-42.9834
2026-07-30,688808,联讯仪器,,,1788.14,1745.8,-14.1,2581534.0,4104182000.0,-87.1875
2026-07-30,688809,强一股份,,,451.55,448.0,-8.54,2259473.0,979840850.0,-29.3719
2026-07-30,688811,有研复材,,,20.43,20.16,-7.59,7295289.0,142738750.0,-2.3718
2026-07-30,688813,泰金新能,,,100.87,100.67,-8.99,3122657.0,295554120.0,-20.3718
2026-07-30,688816,易思维,,,47.22,47.0,0.8,625298.0,29516587.0,-3.5034
2026-07-30,688818,电科蓝天,,,44.4,43.9,-6.87,8723756.0,369150530.0,-6.9945
2026-07-30,688819,天能股份,881281,电池,22.61,22.6,0.71,3157779.0,71808553.0,-0.2478
2026-07-30,688820,盛合晶微,,,128.7,127.5,-8.33,15339051.0,1851760700.0,-15.0767
2026-07-30,688825,C长鑫,,,52.95,52.2,-0.15,860839200.0,44705535000.0,
2026-07-30,688981,中芯国际,881121,半导体,130.9,128.68,-6.04,79984573.0,9995522400.0,-2.884
2026-07-30,689009,九号公司,881128,汽车服务及其他,42.05,42.17,4.64,21272031.0,926867570.0,1.0255
