code,board_code,board_name,prev_close,open,pct_chg,volume,amount,macd,macd_signal,macd_hist
000001,881155,银行,11.28,11.28,2.93,2777708,1704122.0,,,
000002,881153,房地产,3.28,3.26,1.52,2118666,1133905.0,,,
000006,881153,房地产,6.51,6.45,-2.15,222568,102432.0,,,
000007,881158,零售,9.16,9.16,-4.91,75239,24175.0,,,
000008,881269,轨交设备,2.37,2.36,-0.84,282883,116752.0,,,
000009,881281,电池,6.5,6.46,10.0,562050,266504.0,,,
000010,881116,建筑装饰,1.52,1.53,-0.66,190836,82385.0,,,
000011,881153,房地产,7.82,7.79,2.17,327880,173992.0,,,
000012,881115,建筑材料,3.9,3.89,0.77,274754,140249.0,,,
000014,881153,房地产,9.99,10.0,-0.1,127346,65834.0,,,
000016,881131,白色家电,2.55,2.54,-3.14,189861,59984.0,,,
000017,881136,服装家纺,5.99,5.99,-2.84,100749,47183.0,,,
000019,881103,农产品加工,6.04,6.02,0.66,68159,33959.0,,,
000020,881122,光学光电子,10.36,10.28,0.1,53477,26103.0,,,
000021,881124,消费电子,40.15,38.65,-9.29,1592658,691857.0,,,
000025,881165,综合,14.22,14.23,9.99,146365,52285.0,,,
000026,881136,服装家纺,16.1,15.99,0.62,104043,46445.0,,,
000027,881145,电力,6.43,6.41,0.62,275666,128767.0,,,
000028,881143,医药商业,20.77,20.69,1.11,29511,17771.0,,,
000029,881153,房地产,20.13,20.02,-3.13,66426,32456.0,,,
000030,881126,汽车零部件,4.24,4.24,0.94,122870,69948.0,,,
000031,881153,房地产,2.19,2.18,0.0,299550,131849.0,,,
000032,881116,建筑装饰,13.57,13.5,-9.29,880648,385354.0,,,
000034,881271,IT服务,25.32,25.5,-7.86,529866,187929.0,,,
000035,881181,环境治理,4.98,4.99,0.6,546552,288185.0,,,
000036,881153,房地产,4.01,3.96,-3.74,320595,125952.0,,,
000037,881145,电力,9.27,9.1,-2.91,230962,87546.0,,,
000039,881117,通用设备,8.7,8.65,0.0,449910,229595.0,,,
000042,881153,房地产,8.08,8.11,-0.25,53553,22894.0,,,
000045,881122,光学光电子,9.58,9.51,-0.63,116514,57597.0,,,
000048,881102,养殖业,18.11,17.88,-5.58,184161,83445.0,,,
000049,881281,电池,24.81,24.58,-1.89,112529,50090.0,,,
000050,881122,光学光电子,6.57,6.5,-1.83,364315,157029.0,,,
000055,881115,建筑材料,3.4,3.37,-1.76,107900,43831.0,,,
000056,881158,零售,1.9,1.91,-3.68,153197,40973.0,,,
000058,881158,零售,6.48,6.58,1.85,136710,78170.0,,,
000059,881180,石油加工贸易,4.62,4.58,0.87,216781,104504.0,,,
000060,881168,工业金属,6.29,6.28,-0.95,920535,372432.0,,,
000061,881158,零售,5.88,5.84,0.34,248600,123762.0,,,
000062,881123,其他电子,21.53,21.3,-3.58,197701,80353.0,,,
000063,881129,通信设备,34.08,33.74,-2.29,1280222,524839.0,,,
000065,881116,建筑装饰,9.28,9.26,-0.43,140442,75635.0,,,
000066,881130,计算机设备,13.89,13.7,-5.33,1439369,560453.0,,,
000068,881181,环境治理,2.76,2.76,-2.17,129750,49718.0,,,
000069,881160,旅游及酒店,1.72,1.71,1.16,625190,338993.0,,,
000070,881129,通信设备,12.72,12.64,-4.25,422878,185400.0,,,
000078,881143,医药商业,1.67,1.66,-5.39,989255,282829.0,,,
000088,881148,港口航运,4.4,4.4,1.59,329680,194857.0,,,
000089,881151,机场航运,6.64,6.64,1.96,168512,109505.0,,,
000090,881153,房地产,3.29,3.27,0.0,155500,80607.0,,,
000096,881180,石油加工贸易,7.58,7.63,0.66,63954,31250.0,,,
000099,881151,机场航运,14.15,14.04,1.7,106607,61850.0,,,
000100,881122,光学光电子,4.93,4.85,-4.26,7206880,2749452.0,,,
000151,881159,贸易,9.46,9.4,0.21,71276,35720.0,,,
000153,881140,化学制药,5.42,5.4,-0.55,74543,32301.0,,,
000155,881145,电力,12.63,12.51,-2.93,626863,272100.0,,,
000156,881164,文化传媒,6.78,6.75,1.03,111423,70100.0,,,
000157,881268,工程机械,7.61,7.58,1.58,598238,364421.0,,,
000158,881271,IT服务,12.73,12.63,-1.65,261751,115721.0,,,
000159,881279,光伏设备,5.27,5.28,-0.95,100077,36218.0,,,
000166,881157,证券,4.67,4.66,0.64,846319,447799.0,,,
000301,881180,石油加工贸易,11.97,11.99,-0.58,235577,121471.0,,,
000333,881131,白色家电,87.01,87.01,2.23,461498,276758.0,,,
000338,881126,汽车零部件,27.29,26.6,-4.87,1031806,485180.0,,,
000400,881278,电网设备,22.63,22.71,1.46,250010,140321.0,,,
000401,881115,建筑材料,3.64,3.63,0.55,73762,39347.0,,,
000402,881153,房地产,2.44,2.42,0.82,512882,244862.0,,,
000403,881142,生物制品,10.21,10.16,2.06,116411,62731.0,,,
000404,881131,白色家电,7.74,7.7,-0.78,148791,63605.0,,,
000407,881146,燃气,3.91,3.89,-0.26,134610,53585.0,,,
000408,881263,农化制品,79.6,80.0,0.25,109441,56157.0,,,
000409,881271,IT服务,8.54,8.5,-0.35,60944,28123.0,,,
000410,881117,通用设备,4.86,4.83,-0.62,161163,79577.0,,,
000411,881143,医药商业,9.4,9.36,0.64,34749,17786.0,,,
000415,881283,多元金融,4.43,4.4,-0.45,606528,284120.0,,,
000417,881158,零售,5.74,5.69,-1.74,507782,237781.0,,,
000419,881158,零售,4.8,4.76,0.83,79562,37567.0,,,
000420,881264,化学纤维,3.75,3.73,0.53,424086,220897.0,,,
000421,881165,综合,5.37,5.36,-0.19,66940,35119.0,,,
000422,881263,农化制品,13.12,13.0,0.08,255175,138154.0,,,
000423,881141,中药,53.8,53.8,2.68,113101,66416.0,,,
000425,881268,工程机械,9.0,8.96,2.11,1489569,825303.0,,,
000426,881169,贵金属,32.35,32.83,-2.63,650488,292592.0,,,
000428,881160,旅游及酒店,4.04,4.44,-5.2,1086562,324535.0,,,
000429,881149,公路铁路运输,14.7,14.78,-2.99,131365,51320.0,,,
000430,881160,旅游及酒店,6.28,6.28,0.16,77304,35176.0,,,
000488,881137,造纸,1.96,1.95,-0.51,96365,39995.0,,,
000498,881116,建筑装饰,5.0,4.99,1.4,113656,69997.0,,,
000501,881158,零售,7.05,7.01,1.7,138698,67114.0,,,
000503,881272,软件开发,7.2,7.15,-0.56,287714,142064.0,,,
000504,881175,医疗服务,7.62,7.54,-3.02,74508,30155.0,,,
000505,881103,农产品加工,5.53,5.5,0.0,71543,37278.0,,,
000506,881169,贵金属,12.71,13.1,3.86,1157187,497895.0,,,
000507,881148,港口航运,5.02,5.0,0.6,117603,56751.0,,,
000509,881122,光学光电子,2.92,2.9,-2.74,298168,105705.0,,,
000510,881108,化学原料,14.44,14.52,-9.97,532136,260181.0,,,
000513,881140,化学制药,30.92,30.9,0.29,66951,34628.0,,,
000514,881153,房地产,3.78,3.75,-0.26,108126,47940.0,,,
000516,881175,医疗服务,4.21,4.22,0.24,254306,128499.0,,,
000517,881153,房地产,1.89,1.86,-0.53,614312,250291.0,,,
000518,881142,生物制品,3.58,3.57,-3.63,351528,129332.0,,,
000519,881166,军工装备,14.03,13.91,-0.21,477750,231195.0,,,
000520,881148,港口航运,3.82,3.83,-4.45,213910,90423.0,,,
000521,881131,白色家电,4.91,4.9,0.0,103079,46232.0,,,
000523,881133,饮料制造,2.83,2.81,1.77,513597,261355.0,,,
000524,881160,旅游及酒店,8.95,8.93,0.11,172144,94025.0,,,
000525,881263,农化制品,4.68,4.68,-0.43,262335,123966.0,,,
000526,881178,教育,33.03,33.51,9.99,62313,26154.0,,,
000528,881268,工程机械,8.79,8.74,0.8,310970,158288.0,,,
000529,881134,食品加工制造,4.68,4.67,0.21,35952,18046.0,,,
000530,881117,通用设备,4.85,4.83,-1.03,107420,49365.0,,,
000531,881145,电力,5.83,5.79,-0.34,97814,41718.0,,,
000532,881283,多元金融,10.6,10.59,-0.28,53774,27349.0,,,
000533,881278,电网设备,12.13,11.52,-9.98,1404204,610151.0,,,
000534,881142,生物制品,26.22,26.06,-4.69,178490,77506.0,,,
000536,881122,光学光电子,3.13,3.1,-1.28,406617,150395.0,,,
000537,881145,电力,7.63,7.59,0.13,206946,98664.0,,,
000538,881141,中药,51.89,51.89,1.66,145172,90571.0,,,
000539,881145,电力,5.65,5.6,-3.54,879105,330946.0,,,
000541,881122,光学光电子,4.95,4.92,0.81,89249,42500.0,,,
000543,881145,电力,7.91,7.88,0.88,333143,177474.0,,,
000544,881181,环境治理,7.35,7.35,0.95,54204,33336.0,,,
000545,881108,化学原料,2.48,2.46,-1.21,318757,135781.0,,,
000546,881181,环境治理,4.33,4.34,-0.92,172711,77018.0,,,
000547,881276,军工电子,14.18,14.1,-3.03,504669,205408.0,,,
000548,881149,公路铁路运输,4.22,4.22,0.47,91011,38629.0,,,
000550,881125,汽车整车,16.66,16.62,2.64,48300,30471.0,,,
000551,881284,环保设备,12.87,12.76,-6.37,227490,81106.0,,,
000552,881105,煤炭开采加工,2.61,2.6,0.0,631883,300447.0,,,
000553,881263,农化制品,5.26,5.24,1.71,87886,47740.0,,,
000554,881180,石油加工贸易,6.34,6.45,1.74,299286,140515.0,,,
000555,881271,IT服务,10.82,10.82,3.97,486115,262618.0,,,
000557,881149,公路铁路运输,3.67,3.65,-0.54,86597,42689.0,,,
000558,881160,旅游及酒店,3.33,3.32,-0.3,301153,137691.0,,,
000559,881126,汽车零部件,10.77,10.69,-0.56,335842,147956.0,,,
000560,881153,房地产,2.24,2.22,-0.89,705743,277569.0,,,
000561,881166,军工装备,7.39,7.36,1.62,136132,82046.0,,,
000563,881283,多元金融,3.07,3.07,1.3,524625,304866.0,,,
000564,881158,零售,1.4,1.39,0.0,3034719,1644958.0,,,
000565,881109,化学制品,5.59,5.59,-0.89,86226,42199.0,,,
000566,881140,化学制药,5.41,5.45,9.98,3655394,1640282.0,,,
000567,881283,多元金融,6.0,6.0,1.33,416398,226331.0,,,
000568,881273,白酒,88.23,88.23,2.62,197631,99980.0,,,
000570,881117,通用设备,4.92,4.9,-0.61,110687,50434.0,,,
000571,881105,煤炭开采加工,5.65,5.6,-4.25,220678,99798.0,,,
000572,881125,汽车整车,3.72,3.72,1.88,943951,506793.0,,,
000573,881153,房地产,3.6,3.58,-3.33,175078,57939.0,,,
000576,881166,军工装备,6.69,6.65,-1.94,111061,48767.0,,,
000581,881126,汽车零部件,17.61,17.6,1.76,108160,63815.0,,,
000582,881148,港口航运,12.32,12.29,1.54,435022,222870.0,,,
000586,881129,通信设备,10.6,10.55,-2.92,57436,26166.0,,,
000589,881126,汽车零部件,4.36,4.35,0.46,258842,115099.0,,,
000590,881141,中药,8.08,8.1,-0.74,34056,15170.0,,,
000591,881145,电力,4.52,4.5,0.22,497710,225957.0,,,
000592,881101,种植业与林业,5.76,5.71,-3.3,1275771,605395.0,,,
000593,881146,燃气,16.67,16.58,-7.74,209799,87489.0,,,
000595,881145,电力,5.36,5.3,-8.02,504207,189064.0,,,
000596,881273,白酒,90.91,90.88,1.85,119346,55430.0,,,
000597,881140,化学制药,4.61,4.61,-1.08,122218,53508.0,,,
000598,881181,环境治理,7.33,7.31,0.95,295748,166590.0,,,
000599,881126,汽车零部件,4.59,4.59,0.65,115149,57793.0,,,
000600,881145,电力,8.78,8.7,-2.73,326098,124291.0,,,
000601,881145,电力,6.41,6.41,-2.81,491869,186813.0,,,
000603,881168,工业金属,25.0,25.4,-3.72,556868,259592.0,,,
000605,881181,环境治理,5.54,5.53,-1.08,40711,18427.0,,,
000607,881164,文化传媒,3.44,3.42,-0.58,139281,57871.0,,,
000608,881153,房地产,6.03,6.04,-6.47,262502,105913.0,,,
000609,881153,房地产,9.19,9.1,-2.72,72100,26137.0,,,
000610,881160,旅游及酒店,5.44,5.39,1.65,34926,16891.0,,,
000612,881168,工业金属,11.01,11.06,-0.45,335507,155088.0,,,
000615,881182,美容护理,3.01,3.02,1.0,72009,35695.0,,,
000617,881283,多元金融,7.05,7.03,1.7,1141585,570808.0,,,
000619,881115,建筑材料,4.38,4.38,1.37,82483,43610.0,,,
000620,881153,房地产,2.67,2.63,-4.12,1815662,695492.0,,,
000623,881141,中药,18.24,18.12,0.33,135824,65773.0,,,
000625,881125,汽车整车,7.52,7.5,4.12,1948573,1109409.0,,,
000626,881159,贸易,6.98,7.06,-1.29,100777,45565.0,,,
000628,881116,建筑装饰,36.43,36.32,-4.8,86841,36843.0,,,
000629,881112,钢铁,3.08,3.06,-0.65,1004922,405397.0,,,
000630,881168,工业金属,6.15,6.17,-0.98,1998118,867020.0,,,
000631,881145,电力,2.92,2.91,-1.37,108217,45265.0,,,
000632,881165,综合,3.18,3.18,6.92,174848,99582.0,,,
000633,881114,金属新材料,4.94,4.95,-1.21,82072,39919.0,,,
000635,881108,化学原料,6.14,6.14,-1.14,39634,16206.0,,,
000636,881270,元件,47.51,48.67,6.29,2673623,1294093.0,,,
000637,881180,石油加工贸易,3.59,3.64,-0.56,104349,50416.0,,,
000639,881134,食品加工制造,1.56,1.55,-2.56,665379,273072.0,,,
000650,881141,中药,5.47,5.44,0.37,150585,81692.0,,,
000651,881131,白色家电,41.65,41.6,1.97,670717,430770.0,,,
000652,881165,综合,3.53,3.52,-0.57,127814,58691.0,,,
000655,881112,钢铁,6.68,6.65,0.75,55348,26974.0,,,
000656,881153,房地产,1.23,1.22,-3.25,2009824,755004.0,,,
000657,881170,小金属,52.54,52.57,-7.88,677262,308444.0,,,
000659,881138,包装印刷,2.64,2.61,-2.65,459575,165596.0,,,
000661,881142,生物制品,81.15,81.17,-0.81,94248,45184.0,,,
000663,881101,种植业与林业,5.03,5.01,-1.19,51145,26037.0,,,
000665,881164,文化传媒,3.81,3.79,-0.79,140258,64948.0,,,
000668,881153,房地产,20.3,20.86,-6.35,75973,28053.0,,,
000669,881146,燃气,3.41,3.4,-2.05,31666,10834.0,,,
000670,881123,其他电子,6.71,6.65,4.32,855294,430682.0,,,
000672,881115,建筑材料,13.2,13.0,-5.0,286184,115055.0,,,
000676,881164,文化传媒,7.17,7.0,-5.02,1557878,677171.0,,,
000677,881264,化学纤维,1.67,1.65,-3.59,463869,183226.0,,,
000678,881126,汽车零部件,8.1,8.07,0.12,89839,43988.0,,,
000679,881158,零售,5.62,5.58,-3.38,77608,36690.0,,,
000680,881268,工程机械,11.29,11.2,0.09,237153,118959.0,,,
000681,881164,文化传媒,16.87,16.86,-0.77,295770,142430.0,,,
000682,881278,电网设备,11.99,11.89,-0.92,187343,98534.0,,,
000683,881108,化学原料,6.31,6.28,0.0,920624,404508.0,,,
000685,881181,环境治理,11.06,11.0,0.63,172170,93442.0,,,
000686,881157,证券,8.04,8.0,0.75,226556,130662.0,,,
000688,881170,小金属,28.93,29.02,-4.63,191357,87365.0,,,
000690,881145,电力,5.09,4.97,-2.55,1120401,418422.0,,,
000691,881108,化学原料,9.49,9.48,-4.11,136975,52755.0,,,
000692,881145,电力,3.75,3.71,-3.47,126969,54495.0,,,
000695,881281,电池,12.99,12.96,-1.92,51598,22395.0,,,
000697,881166,军工装备,8.46,8.5,-3.9,84047,29806.0,,,
000698,881180,石油加工贸易,3.24,3.23,-0.31,42055,21498.0,,,
000700,881126,汽车零部件,10.27,10.2,-7.59,562287,205032.0,,,
000701,881159,贸易,4.78,4.75,-1.05,134849,60468.0,,,
000702,881103,农产品加工,4.89,4.93,1.23,75113,40407.0,,,
000703,881264,化学纤维,15.6,15.51,2.88,901982,464361.0,,,
000705,881143,医药商业,6.46,6.42,-0.46,41265,19715.0,,,
000707,881108,化学原料,4.38,4.37,0.68,89014,50090.0,,,
000708,881112,钢铁,14.75,14.74,1.63,149698,81217.0,,,
000709,881112,钢铁,2.13,2.13,0.94,942676,505816.0,,,
000710,881175,医疗服务,8.08,8.08,-1.36,68157,30403.0,,,
000711,881181,环境治理,4.58,4.65,-1.31,806554,340829.0,,,
000712,881157,证券,8.48,8.38,1.3,256936,143127.0,,,
000713,881101,种植业与林业,5.67,5.64,1.06,62300,36358.0,,,
000715,881158,零售,4.73,4.73,-0.42,85496,40867.0,,,
000716,881134,食品加工制造,4.63,4.6,0.65,293298,147325.0,,,
000717,881112,钢铁,2.2,2.2,0.91,219194,111170.0,,,
000718,881153,房地产,1.86,1.85,-1.08,242331,100174.0,,,
000719,881164,文化传媒,12.8,12.7,0.31,55087,33702.0,,,
000720,881278,电网设备,3.47,3.48,-3.46,498240,204811.0,,,
000721,881160,旅游及酒店,6.19,6.2,10.02,291404,142082.0,,,
000722,881145,电力,12.59,12.57,-3.42,247797,105162.0,,,
000723,881105,煤炭开采加工,3.57,3.57,0.28,457714,202789.0,,,
000725,881122,光学光电子,5.71,5.63,-6.13,21987199,8361464.0,,,
000726,881135,纺织制造,5.96,5.93,0.34,55821,24733.0,,,
000727,881122,光学光电子,2.25,2.24,-0.89,804468,377774.0,,,
000728,881157,证券,7.29,7.27,0.27,310628,148695.0,,,
000729,881133,饮料制造,12.77,12.73,0.47,296425,155248.0,,,
000731,881263,农化制品,5.87,5.87,-1.02,68395,28854.0,,,
000733,881276,军工电子,40.39,40.24,1.04,209533,96211.0,,,
000735,881102,养殖业,5.08,5.07,2.56,320399,179612.0,,,
000736,881153,房地产,4.4,4.28,-1.82,350458,166323.0,,,
000737,881168,工业金属,13.26,13.42,-2.11,396054,182385.0,,,
000738,881166,军工装备,18.43,18.39,-0.38,115019,62454.0,,,
000739,881140,化学制药,20.66,20.67,-3.1,160623,67159.0,,,
000750,881157,证券,3.83,3.81,0.0,578435,285400.0,,,
000751,881168,工业金属,4.46,4.42,-2.69,413956,143812.0,,,
000752,881133,饮料制造,8.01,8.02,-0.37,28263,13573.0,,,
000753,881165,综合,4.65,4.63,-0.22,249414,111041.0,,,
000755,881149,公路铁路运输,4.67,4.67,0.0,39418,19527.0,,,
000756,881140,化学制药,13.67,13.58,-1.17,81797,29763.0,,,
000757,881128,汽车服务及其他,3.68,3.67,-0.82,125614,56023.0,,,
000758,881168,工业金属,5.88,5.86,0.34,271211,128451.0,,,
000759,881158,零售,7.14,6.9,-6.72,1120989,443927.0,,,
000761,881112,钢铁,2.32,2.31,0.43,151798,75764.0,,,
000762,881112,钢铁,22.38,22.29,0.18,153372,77375.0,,,
000766,881140,化学制药,16.36,16.35,1.16,180499,91921.0,,,
000767,881145,电力,3.76,3.71,-4.52,1567417,578086.0,,,
000768,881166,军工装备,20.98,20.85,-0.1,187816,93754.0,,,
000776,881157,证券,21.68,21.38,-2.21,725145,323671.0,,,
000777,881117,通用设备,17.26,17.16,-1.1,97829,43074.0,,,
000778,881112,钢铁,3.83,3.81,0.52,653385,353445.0,,,
000779,881116,建筑装饰,12.2,12.2,-1.97,767216,326064.0,,,
000782,881264,化学纤维,6.59,6.56,-3.95,121809,43351.0,,,
000783,881157,证券,8.6,8.49,-0.35,918437,416579.0,,,
000785,881158,零售,2.25,2.21,0.44,877991,393211.0,,,
000786,881115,建筑材料,20.36,20.3,0.25,180140,92202.0,,,
000788,881140,化学制药,5.2,5.2,-1.35,130843,56556.0,,,
000789,881115,建筑材料,4.03,4.03,0.99,84219,44286.0,,,
000790,881141,中药,3.75,3.74,-0.53,144518,68883.0,,,
000791,881145,电力,7.81,7.83,-0.38,299792,130913.0,,,
000792,881263,农化制品,27.62,27.6,0.87,786634,412224.0,,,
000793,881164,文化传媒,2.19,0.0,0.0,0,0.0,,,
000795,881114,金属新材料,8.37,8.3,0.24,127678,66203.0,,,
000796,881160,旅游及酒店,3.73,3.73,0.0,420788,203528.0,,,
000797,881153,房地产,2.33,2.32,-0.43,220714,89134.0,,,
000798,881102,养殖业,7.86,7.79,0.13,71180,37411.0,,,
000799,881273,白酒,39.04,38.79,4.28,213421,115128.0,,,
000800,881125,汽车整车,6.37,6.35,1.73,187820,113737.0,,,
000801,881132,黑色家电,11.33,11.3,1.94,176289,101143.0,,,
000802,881274,影视院线,4.07,3.91,-5.41,918601,386046.0,,,
000803,881181,环境治理,6.6,6.58,-0.61,91849,41124.0,,,
000807,881168,工业金属,26.15,26.53,1.34,943572,487702.0,,,
000809,881280,风电设备,3.16,3.15,-1.58,151660,54579.0,,,
000810,881132,黑色家电,9.36,9.31,-1.71,238862,110363.0,,,
000811,881117,通用设备,37.18,36.52,-10.01,466316,261702.0,,,
000812,881138,包装印刷,3.37,3.34,3.56,411308,228378.0,,,
000813,881140,化学制药,3.32,3.31,-1.51,255987,115884.0,,,
000815,881162,通信服务,15.0,14.73,-8.0,843037,348226.0,,,
000816,881168,工业金属,2.57,2.57,-0.78,320734,166146.0,,,
000818,881108,化学原料,12.47,12.35,-3.37,199828,76700.0,,,
000819,881180,石油加工贸易,11.89,11.89,1.09,70510,35244.0,,,
000820,881284,环保设备,2.91,3.2,9.97,6728,0.0,,,
000821,881279,光伏设备,7.01,6.97,-1.14,69152,25566.0,,,
000822,881108,化学原料,4.22,4.2,-0.24,127720,61044.0,,,
000823,881270,元件,13.12,12.92,-6.94,560009,223359.0,,,
000825,881112,钢铁,3.61,3.6,0.55,355844,164880.0,,,
000826,881181,环境治理,1.53,1.58,2.61,600604,285469.0,,,
000828,881149,公路铁路运输,10.0,9.97,0.7,77953,50397.0,,,
000829,881158,零售,8.58,8.69,-1.05,242374,120099.0,,,
000830,881108,化学原料,12.84,12.8,-0.86,285568,133057.0,,,
000831,881170,小金属,48.03,47.7,-1.31,171309,72654.0,,,
000833,881167,非金属材料,19.4,19.3,-3.45,186853,72801.0,,,
000837,881117,通用设备,9.26,9.19,-1.4,129528,62350.0,,,
000838,881153,房地产,2.27,2.23,0.0,240781,117632.0,,,
000839,881162,通信服务,2.82,2.64,-4.61,1874427,850265.0,,,
000848,881133,饮料制造,8.87,8.84,2.59,373281,235408.0,,,
000850,881135,纺织制造,4.01,3.99,-1.25,67152,25919.0,,,
000852,881118,专用设备,5.2,5.2,-0.19,104529,52173.0,,,
000856,881118,专用设备,7.36,7.45,0.54,43926,22480.0,,,
000858,881273,白酒,75.17,75.1,4.51,729039,407921.0,,,
000859,881265,塑料制品,7.87,7.76,6.35,774794,425878.0,,,
000860,881273,白酒,10.84,10.84,2.68,168527,93249.0,,,
000862,881145,电力,5.73,5.64,-3.84,499297,200319.0,,,
000863,881153,房地产,3.85,3.82,-5.71,175012,71729.0,,,
000868,881125,汽车整车,3.6,3.62,1.11,120841,65547.0,,,
000869,881133,饮料制造,17.46,17.4,1.95,17682,11009.0,,,
000875,881145,电力,5.32,5.26,2.26,801631,476701.0,,,
000876,881103,农产品加工,6.9,6.89,1.45,370955,194157.0,,,
000877,881115,建筑材料,3.74,3.74,2.14,176649,90505.0,,,
000878,881168,工业金属,15.53,15.54,0.58,338014,160127.0,,,
000880,881117,通用设备,21.61,21.48,-1.71,81197,38457.0,,,
000881,881109,化学制品,6.37,6.33,-0.31,74264,34135.0,,,
000882,881158,零售,1.41,1.41,-0.71,754648,364898.0,,,
000883,881145,电力,4.72,4.71,0.85,275466,141580.0,,,
000885,881181,环境治理,12.77,12.75,1.33,53788,33870.0,,,
000886,881149,公路铁路运输,4.54,4.55,0.66,157255,78162.0,,,
000887,881126,汽车零部件,17.02,16.8,-1.29,205498,83396.0,,,
000888,881160,旅游及酒店,9.61,9.6,0.31,108633,57445.0,,,
000889,881162,通信服务,3.67,3.66,-5.99,514402,183272.0,,,
000890,881284,环保设备,6.65,6.66,-4.51,160552,70985.0,,,
000892,881274,影视院线,3.51,3.48,-4.56,1368588,630393.0,,,
000893,881263,农化制品,51.33,51.6,1.89,214385,124563.0,,,
000895,881134,食品加工制造,26.07,26.06,2.99,166691,95055.0,,,
000897,881153,房地产,1.75,1.74,-0.57,264975,135140.0,,,
000898,881112,钢铁,2.05,2.05,0.98,384489,191871.0,,,
000899,881145,电力,10.95,10.75,-1.1,207178,95315.0,,,
000900,881149,公路铁路运输,3.74,3.74,0.53,123960,58718.0,,,
000901,881126,汽车零部件,14.05,13.99,-1.28,138407,66734.0,,,
000902,881263,农化制品,13.76,13.74,1.09,99297,54316.0,,,
000903,881126,汽车零部件,1.74,1.73,-1.72,166936,55051.0,,,
000905,881148,港口航运,8.48,8.43,-0.59,111290,52270.0,,,
000906,881152,物流,5.41,5.38,0.0,56583,26742.0,,,
000908,881140,化学制药,6.15,6.11,-4.72,244705,98461.0,,,
000909,881153,房地产,4.38,4.35,-3.2,73377,34728.0,,,
000910,881139,家居用品,5.05,5.06,0.4,52246,27227.0,,,
000911,881103,农产品加工,4.19,4.19,-1.91,29937,8661.0,,,
000912,881263,农化制品,3.64,3.63,-0.82,206366,95096.0,,,
000913,881128,汽车服务及其他,11.36,11.35,7.04,141321,87308.0,,,
000915,881140,化学制药,25.52,25.48,1.06,36089,22354.0,,,
000917,881164,文化传媒,6.78,6.75,0.44,310896,165241.0,,,
000919,881140,化学制药,6.25,6.22,-0.96,109666,44279.0,,,
000920,881265,塑料制品,11.25,11.17,-6.67,198727,72320.0,,,
000921,881131,白色家电,26.49,26.48,2.49,149512,85165.0,,,
000922,881277,电机,10.76,10.65,0.65,126245,56670.0,,,
000923,881112,钢铁,15.0,15.0,-1.73,138621,62630.0,,,
000925,881269,轨交设备,6.93,7.05,-1.73,202515,78077.0,,,
000926,881153,房地产,2.11,2.09,-1.9,263670,110091.0,,,
000927,881152,物流,2.5,2.5,1.2,426844,209021.0,,,
000928,881116,建筑装饰,5.13,5.11,0.58,172439,79285.0,,,
000929,881133,饮料制造,8.02,8.03,0.75,47775,23521.0,,,
000930,881103,农产品加工,4.66,4.64,1.72,195161,114032.0,,,
000931,881140,化学制药,4.18,4.17,-9.33,281151,120192.0,,,
000932,881112,钢铁,3.92,3.9,1.53,1040969,563083.0,,,
000933,881168,工业金属,25.75,26.2,2.37,674340,330382.0,,,
000935,881283,多元金融,22.5,22.45,-4.89,82596,37015.0,,,
000936,881264,化学纤维,5.03,5.03,0.6,131110,52900.0,,,
000937,881105,煤炭开采加工,4.78,4.79,-0.63,184858,76538.0,,,
000938,881271,IT服务,37.33,35.0,-9.99,2539454,1284938.0,,,
000948,881272,软件开发,14.46,14.41,6.36,559889,227589.0,,,
000949,881264,化学纤维,5.97,5.91,-1.34,306349,148563.0,,,
000950,881143,医药商业,5.43,5.41,0.18,235705,113585.0,,,
000951,881125,汽车整车,23.23,23.09,2.07,135801,71871.0,,,
000952,881140,化学制药,5.51,5.47,-1.27,77788,34476.0,,,
000953,881140,化学制药,5.38,5.36,-1.67,57978,26377.0,,,
000955,881135,纺织制造,3.86,3.87,-1.81,118708,49758.0,,,
000957,881125,汽车整车,10.4,10.39,1.83,153973,87327.0,,,
000958,881145,电力,5.43,5.42,-0.18,151144,75034.0,,,
000959,881112,钢铁,3.92,3.85,-0.77,417016,180083.0,,,
000960,881170,小金属,32.0,32.06,-1.69,485576,194601.0,,,
000962,881170,小金属,45.31,44.91,-9.4,254032,112691.0,,,
000963,881140,化学制药,29.25,29.2,0.82,182778,90009.0,,,
000965,881153,房地产,3.13,3.1,-0.32,137047,67171.0,,,
000966,881145,电力,4.31,4.31,-0.93,462813,192022.0,,,
000967,881284,环保设备,7.51,7.49,-4.93,957445,437199.0,,,
000968,881107,油气开采及服务,6.86,6.95,1.75,507806,223965.0,,,
000969,881114,金属新材料,15.96,15.86,-3.7,285340,112923.0,,,
000970,881114,金属新材料,12.86,12.9,-5.21,602622,249832.0,,,
000972,881103,农产品加工,3.32,3.33,-2.41,90662,31172.0,,,
000973,881265,塑料制品,12.38,12.26,-1.45,313277,141894.0,,,
000975,881169,贵金属,22.45,23.0,3.21,957854,507254.0,,,
000977,881130,计算机设备,74.94,73.31,-7.82,916212,442908.0,,,
000978,881160,旅游及酒店,5.8,5.79,0.69,157498,78177.0,,,
000980,881125,汽车整车,1.64,1.64,0.61,1491884,708426.0,,,
000981,881126,汽车零部件,2.57,2.55,-0.39,2380175,1104989.0,,,
000983,881105,煤炭开采加工,6.5,6.49,0.31,704160,342953.0,,,
000985,881180,石油加工贸易,14.24,14.25,-0.7,18668,8989.0,,,
000987,881283,多元金融,7.76,7.72,0.39,364145,170964.0,,,
000988,881171,自动化设备,100.26,98.01,-9.14,735040,361286.0,,,
000989,881141,中药,9.01,8.98,-1.78,404758,174157.0,,,
000990,881108,化学原料,6.49,6.49,0.15,430593,195086.0,,,
000993,881145,电力,10.02,10.08,-0.1,115664,52882.0,,,
000995,881273,白酒,10.15,10.1,2.96,289762,150086.0,,,
000997,881130,计算机设备,17.61,17.6,4.88,438873,255102.0,,,
000998,881101,种植业与林业,8.27,8.25,1.93,179298,109805.0,,,
000999,881141,中药,25.47,25.3,1.77,201877,112401.0,,,
001201,881102,养殖业,11.26,11.25,-0.53,36047,17795.0,,,
001202,881152,物流,12.32,12.24,-1.14,30707,12831.0,,,
001203,881112,钢铁,26.76,26.73,-2.95,134017,55269.0,,,
001205,881148,港口航运,13.26,13.25,0.9,66524,33823.0,,,
001206,881182,美容护理,16.36,16.2,-6.97,114449,40970.0,,,
001207,881266,橡胶制品,14.82,14.82,0.34,34231,14832.0,,,
001208,881278,电网设备,13.88,13.8,-5.19,190391,75716.0,,,
001209,881136,服装家纺,15.6,15.6,0.0,17492,7905.0,,,
001210,881145,电力,17.58,17.46,-3.64,46996,15413.0,,,
001211,881139,家居用品,18.81,18.86,-2.34,30089,13320.0,,,
001212,881115,建筑材料,33.26,32.94,-6.34,54475,24062.0,,,
001213,881149,公路铁路运输,3.56,3.55,0.56,81552,46379.0,,,
001215,881134,食品加工制造,31.72,32.02,-3.69,22923,9623.0,,,
001216,881139,家居用品,13.53,13.42,-1.18,30559,13002.0,,,
001217,881108,化学原料,9.76,9.77,1.54,82514,38841.0,,,
001218,881109,化学制品,21.7,21.53,-1.11,18331,7356.0,,,
001219,881134,食品加工制造,12.41,12.31,0.0,36264,18521.0,,,
001220,,,29.13,29.14,0.76,9703,4912.0,,,
001221,,,39.66,39.49,5.07,46637,23651.0,,,
001222,881139,家居用品,14.03,13.96,0.14,74888,35508.0,,,
001223,881171,自动化设备,31.5,31.8,-5.11,20473,7912.0,,,
001225,881118,专用设备,39.69,39.67,10.0,18323,8188.0,,,
001226,881268,工程机械,39.93,39.94,-7.71,8606,2748.0,,,
001227,881155,银行,2.18,2.18,1.83,1180081,631809.0,,,
001228,881152,物流,26.71,26.47,0.56,8618,3966.0,,,
001229,881130,计算机设备,34.99,34.67,-10.0,50959,25535.0,,,
001230,881181,环境治理,17.27,17.27,-4.4,48641,18624.0,,,
001231,881263,农化制品,18.03,18.06,1.72,17746,10349.0,,,
001233,,,43.34,43.29,2.7,19790,11076.0,,,
001234,881136,服装家纺,19.29,19.29,0.57,14900,7145.0,,,
001236,881283,多元金融,7.52,7.46,1.33,154158,86214.0,,,
001237,,,52.85,52.7,-1.46,19694,7956.0,,,
001238,881139,家居用品,23.81,23.99,1.6,4911,2002.0,,,
001239,881268,工程机械,11.04,11.04,-1.54,44846,20077.0,,,
001248,,,13.94,13.69,-6.24,1874715,646802.0,,,
001255,881265,塑料制品,23.04,23.04,-1.26,11835,5243.0,,,
001256,881118,专用设备,22.7,22.64,-3.88,25057,8989.0,,,
001257,,,23.91,23.81,-1.67,128775,50579.0,,,
001258,881145,电力,11.61,11.85,6.37,1868895,900833.0,,,
001259,881173,小家电,41.82,42.02,-6.81,16903,7127.0,,,
001260,881126,汽车零部件,15.46,15.49,-1.68,12600,5534.0,,,
001266,881171,自动化设备,30.72,30.59,-5.99,26622,11104.0,,,
001267,881129,通信设备,30.12,29.57,-9.99,371944,175629.0,,,
001268,881131,白色家电,17.25,17.37,-5.91,31040,14848.0,,,
001269,881279,光伏设备,17.77,17.82,4.84,53311,27278.0,,,
001270,881276,军工电子,95.22,95.12,-7.53,85539,38480.0,,,
001277,,,26.68,26.68,0.04,10473,5052.0,,,
001278,881126,汽车零部件,14.1,14.5,-0.99,25468,12557.0,,,
001279,,,23.74,23.6,4.17,25506,10624.0,,,
001280,,,60.6,60.5,-1.44,48851,20548.0,,,
001282,881126,汽车零部件,15.1,15.02,-0.6,32196,12769.0,,,
001283,881281,电池,43.85,43.61,-4.65,24346,7839.0,,,
001285,,,40.23,40.0,1.39,13735,7195.0,,,
001286,881145,电力,10.48,10.43,0.19,250013,103388.0,,,
001287,881123,其他电子,20.99,20.71,-2.95,225294,95197.0,,,
001288,881118,专用设备,25.59,25.42,-1.25,31408,12729.0,,,
001289,881145,电力,16.27,16.26,0.92,57129,29539.0,,,
001296,881167,非金属材料,16.98,17.09,-1.18,19694,8936.0,,,
001298,881123,其他电子,16.09,15.9,-2.92,68871,24948.0,,,
001299,881146,燃气,9.61,9.62,-0.94,23904,10446.0,,,
001300,881139,家居用品,10.15,10.2,-3.45,28143,12831.0,,,
001301,881281,电池,55.15,54.79,2.45,65504,33454.0,,,
001306,881117,通用设备,47.41,47.45,-0.46,6751,3007.0,,,
001308,881122,光学光电子,17.25,17.08,-0.64,24189,10786.0,,,
001309,881121,半导体,354.58,359.33,10.0,306387,148772.0,,,
001311,881126,汽车零部件,16.0,16.27,-1.94,56664,27923.0,,,
001312,,,17.51,17.51,0.06,27571,13628.0,,,
001313,881103,农产品加工,7.1,7.05,0.0,136553,64510.0,,,
001314,881124,消费电子,48.02,47.6,-7.25,70509,30675.0,,,
001316,881180,石油加工贸易,25.52,25.44,-3.1,18426,6475.0,,,
001317,881152,物流,52.5,52.54,-3.1,72129,33879.0,,,
001318,881133,饮料制造,11.1,11.22,-4.05,163331,74689.0,,,
001319,881126,汽车零部件,18.24,18.08,-0.11,19143,9428.0,,,
001322,881139,家居用品,6.08,6.03,0.49,44928,19556.0,,,
001323,881139,家居用品,17.17,17.17,3.49,97512,44570.0,,,
001324,881269,轨交设备,18.95,18.83,-1.79,17530,8686.0,,,
001325,,,35.09,34.79,1.45,10404,5476.0,,,
001326,881122,光学光电子,44.15,44.37,-4.48,14891,7523.0,,,
001328,881182,美容护理,32.08,32.08,-0.78,33586,18283.0,,,
001330,881274,影视院线,4.8,4.75,-3.96,704797,298279.0,,,
001331,881146,燃气,38.7,38.58,-4.13,102943,50209.0,,,
001332,881118,专用设备,29.91,29.91,-2.07,14054,5655.0,,,
001333,881265,塑料制品,17.93,17.93,-1.34,14124,7294.0,,,
001335,,,29.94,29.94,-1.94,8152,2692.0,,,
001336,881284,环保设备,16.22,16.25,-0.25,17893,8684.0,,,
001337,881169,贵金属,38.99,39.77,-0.21,245778,113766.0,,,
001338,881103,农产品加工,8.66,8.62,0.23,53031,26767.0,,,
001339,881130,计算机设备,68.64,68.28,-7.69,109493,52621.0,,,
001356,,,8.42,8.42,-0.71,46913,20594.0,,,
001358,881109,化学制品,26.98,25.37,-10.01,116310,49071.0,,,
001359,881167,非金属材料,77.44,76.08,-9.99,59650,25332.0,,,
001360,881118,专用设备,14.23,14.17,-2.39,30461,11382.0,,,
001365,,,36.22,35.99,-3.37,58703,22664.0,,,
001366,881103,农产品加工,10.73,10.76,0.19,34219,17256.0,,,
001367,881140,化学制药,17.95,17.87,-2.67,11826,4836.0,,,
001368,881139,家居用品,19.96,19.89,-1.8,14467,6178.0,,,
001369,,,12.79,12.71,0.47,113157,53732.0,,,
001373,881122,光学光电子,25.02,25.03,-1.32,18726,8844.0,,,
001376,881145,电力,11.36,11.13,-1.85,340865,169198.0,,,
001378,881265,塑料制品,16.36,16.3,-1.83,38053,14430.0,,,
001379,881117,通用设备,14.84,14.85,-1.15,16886,7887.0,,,
001380,881126,汽车零部件,15.72,15.63,0.06,15901,8428.0,,,
001382,,,18.02,17.6,-5.33,81587,29309.0,,,
001386,,,14.98,14.91,1.34,47166,25951.0,,,
001387,881131,白色家电,11.48,11.44,-0.96,36302,17224.0,,,
001388,,,20.69,20.32,-5.99,84831,34583.0,,,
001389,881270,元件,146.0,145.5,-10.0,88878,48793.0,,,
001390,,,17.7,17.81,-0.68,8793,3509.0,,,
001391,,,4.34,4.32,0.23,295638,139447.0,,,
001393,,,43.02,42.83,-0.81,28360,13189.0,,,
001395,,,28.24,28.04,-2.27,42106,14945.0,,,
001396,,,31.81,31.86,0.35,13697,6287.0,,,
001399,,,24.22,23.82,-9.0,569085,180859.0,,,
001400,,,65.52,65.22,-6.59,15691,7257.0,,,
001696,881117,通用设备,14.54,14.39,-4.95,544745,203777.0,,,
001872,881148,港口航运,21.65,21.66,2.54,35730,20041.0,,,
001896,881145,电力,13.16,13.01,-10.03,1070219,426619.0,,,
001914,881153,房地产,9.07,9.05,0.88,60490,34412.0,,,
001965,881149,公路铁路运输,10.56,10.55,1.33,192572,110664.0,,,
001979,881153,房地产,7.15,7.14,-1.82,888515,406740.0,,,
002001,881140,化学制药,30.3,30.15,0.73,290495,153872.0,,,
002003,881135,纺织制造,10.83,10.77,0.37,203569,120879.0,,,
002004,881140,化学制药,4.35,4.33,1.15,211080,121414.0,,,
002005,881173,小家电,2.21,2.19,-1.36,148480,77349.0,,,
002006,881118,专用设备,13.31,13.2,-1.43,84044,42010.0,,,
002007,881142,生物制品,13.26,13.22,1.66,147704,91408.0,,,
002008,881171,自动化设备,91.0,89.08,-10.0,538394,284186.0,,,
002009,881118,专用设备,16.5,16.33,-3.21,114768,45283.0,,,
002010,881152,物流,4.72,4.7,1.48,244559,143576.0,,,
002011,881131,白色家电,10.52,10.52,0.19,109395,59566.0,,,
002012,881137,造纸,5.46,5.46,-2.38,144784,62159.0,,,
002014,881138,包装印刷,10.8,10.82,2.31,41298,21532.0,,,
002015,881145,电力,14.17,14.06,-3.25,508228,215300.0,,,
002016,881153,房地产,4.22,4.21,0.71,106969,55590.0,,,
002017,881129,通信设备,13.3,13.26,0.6,155551,76034.0,,,
002019,881140,化学制药,10.24,10.16,-0.1,89093,45184.0,,,
002020,881140,化学制药,13.88,13.78,-2.02,133450,60328.0,,,
002021,881118,专用设备,2.56,2.55,-2.34,339255,142951.0,,,
002022,881144,医疗器械,5.05,5.01,0.0,52423,25447.0,,,
002023,881166,军工装备,9.1,9.07,-0.11,219103,90060.0,,,
002024,881177,互联网电商,1.2,1.19,-0.83,292248,111108.0,,,
002025,881276,军工电子,61.08,61.0,-6.42,191144,92631.0,,,
002026,881117,通用设备,9.8,9.73,-1.94,63275,24485.0,,,
002027,881164,文化传媒,5.47,5.45,2.74,2160882,1254224.0,,,
002028,881278,电网设备,165.66,165.0,-6.98,109449,48954.0,,,
002029,881136,服装家纺,8.05,8.03,-0.12,214881,103482.0,,,
002030,881144,医疗器械,5.45,5.44,-2.02,218798,78249.0,,,
002031,881118,专用设备,4.77,4.7,-1.47,511042,218087.0,,,
002032,881173,小家电,42.74,43.0,5.15,44578,25153.0,,,
002033,881160,旅游及酒店,8.58,8.58,0.12,174788,83952.0,,,
002034,881181,环境治理,14.2,14.12,0.35,74354,34789.0,,,
002035,881174,厨卫电器,4.83,4.8,0.83,101480,54349.0,,,
002036,881122,光学光电子,7.23,7.25,-4.84,1150517,511852.0,,,
002037,881109,化学制品,6.72,6.66,-2.83,221189,96961.0,,,
002038,881140,化学制药,5.49,5.45,-2.0,343267,149670.0,,,
002039,881145,电力,19.9,19.87,0.7,90029,47796.0,,,
002040,881148,港口航运,8.09,8.05,-0.37,60667,28463.0,,,
002041,881101,种植业与林业,8.53,8.51,1.52,157854,89818.0,,,
002042,881135,纺织制造,3.68,3.65,-1.09,244687,104422.0,,,
002043,881115,建筑材料,13.73,13.59,-1.09,163102,76917.0,,,
002044,881175,医疗服务,4.55,4.51,-1.1,739284,329875.0,,,
002045,881124,消费电子,8.48,8.55,-3.77,547266,242308.0,,,
002046,881117,通用设备,45.3,45.61,-10.0,155563,74272.0,,,
002047,881116,建筑装饰,3.19,3.17,-5.02,263952,98215.0,,,
002048,881126,汽车零部件,18.21,18.11,-2.86,178153,87427.0,,,
002049,881121,半导体,64.86,64.12,-0.25,239084,119721.0,,,
002050,881131,白色家电,36.02,35.65,-1.55,475219,202695.0,,,
002051,881116,建筑装饰,9.03,8.85,-0.66,321713,149910.0,,,
002052,881282,其他电源设备,8.83,8.83,-4.64,104081,39989.0,,,
002053,881145,电力,9.55,9.52,-0.42,77871,36872.0,,,
002054,881109,化学制品,6.9,6.85,-2.17,227080,124376.0,,,
002055,881124,消费电子,5.3,5.24,-4.34,150691,47663.0,,,
002056,881279,光伏设备,20.88,20.65,-3.5,374688,169828.0,,,
002057,881179,其他社会服务,7.99,7.91,-0.88,259043,101136.0,,,
002058,881281,电池,15.5,15.5,-4.77,27981,11842.0,,,
002059,881160,旅游及酒店,4.35,4.33,0.92,139950,73345.0,,,
002060,881116,建筑装饰,3.29,3.27,0.91,155680,84410.0,,,
002061,881116,建筑装饰,3.63,3.61,0.28,170681,88220.0,,,
002062,881116,建筑装饰,7.49,7.46,-1.2,144875,71797.0,,,
002063,881272,软件开发,5.42,5.4,-0.55,280230,136316.0,,,
002064,881264,化学纤维,11.22,11.12,-0.62,609759,332381.0,,,
002065,881271,IT服务,6.92,6.86,-0.58,415360,206065.0,,,
002066,881115,建筑材料,20.56,20.56,-2.82,34069,9671.0,,,
002067,881137,造纸,4.28,4.26,-2.8,569132,195220.0,,,
002068,881266,橡胶制品,7.36,7.3,-0.82,318609,136821.0,,,
002069,881102,养殖业,3.11,3.09,0.64,92957,45819.0,,,
002072,881159,贸易,6.69,6.64,-0.3,63760,27030.0,,,
002073,881118,专用设备,5.65,5.67,3.36,275952,166597.0,,,
002074,881281,电池,28.29,27.95,1.38,402869,214116.0,,,
002075,881112,钢铁,3.63,3.63,1.1,351159,192359.0,,,
002076,881122,光学光电子,1.93,1.93,-1.55,312813,133160.0,,,
002077,881121,半导体,11.61,11.52,-3.1,294091,117471.0,,,
002078,881137,造纸,14.52,14.58,0.96,186698,95946.0,,,
002079,881279,光伏设备,9.01,9.0,-3.22,431161,176615.0,,,
002080,881115,建筑材料,43.62,43.55,-2.96,687506,352824.0,,,
002081,881116,建筑装饰,3.73,3.73,-2.14,1064641,443420.0,,,
002082,881141,中药,10.18,10.16,-8.15,200086,81217.0,,,
002083,881135,纺织制造,11.88,11.44,-5.22,1168990,499612.0,,,
002084,881139,家居用品,3.44,3.43,-2.03,151889,63314.0,,,
002085,881126,汽车零部件,10.35,10.28,1.93,329988,178842.0,,,
002086,881103,农产品加工,1.8,1.8,-1.11,343246,129645.0,,,
002088,881115,建筑材料,7.21,7.15,-0.28,36618,17373.0,,,
002090,881278,电网设备,9.26,9.29,3.24,218605,114261.0,,,
002091,881159,贸易,7.74,7.75,2.71,159820,104688.0,,,
002092,881108,化学原料,4.44,4.44,0.0,566402,261979.0,,,
002093,881162,通信服务,6.76,6.74,1.04,163946,87235.0,,,
002094,881139,家居用品,4.56,4.56,0.44,263247,132192.0,,,
002095,881164,文化传媒,13.6,13.6,1.54,38869,20975.0,,,
002096,881109,化学制品,9.38,9.4,2.03,84890,47485.0,,,
002097,881268,工程机械,7.15,7.14,0.28,176802,92689.0,,,
002098,881135,纺织制造,6.56,6.55,-0.61,26383,14182.0,,,
002099,881140,化学制药,5.47,5.41,-0.73,163022,81437.0,,,
002100,881103,农产品加工,7.03,7.01,2.42,213040,124086.0,,,
002101,881126,汽车零部件,8.76,8.75,2.4,64620,37001.0,,,
002102,881140,化学制药,2.31,2.29,-2.16,123063,42375.0,,,
002103,881139,家居用品,6.34,6.26,1.26,117956,66479.0,,,
002104,881129,通信设备,10.08,9.99,0.4,385761,197528.0,,,
002105,881128,汽车服务及其他,5.25,5.23,-0.38,80567,40273.0,,,
002106,881122,光学光电子,9.81,9.68,-0.92,220029,92633.0,,,
002107,881141,中药,6.04,6.02,-1.49,104722,43162.0,,,
002108,881265,塑料制品,4.33,4.3,0.0,251119,119135.0,,,
002109,881108,化学原料,2.56,2.57,-0.78,60542,17810.0,,,
002110,881112,钢铁,3.1,3.1,3.23,407008,241082.0,,,
002111,881166,军工装备,9.5,9.43,-0.21,83591,38697.0,,,
002112,881278,电网设备,16.19,16.16,2.41,451421,215388.0,,,
002114,881168,工业金属,6.48,6.48,-1.23,72335,29690.0,,,
002115,881162,通信服务,10.7,10.58,-4.58,610942,241957.0,,,
002116,881116,建筑装饰,6.99,7.01,0.43,34971,18490.0,,,
002117,881138,包装印刷,7.87,7.81,0.13,73649,34169.0,,,
002119,881121,半导体,20.94,20.61,-8.31,362855,157488.0,,,
002120,881152,物流,6.83,6.82,0.88,344140,176465.0,,,
002121,881278,电网设备,4.94,4.92,0.4,309538,156846.0,,,
002122,881117,通用设备,2.37,2.36,-1.69,131991,33821.0,,,
002123,881162,通信服务,8.24,8.23,-3.88,285260,139948.0,,,
002124,881102,养殖业,2.19,2.18,0.0,572162,271442.0,,,
002125,881281,电池,12.22,12.11,0.16,193068,92959.0,,,
002126,881126,汽车零部件,39.71,39.07,-6.62,326136,165791.0,,,
002127,881177,互联网电商,3.07,3.05,-0.65,437265,208887.0,,,
002128,881105,煤炭开采加工,26.76,26.79,1.27,174297,101474.0,,,
002129,881279,光伏设备,8.62,8.52,2.67,1413916,787721.0,,,
002130,881123,其他电子,16.48,16.2,3.7,598508,310665.0,,,
002131,881117,通用设备,4.09,4.06,3.67,9182004,4298167.0,,,
002132,881117,通用设备,4.01,3.99,-6.98,768971,261604.0,,,
002133,881153,房地产,2.5,2.48,-0.8,110993,48500.0,,,
002134,881270,元件,19.39,19.17,-6.6,102225,38897.0,,,
002135,881116,建筑装饰,5.91,5.91,-1.69,137402,59367.0,,,
002136,881108,化学原料,11.93,11.89,-0.84,72307,31074.0,,,
002137,881122,光学光电子,7.14,7.05,-0.7,252138,102418.0,,,
002138,881270,元件,43.15,42.79,-7.07,523110,227640.0,,,
002139,881124,消费电子,9.79,9.79,-0.41,140928,75925.0,,,
002140,881116,建筑装饰,8.83,8.82,0.91,66993,34512.0,,,
002141,881270,元件,6.3,6.4,-10.0,3300511,1471153.0,,,
002142,881155,银行,31.92,31.85,3.07,360012,207158.0,,,
002144,881135,纺织制造,9.87,9.87,0.2,52080,23027.0,,,
002145,881108,化学原料,4.63,4.6,-0.65,430550,197184.0,,,
002146,881153,房地产,1.11,1.11,0.0,1126102,533471.0,,,
002148,881162,通信服务,6.17,6.14,-2.59,190157,83445.0,,,
002149,881170,小金属,32.19,31.98,-2.89,275040,133244.0,,,
002150,881279,光伏设备,20.99,20.97,-6.15,96142,44724.0,,,
002151,881276,军工电子,28.05,27.89,-0.18,147327,74715.0,,,
002152,881130,计算机设备,9.87,9.8,0.41,325497,156242.0,,,
002153,881272,软件开发,7.95,7.95,3.52,413461,223416.0,,,
002154,881136,服装家纺,3.82,3.8,1.57,302942,166533.0,,,
002155,881169,贵金属,22.81,23.02,-1.62,548349,241746.0,,,
002156,881121,半导体,62.1,61.07,-10.0,1610228,855271.0,,,
002157,881102,养殖业,2.9,2.89,0.34,1072960,526130.0,,,
002158,881117,通用设备,25.8,25.59,-7.33,148428,60314.0,,,
002159,881160,旅游及酒店,12.83,12.8,1.48,48460,25678.0,,,
002160,881168,工业金属,3.76,3.76,-1.06,194970,91865.0,,,
002161,881123,其他电子,5.36,5.3,-3.73,198171,97373.0,,,
002162,881139,家居用品,3.96,3.94,-0.25,175704,86193.0,,,
002163,881116,建筑装饰,7.95,7.9,-0.88,291034,151748.0,,,
002164,881117,通用设备,10.86,10.65,-2.85,89194,35103.0,,,
002165,881109,化学制品,6.55,6.43,-3.82,720752,297809.0,,,
002166,881109,化学制品,6.61,6.6,-1.51,142622,60502.0,,,
002167,881170,小金属,15.44,15.34,-7.84,836172,350755.0,,,
002168,881140,化学制药,3.67,3.67,-1.91,44671,16884.0,,,
002169,881278,电网设备,11.03,10.95,-5.71,245086,88143.0,,,
002170,881263,农化制品,11.65,11.58,0.69,179518,101614.0,,,
002171,881168,工业金属,9.17,9.1,-0.44,448260,211379.0,,,
002172,881175,医疗服务,3.16,3.16,-0.63,147727,63724.0,,,
002173,881175,医疗服务,20.48,20.18,-6.98,973508,444090.0,,,
002174,881275,游戏,11.4,11.29,-3.07,300285,128128.0,,,
002175,881117,通用设备,2.37,2.35,-2.53,187340,64676.0,,,
002176,881277,电机,8.21,8.17,-0.61,544981,259913.0,,,
002177,881158,零售,5.6,5.62,1.96,565834,295579.0,,,
002178,881272,软件开发,4.43,4.41,-1.58,121103,54382.0,,,
002179,881276,军工电子,33.67,33.33,-0.86,264538,125727.0,,,
002180,881130,计算机设备,16.79,16.61,-3.51,159026,61652.0,,,
002181,881164,文化传媒,8.19,8.15,-2.2,332552,151826.0,,,
002182,881170,小金属,11.82,11.77,-1.61,160682,74899.0,,,
002183,881159,贸易,4.54,4.52,-0.44,500990,225664.0,,,
002184,881171,自动化设备,9.62,9.53,-1.14,69257,32447.0,,,
002185,881121,半导体,16.57,16.31,-10.02,3996137,1672942.0,,,
002186,881160,旅游及酒店,9.12,9.2,0.88,87152,48190.0,,,
002187,881158,零售,5.17,5.19,0.77,227158,117761.0,,,
002188,881153,房地产,4.74,4.73,-0.84,103574,54999.0,,,
002189,881276,军工电子,18.73,18.52,-3.1,42658,16042.0,,,
002190,881126,汽车零部件,22.73,22.7,-0.84,63638,32097.0,,,
002191,881138,包装印刷,3.75,3.72,0.27,168466,82794.0,,,
002192,881267,能源金属,65.54,65.13,-4.23,157041,73819.0,,,
002193,881136,服装家纺,3.83,3.82,-1.83,38549,13802.0,,,
002194,881129,通信设备,8.8,8.68,-1.48,152696,68763.0,,,
002195,881271,IT服务,6.69,6.57,-1.35,3268423,1655142.0,,,
002196,881277,电机,10.25,10.2,0.2,276225,130855.0,,,
002197,881271,IT服务,6.62,6.59,-7.7,656363,253145.0,,,
002198,881141,中药,3.19,3.16,1.25,49167,25022.0,,,
002199,881270,元件,13.39,13.26,6.35,339720,173624.0,,,
002200,881116,建筑装饰,6.52,6.57,-1.53,27856,13720.0,,,
002201,881115,建筑材料,7.63,7.59,-1.57,154769,69278.0,,,
002202,881280,风电设备,18.08,18.0,-0.39,821684,398765.0,,,
002203,881168,工业金属,17.76,17.45,-2.87,503824,198320.0,,,
002204,881118,专用设备,5.37,5.36,0.93,250558,136075.0,,,
002205,881115,建筑材料,9.65,9.65,-0.83,23207,10411.0,,,
002206,881264,化学纤维,5.33,5.32,-0.94,83789,37316.0,,,
002207,881107,油气开采及服务,5.66,5.71,-1.41,154775,60928.0,,,
002208,881153,房地产,11.88,11.62,-9.85,773882,327953.0,,,
002209,881118,专用设备,10.66,10.65,-1.78,34795,16204.0,,,
002210,881181,环境治理,2.24,2.23,-1.79,607222,240213.0,,,
002211,881109,化学制品,3.96,3.99,-7.58,263830,97015.0,,,
002212,881272,软件开发,6.6,6.41,-4.7,1464054,752279.0,,,
002213,881121,半导体,26.75,26.29,-4.41,161551,77351.0,,,
002214,881276,军工电子,13.26,13.27,-2.79,37306,16467.0,,,
002215,881101,种植业与林业,9.11,9.11,2.31,226685,134342.0,,,
002216,881134,食品加工制造,13.37,13.38,0.3,106825,54316.0,,,
002217,881122,光学光电子,1.43,1.42,-1.4,1322651,447364.0,,,
002218,881145,电力,4.06,4.04,-4.19,949238,364141.0,,,
002219,881175,医疗服务,2.11,2.1,-3.32,962825,323744.0,,,
002221,881180,石油加工贸易,5.51,5.51,1.09,260119,131994.0,,,
002222,881122,光学光电子,52.56,49.94,-10.01,458224,232920.0,,,
002223,881144,医疗器械,27.71,27.64,1.01,117140,61450.0,,,
002224,881266,橡胶制品,3.45,3.44,-1.16,100825,35015.0,,,
002225,881115,建筑材料,3.55,3.53,-1.13,269329,105475.0,,,
002226,881109,化学制品,4.88,4.9,1.84,260328,153161.0,,,
002227,881282,其他电源设备,6.0,5.99,-1.83,18538,6846.0,,,
002228,881138,包装印刷,3.04,3.02,0.0,214596,113339.0,,,
002229,881271,IT服务,10.02,9.73,-3.09,301004,120466.0,,,
002230,881272,软件开发,40.07,39.8,-0.5,323339,163024.0,,,
002232,881271,IT服务,13.88,13.79,-0.14,45545,19965.0,,,
002233,881115,建筑材料,7.61,7.59,2.76,123151,73801.0,,,
002234,881102,养殖业,6.9,6.91,-0.14,45827,22478.0,,,
002235,881137,造纸,7.5,7.49,-2.67,302993,133469.0,,,
002236,881130,计算机设备,16.42,16.3,-1.58,489113,183863.0,,,
002237,881169,贵金属,13.21,13.3,-0.91,233322,114727.0,,,
002238,881164,文化传媒,5.91,5.86,0.0,53586,27783.0,,,
002239,881126,汽车零部件,2.55,2.54,0.0,588588,293605.0,,,
002240,881267,能源金属,29.08,28.87,-3.89,480458,201816.0,,,
002241,881124,消费电子,23.69,23.48,-2.66,956967,388373.0,,,
002242,881173,小家电,9.16,9.11,0.55,122080,63655.0,,,
002243,881182,美容护理,6.91,6.85,-0.14,140065,69153.0,,,
002244,881153,房地产,9.45,9.45,0.21,305743,144384.0,,,
002245,881281,电池,16.05,15.81,-5.79,854704,345085.0,,,
002246,881109,化学制品,20.28,20.15,-2.47,172136,62632.0,,,
002247,881115,建筑材料,2.12,2.11,-1.42,256969,122653.0,,,
002248,881117,通用设备,8.4,8.49,-1.31,86737,37771.0,,,
002249,881277,电机,7.23,7.18,0.28,436290,216086.0,,,
002250,881263,农化制品,15.63,15.33,-0.83,120143,59279.0,,,
002251,881158,零售,3.7,3.67,-1.62,1442728,692780.0,,,
002252,881142,生物制品,5.15,5.15,1.36,486673,261952.0,,,
002253,881272,软件开发,8.92,8.82,0.9,68795,34657.0,,,
002254,881264,化学纤维,11.5,11.43,-3.22,257799,112114.0,,,
002255,881282,其他电源设备,8.3,8.25,-0.36,150071,68162.0,,,
002256,881145,电力,3.32,3.3,-3.31,598856,197830.0,,,
002258,881263,农化制品,14.71,16.18,9.99,368622,61858.0,,,
002259,881146,燃气,3.65,3.67,-3.29,147907,64019.0,,,
002261,881272,软件开发,26.26,26.0,-6.36,613549,233547.0,,,
002262,881140,化学制药,22.0,21.96,0.36,133951,65766.0,,,
002263,881265,塑料制品,2.92,2.9,-1.71,490725,163945.0,,,
002264,881164,文化传媒,6.27,6.27,-0.64,192893,88712.0,,,
002265,881166,军工装备,18.45,18.27,-0.92,243446,108247.0,,,
002266,881181,环境治理,4.6,4.57,-0.65,848732,410680.0,,,
002267,881146,燃气,7.29,7.3,1.51,69243,43978.0,,,
002268,881130,计算机设备,14.2,14.04,-0.7,129890,68379.0,,,
002269,881136,服装家纺,1.38,1.37,0.0,743091,349652.0,,,
002270,881278,电网设备,19.89,19.57,3.27,407862,219514.0,,,
002271,881115,建筑材料,11.85,11.79,0.76,455209,232686.0,,,
002272,881117,通用设备,13.85,13.78,-9.96,380685,154773.0,,,
002273,881122,光学光电子,26.35,26.2,-6.3,655134,288070.0,,,
002274,881108,化学原料,5.55,5.49,-0.9,171420,76868.0,,,
002275,881141,中药,13.22,13.2,0.38,17960,8968.0,,,
002276,881278,电网设备,10.06,9.95,1.29,274211,139719.0,,,
002277,881158,零售,5.74,5.59,-2.79,324873,137973.0,,,
002278,881118,专用设备,7.67,7.67,-1.17,94033,38353.0,,,
002279,881272,软件开发,6.67,6.58,1.95,1056196,524273.0,,,
002281,881129,通信设备,169.26,168.01,-10.0,394629,213449.0,,,
002282,881117,通用设备,5.73,5.72,0.0,39324,21433.0,,,
002283,881126,汽车零部件,8.11,8.01,-2.47,362107,142198.0,,,
002284,881126,汽车零部件,9.51,9.48,-1.47,214416,99032.0,,,
002285,881153,房地产,2.09,2.08,-1.44,376918,161657.0,,,
002286,881103,农产品加工,8.15,7.95,-2.94,226309,101323.0,,,
002287,881141,中药,20.68,20.68,1.06,25523,13096.0,,,
002289,881162,通信服务,31.72,31.72,-9.99,53246,29548.0,,,
002290,881131,白色家电,53.5,53.99,-8.82,113698,52493.0,,,
002291,881164,文化传媒,4.93,4.93,-0.2,335882,156669.0,,,
002292,881274,影视院线,8.08,8.07,-1.11,647310,304501.0,,,
002293,881136,服装家纺,11.29,11.25,-0.09,56857,28179.0,,,
002294,881140,化学制药,33.08,32.89,0.21,214758,93497.0,,,
002295,881168,工业金属,8.03,8.03,-1.49,28697,12206.0,,,
002296,881129,通信设备,8.98,8.97,-1.78,80600,33914.0,,,
002297,881166,军工装备,16.2,16.11,-7.28,401405,174378.0,,,
002298,881278,电网设备,8.77,9.0,0.46,1435844,670327.0,,,
002299,881102,养殖业,16.37,16.32,2.02,109846,62364.0,,,
002300,881278,电网设备,7.27,7.01,-4.13,511619,214264.0,,,
002301,881139,家居用品,6.82,6.77,-5.72,253156,95610.0,,,
002302,881115,建筑材料,4.56,4.55,1.75,94584,58920.0,,,
002303,881138,包装印刷,4.44,4.45,-3.38,736860,310705.0,,,
002304,881273,白酒,40.49,40.37,4.82,181186,98566.0,,,
002305,881158,零售,1.95,1.95,-1.54,171461,55385.0,,,
002306,881160,旅游及酒店,1.71,1.7,-2.92,101910,40878.0,,,
002307,881116,建筑装饰,3.0,2.98,-0.67,215133,84922.0,,,
002309,881278,电网设备,3.28,3.21,-2.74,2932707,1300663.0,,,
002310,881145,电力,2.62,2.58,-4.96,3409878,1246410.0,,,
002311,881103,农产品加工,48.18,47.67,2.22,85762,45246.0,,,
002312,881263,农化制品,8.34,8.34,1.44,235377,114366.0,,,
002313,881129,通信设备,7.88,7.8,-2.92,88530,36368.0,,,
002314,881153,房地产,2.09,2.09,0.0,224964,96939.0,,,
002315,881177,互联网电商,25.31,25.15,2.09,127644,63410.0,,,
002316,881165,综合,4.09,4.08,-1.22,120562,53264.0,,,
002317,881141,中药,26.19,26.12,-4.58,307127,137768.0,,,
002318,881112,钢铁,20.32,20.2,0.49,98374,45574.0,,,
002319,881109,化学制品,10.15,10.11,-3.45,97551,45945.0,,,
002320,881148,港口航运,6.6,6.59,1.36,246406,126841.0,,,
002321,881102,养殖业,1.86,1.86,-1.08,253565,130985.0,,,
002322,881272,软件开发,10.47,10.47,0.38,38855,21071.0,,,
002323,881116,建筑装饰,1.31,1.29,-2.29,329303,114826.0,,,
002324,881265,塑料制品,8.93,8.89,-0.78,252559,126695.0,,,
002326,881109,化学制品,18.86,18.76,-2.39,336594,154216.0,,,
002327,881136,服装家纺,6.5,6.5,1.54,54675,29904.0,,,
002328,881126,汽车零部件,6.57,6.52,-2.59,226926,91241.0,,,
002329,881133,饮料制造,3.29,3.26,-6.08,467324,195773.0,,,
002330,881134,食品加工制造,3.76,3.77,-0.53,113695,57082.0,,,
002331,881271,IT服务,6.6,6.58,-4.55,102401,45034.0,,,
002332,881140,化学制药,8.47,8.44,0.71,99896,56920.0,,,
002333,881115,建筑材料,5.32,5.28,-0.56,71289,30632.0,,,
002334,881171,自动化设备,6.45,6.41,-1.09,117269,48942.0,,,
002335,881282,其他电源设备,28.8,28.47,-3.78,180068,76876.0,,,
002337,881118,专用设备,4.35,4.35,-1.15,83915,40264.0,,,
002338,881276,军工电子,39.94,38.83,-0.15,117461,52548.0,,,
002339,881278,电网设备,7.17,7.11,-1.53,223936,96352.0,,,
002340,881281,电池,6.69,6.64,0.15,1137115,556868.0,,,
002342,881117,通用设备,7.27,7.24,-4.26,636651,241798.0,,,
002343,881274,影视院线,4.81,4.8,-0.62,124522,56647.0,,,
002344,881158,零售,3.73,3.72,0.54,110568,57354.0,,,
002345,881136,服装家纺,10.66,10.67,0.38,302152,156156.0,,,
002346,881278,电网设备,16.5,16.39,-5.64,59747,25747.0,,,
002347,881117,通用设备,5.51,5.5,-1.09,133567,63257.0,,,
002348,881139,家居用品,9.94,9.92,-6.94,194985,84898.0,,,
002349,881141,中药,6.74,6.71,-0.45,93647,43926.0,,,
002350,881278,电网设备,14.07,14.07,-4.9,165398,59716.0,,,
002351,881124,消费电子,10.23,10.23,0.98,88848,53263.0,,,
002352,881152,物流,34.74,34.73,1.09,273226,137369.0,,,
002353,881118,专用设备,139.7,140.71,-10.0,255848,138638.0,,,
002354,881164,文化传媒,6.19,6.1,-4.36,2100669,884072.0,,,
002355,881126,汽车零部件,4.35,4.32,-1.38,142132,63877.0,,,
002356,881158,零售,2.6,2.59,-1.92,191462,75582.0,,,
002357,881149,公路铁路运输,8.54,8.5,-1.52,73025,27329.0,,,
002358,881278,电网设备,5.67,5.66,-0.88,326423,136676.0,,,
002360,881109,化学制品,4.86,4.82,-2.26,44315,21578.0,,,
002361,881265,塑料制品,9.26,9.26,-4.97,567879,240769.0,,,
002362,881272,软件开发,14.93,14.81,-1.61,42075,21878.0,,,
002363,881126,汽车零部件,6.21,6.21,-1.29,53434,26135.0,,,
002364,881282,其他电源设备,36.18,35.98,-5.47,317607,162249.0,,,
002365,881140,化学制药,12.69,12.71,-1.89,221440,92738.0,,,
002366,881282,其他电源设备,5.78,5.68,-1.9,621759,271475.0,,,
002367,881118,专用设备,5.28,5.25,-0.95,127424,54379.0,,,
002368,881271,IT服务,13.93,13.9,-1.15,83668,45562.0,,,
002369,881124,消费电子,5.61,5.42,-4.1,441406,181926.0,,,
002370,881140,化学制药,4.77,4.77,0.0,241056,118952.0,,,
002371,881121,半导体,706.39,688.08,-5.42,163296,88737.0,,,
002372,881115,建筑材料,8.72,8.7,1.38,146596,79860.0,,,
002373,881271,IT服务,7.65,7.62,1.31,242551,135219.0,,,
002374,881138,包装印刷,3.06,3.05,-1.96,250625,122439.0,,,
002375,881116,建筑装饰,3.52,3.49,-0.85,128124,55313.0,,,
002376,881130,计算机设备,6.23,6.2,-0.8,89280,45343.0,,,
002377,881180,石油加工贸易,2.55,2.54,-2.35,223959,89939.0,,,
002378,881170,小金属,22.18,22.08,-3.61,281871,116531.0,,,
002379,881168,工业金属,20.52,20.53,2.34,852476,390230.0,,,
002380,881271,IT服务,27.3,27.0,-5.6,72004,28272.0,,,
002381,881266,橡胶制品,5.13,5.13,0.0,47426,24985.0,,,
002382,881144,医疗器械,5.82,5.72,-1.89,329925,148477.0,,,
002383,881276,军工电子,6.77,6.76,-1.03,97885,49156.0,,,
002384,881270,元件,179.78,178.05,-10.0,1060298,658795.0,,,
002385,881103,农产品加工,3.0,2.99,0.67,590377,288259.0,,,
002386,881108,化学原料,5.77,5.73,0.69,157902,78204.0,,,
002387,881122,光学光电子,7.2,6.99,-3.89,208733,81961.0,,,
002388,881123,其他电子,4.94,4.99,-9.92,1055899,446910.0,,,
002389,881166,军工装备,18.64,18.45,0.21,224797,110691.0,,,
002390,881141,中药,2.97,2.96,0.0,199697,93265.0,,,
002391,881263,农化制品,5.15,5.15,1.94,90467,47798.0,,,
002392,881115,建筑材料,7.2,7.17,-1.81,123357,47826.0,,,
002393,881140,化学制药,14.29,14.27,-1.26,29151,13695.0,,,
002394,881135,纺织制造,8.91,8.83,1.8,61840,33776.0,,,
002395,881265,塑料制品,11.86,11.85,-1.35,30221,13504.0,,,
002396,881129,通信设备,26.32,26.4,-7.18,830802,382491.0,,,
002397,881136,服装家纺,3.42,3.39,-2.05,148414,58679.0,,,
002398,881115,建筑材料,3.89,3.91,-0.26,167136,78818.0,,,
002399,881140,化学制药,9.7,9.65,-1.24,48596,23865.0,,,
002400,881164,文化传媒,6.32,6.25,-0.32,915170,448724.0,,,
002401,881271,IT服务,11.81,11.76,0.68,41897,23312.0,,,
002402,881131,白色家电,20.03,19.89,-2.85,284911,115585.0,,,
002403,881173,小家电,8.48,8.52,-0.71,106154,49830.0,,,
002404,881136,服装家纺,5.74,5.73,-0.17,78232,36156.0,,,
002405,881272,软件开发,6.49,6.42,1.08,512543,279102.0,,,
002406,881126,汽车零部件,6.5,6.45,-0.31,131342,61272.0,,,
002407,881109,化学制品,31.99,31.45,-4.47,1457756,682637.0,,,
002408,881180,石油加工贸易,5.06,5.08,0.4,259217,133370.0,,,
002409,881121,半导体,152.18,147.99,-10.0,388356,212218.0,,,
002410,881272,软件开发,8.96,8.96,2.23,376208,205294.0,,,
002412,881141,中药,6.91,6.84,-5.07,460126,182958.0,,,
002413,881276,军工电子,7.93,7.87,-2.52,383789,150739.0,,,
002414,881276,军工电子,13.91,13.65,-9.99,1392296,567023.0,,,
002415,881130,计算机设备,35.74,35.59,-0.34,988175,475659.0,,,
002416,881158,零售,9.53,9.53,4.51,369834,211662.0,,,
002418,881131,白色家电,3.41,3.4,-2.64,354599,138075.0,,,
002419,881158,零售,4.48,4.47,0.0,143719,66932.0,,,
002420,881165,综合,5.25,5.24,-1.52,67169,30925.0,,,
002421,881271,IT服务,2.82,2.8,-3.55,1644800,743404.0,,,
002422,881140,化学制药,43.04,42.72,-0.58,360686,178979.0,,,
002423,881283,多元金融,9.18,9.14,1.09,183733,99690.0,,,
002424,881141,中药,4.58,4.57,-0.44,43857,18169.0,,,
002425,881275,游戏,2.68,2.68,4.85,786089,334745.0,,,
002426,881124,消费电子,2.54,2.52,0.79,1335283,633572.0,,,
002427,881264,化学纤维,4.21,4.18,-1.43,130637,57440.0,,,
002428,881170,小金属,66.98,66.36,-7.73,624786,299844.0,,,
002429,881132,黑色家电,7.46,7.37,-4.69,770439,313262.0,,,
002430,881109,化学制品,23.35,23.14,-1.16,115996,48405.0,,,
002431,881116,建筑装饰,1.32,1.31,-2.27,190712,71196.0,,,
002432,881144,医疗器械,66.81,68.0,-6.84,404821,180286.0,,,
002434,881126,汽车零部件,5.51,5.47,-0.91,147756,70883.0,,,
002436,881270,元件,30.77,30.75,-10.01,1244204,620662.0,,,
002437,881140,化学制药,2.88,2.87,-1.39,718476,302229.0,,,
002438,881117,通用设备,12.58,12.55,-1.35,56007,23592.0,,,
002439,881272,软件开发,13.79,13.62,-2.61,391766,153182.0,,,
002440,881109,化学制品,13.64,13.47,0.0,1025250,479783.0,,,
002441,881278,电网设备,7.9,7.89,-0.63,48714,24356.0,,,
002442,881266,橡胶制品,4.73,4.73,-1.06,105887,41126.0,,,
002443,881112,钢铁,7.91,7.89,-1.14,132823,55437.0,,,
002444,881117,通用设备,29.91,29.74,0.33,96486,48126.0,,,
002445,881117,通用设备,2.92,2.9,-3.42,500851,177061.0,,,
002446,881276,军工电子,7.7,7.62,-4.16,274995,99476.0,,,
002448,881126,汽车零部件,12.21,12.04,-4.1,239868,97756.0,,,
002449,881122,光学光电子,6.26,6.19,-1.6,80705,32279.0,,,
002451,881278,电网设备,7.05,7.21,-2.13,289534,130555.0,,,
002452,881278,电网设备,10.88,10.84,-2.21,126514,48285.0,,,
002453,881109,化学制品,4.12,4.09,-2.18,127595,55046.0,,,
002454,881126,汽车零部件,4.86,4.87,0.41,82080,38364.0,,,
002455,881109,化学制品,6.5,6.55,-2.62,406855,182362.0,,,
002456,881122,光学光电子,7.05,7.0,-0.28,746055,369253.0,,,
002457,881115,建筑材料,10.26,10.2,-3.51,230840,77259.0,,,
002458,881102,养殖业,8.56,8.44,-1.05,420581,202864.0,,,
002459,881279,光伏设备,7.39,7.32,1.62,511388,286843.0,,,
002460,881267,能源金属,49.92,49.48,0.02,453900,248281.0,,,
002461,881133,饮料制造,8.72,8.71,1.72,102760,53996.0,,,
002462,881143,医药商业,11.66,11.65,0.86,31344,14338.0,,,
002463,881270,元件,105.25,104.21,-8.27,812211,429660.0,,,
002465,881276,军工电子,9.93,9.83,-1.81,540873,236300.0,,,
002466,881267,能源金属,46.08,45.7,-1.35,425589,183549.0,,,
002467,881162,通信服务,4.57,4.53,-1.97,566617,261655.0,,,
002468,881152,物流,14.03,13.98,0.36,204389,98609.0,,,
002469,881108,化学原料,5.61,5.62,1.43,88123,48444.0,,,
002470,881263,农化制品,1.9,1.9,-1.58,878101,327051.0,,,
002471,881278,电网设备,5.22,5.16,-2.68,409491,154615.0,,,
002472,881126,汽车零部件,36.2,35.79,-1.41,260533,111271.0,,,
002474,881271,IT服务,6.06,6.15,-0.99,278539,125696.0,,,
002475,881124,消费电子,62.35,61.36,-6.42,1660630,744659.0,,,
002476,881180,石油加工贸易,4.33,4.34,-1.39,105799,42937.0,,,
002478,881112,钢铁,6.23,6.2,0.16,186908,82622.0,,,
002479,881145,电力,5.39,5.36,-1.3,189175,82625.0,,,
002480,881145,电力,5.29,5.25,-1.51,68657,21920.0,,,
002481,881103,农产品加工,4.17,4.17,0.24,104431,52721.0,,,
002482,881116,建筑装饰,1.25,1.25,-1.6,606978,232625.0,,,
002483,881118,专用设备,5.14,5.11,-0.78,108926,44650.0,,,
002484,881270,元件,61.4,60.77,-9.61,604846,317709.0,,,
002485,881152,物流,5.23,5.24,-0.96,17406,5281.0,,,
002486,881136,服装家纺,2.25,2.24,-0.44,307504,119197.0,,,
002487,881280,风电设备,40.4,40.3,-1.49,283267,135191.0,,,
002488,881126,汽车零部件,8.72,8.65,-3.44,200012,83954.0,,,
002489,881139,家居用品,2.66,2.65,0.0,219113,102954.0,,,
002490,881118,专用设备,7.39,7.6,4.19,721777,372802.0,,,
002491,881129,通信设备,14.83,14.65,-6.95,1209662,574969.0,,,
002492,881152,物流,5.28,5.27,-2.08,74951,35886.0,,,
002493,881180,石油加工贸易,12.16,12.12,2.88,620486,375754.0,,,
002494,881136,服装家纺,4.37,4.34,-0.92,111789,58157.0,,,
002495,881134,食品加工制造,2.18,2.18,0.0,248556,98179.0,,,
002496,881263,农化制品,1.91,1.9,-1.57,226808,95901.0,,,
002497,881109,化学制品,17.81,17.69,-1.35,309121,146552.0,,,
002498,881278,电网设备,7.19,7.0,-3.2,2601404,1187773.0,,,
002500,881157,证券,5.37,5.34,0.56,269647,141685.0,,,
002501,881168,工业金属,1.24,1.23,-0.81,219284,73856.0,,,
002506,881279,光伏设备,2.55,2.51,-2.35,2310034,985788.0,,,
002507,881134,食品加工制造,11.86,11.86,2.78,225738,145708.0,,,
002508,881174,厨卫电器,16.45,16.45,0.55,84710,41258.0,,,
002510,881126,汽车零部件,5.59,5.57,-1.25,234494,108163.0,,,
002511,881182,美容护理,7.22,7.23,3.88,209958,138536.0,,,
002512,881130,计算机设备,3.35,3.35,10.15,542214,268365.0,,,
002513,881279,光伏设备,4.69,4.74,-0.43,97289,46236.0,,,
002514,881117,通用设备,1.95,1.92,-9.74,688960,270440.0,,,
002515,881134,食品加工制造,7.06,6.94,-9.92,1289335,445917.0,,,
002516,881126,汽车零部件,5.22,5.21,-0.77,115485,57148.0,,,
002517,881275,游戏,16.69,17.24,-1.14,1496631,692402.0,,,
002518,881282,其他电源设备,31.36,31.21,-5.2,128153,59737.0,,,
002519,881276,军工电子,5.21,5.19,-2.5,290972,123039.0,,,
002520,881117,通用设备,5.52,5.48,-3.44,303642,109910.0,,,
002521,881137,造纸,6.79,6.76,-0.88,32613,13402.0,,,
002522,881265,塑料制品,4.84,4.78,-0.21,326429,150147.0,,,
002523,881118,专用设备,3.32,3.3,-1.51,216245,94825.0,,,
002524,881175,医疗服务,3.61,3.65,-0.55,119914,52465.0,,,
002526,881118,专用设备,2.63,2.61,-0.76,229910,97182.0,,,
002527,881171,自动化设备,10.65,10.6,-1.78,84100,36753.0,,,
002528,881130,计算机设备,4.66,4.6,-0.64,73371,30778.0,,,
002529,881118,专用设备,6.42,6.42,-1.56,50705,21307.0,,,
002530,881117,通用设备,7.01,7.01,-0.43,160174,81399.0,,,
002531,881280,风电设备,6.45,6.36,-2.33,410828,186620.0,,,
002532,881168,工业金属,13.04,13.19,0.69,1171972,638341.0,,,
002533,881278,电网设备,11.34,11.3,-1.06,132200,64233.0,,,
002534,881282,其他电源设备,12.55,12.55,10.04,234484,122463.0,,,
002535,881118,专用设备,2.26,2.25,0.0,146533,73058.0,,,
002536,881126,汽车零部件,40.92,39.9,-10.0,278756,142060.0,,,
002537,881126,汽车零部件,5.72,5.7,1.4,293313,153712.0,,,
002538,881263,农化制品,6.36,6.32,0.31,68120,28449.0,,,
002539,881263,农化制品,11.79,11.7,2.04,332929,186552.0,,,
002540,881168,工业金属,4.94,4.93,0.61,105755,50113.0,,,
002541,881116,建筑装饰,20.58,20.39,-1.94,77932,40032.0,,,
002542,881116,建筑装饰,1.64,1.62,-2.44,320196,115671.0,,,
002543,881174,厨卫电器,6.6,6.61,1.82,50116,28750.0,,,
002544,881162,通信服务,15.66,15.55,-1.98,113794,57675.0,,,
002545,881263,农化制品,18.96,18.96,0.58,258792,132800.0,,,
002546,881278,电网设备,8.53,8.37,-2.7,374079,143429.0,,,
002547,881129,通信设备,2.21,2.43,9.95,90437,0.0,,,
002548,881103,农产品加工,3.8,3.77,-1.05,291369,127812.0,,,
002549,881181,环境治理,13.18,13.01,-4.86,346171,141423.0,,,
002550,881140,化学制药,6.86,6.86,-1.17,148803,65408.0,,,
002551,881144,医疗器械,2.91,2.91,-0.69,126616,56329.0,,,
002552,881270,元件,35.21,35.23,-9.51,199279,89046.0,,,
002553,881126,汽车零部件,14.97,14.9,0.2,84962,41929.0,,,
002554,881107,油气开采及服务,2.81,2.81,-1.07,225357,97791.0,,,
002555,881275,游戏,19.18,19.0,0.52,631359,313894.0,,,
002556,881101,种植业与林业,4.78,4.76,1.26,95040,51198.0,,,
002557,881134,食品加工制造,20.71,20.61,0.48,114178,66737.0,,,
002558,881275,游戏,26.98,28.15,2.59,1771120,894970.0,,,
002559,881117,通用设备,8.92,8.81,-4.6,310367,114982.0,,,
002560,881278,电网设备,6.14,6.13,-2.44,358454,141829.0,,,
002561,881158,零售,6.49,6.48,2.0,60868,31639.0,,,
002562,881109,化学制品,4.39,4.37,0.0,163381,81665.0,,,
002563,881136,服装家纺,6.15,6.17,3.41,307213,173516.0,,,
002564,881118,专用设备,4.35,4.35,-0.46,137207,58635.0,,,
002565,881138,包装印刷,8.44,8.42,-3.91,405951,179308.0,,,
002566,881141,中药,6.53,6.53,-0.15,162280,81926.0,,,
002567,881103,农产品加工,3.58,3.58,0.0,142440,66233.0,,,
002568,881133,饮料制造,19.59,19.18,0.92,297030,157817.0,,,
002569,881136,服装家纺,14.23,12.81,-9.98,5607,5607.0,,,
002570,881133,饮料制造,4.28,4.24,0.7,467954,236128.0,,,
002571,881139,家居用品,10.4,10.41,-1.54,52137,20689.0,,,
002572,881139,家居用品,8.62,8.6,4.18,196611,121328.0,,,
002573,881181,环境治理,3.19,3.17,0.0,89405,46150.0,,,
002574,881136,服装家纺,4.37,4.35,0.0,78295,40863.0,,,
002575,881165,综合,4.85,4.84,0.21,373247,172594.0,,,
002576,881277,电机,14.08,13.98,-1.28,34570,18128.0,,,
002577,881130,计算机设备,18.77,18.5,-6.23,64359,24801.0,,,
002578,881168,工业金属,2.95,2.93,-1.02,212128,90600.0,,,
002579,881270,元件,11.55,11.41,-8.57,581276,242356.0,,,
002580,881281,电池,18.61,18.54,4.03,1382332,666468.0,,,
002581,881142,生物制品,3.46,3.46,-4.62,51679,20280.0,,,
002582,881134,食品加工制造,10.33,10.03,-2.32,561461,270678.0,,,
002583,881129,通信设备,8.1,8.07,-0.25,225528,110036.0,,,
002584,881172,电子化学品,7.28,7.2,-4.12,363613,127252.0,,,
002585,881265,塑料制品,7.87,7.9,10.04,1282134,433929.0,,,
002586,881116,建筑装饰,3.53,3.53,-3.12,30730,8483.0,,,
002587,881122,光学光电子,5.31,5.26,-1.13,148910,66179.0,,,
002588,881263,农化制品,8.84,8.8,2.04,134841,76861.0,,,
002589,881143,医药商业,2.74,2.73,-1.09,302672,125561.0,,,
002590,881126,汽车零部件,9.18,9.18,0.22,71333,34362.0,,,
002591,881109,化学制品,5.74,5.73,-1.92,105774,45535.0,,,
002592,881126,汽车零部件,6.04,6.05,-0.99,32250,12592.0,,,
002593,881126,汽车零部件,4.26,4.24,-0.47,118726,54834.0,,,
002594,881125,汽车整车,94.85,94.92,1.42,480361,266760.0,,,
002595,881118,专用设备,49.37,49.22,6.95,99477,53251.0,,,
002596,881115,建筑材料,3.05,3.04,-1.64,233972,91606.0,,,
002597,881109,化学制品,21.54,21.54,-0.51,150149,91899.0,,,
002598,881117,通用设备,6.4,6.38,-0.63,30030,13165.0,,,
002599,881138,包装印刷,5.99,6.0,-1.84,105506,44833.0,,,
002600,881124,消费电子,12.23,12.1,-0.16,1216735,616405.0,,,
002601,881108,化学原料,16.67,16.58,0.66,183649,107025.0,,,
002602,881275,游戏,13.55,13.45,-2.66,1654955,717376.0,,,
002603,881141,中药,16.72,16.62,-0.54,274432,116663.0,,,
002605,881275,游戏,17.78,17.8,1.12,130401,68079.0,,,
002606,881278,电网设备,14.66,14.48,0.55,527469,247837.0,,,
002607,881178,教育,2.08,2.03,-2.4,4550358,2162833.0,,,
002608,881145,电力,7.3,7.28,0.55,211421,98678.0,,,
002609,881271,IT服务,7.54,7.51,-1.19,50763,23607.0,,,
002611,881118,专用设备,15.94,15.72,-1.57,400649,189239.0,,,
002612,881182,美容护理,14.22,14.2,9.7,363188,207037.0,,,
002613,881118,专用设备,3.21,3.2,-0.93,239757,89056.0,,,
002614,881173,小家电,4.67,4.67,0.21,63355,30744.0,,,
002615,881139,家居用品,6.41,6.41,-1.87,81314,34339.0,,,
002616,881145,电力,4.72,4.69,-1.06,82615,31159.0,,,
002617,881145,电力,6.05,5.96,-1.32,843006,365679.0,,,
002620,881116,建筑装饰,4.44,4.45,-3.15,77168,27015.0,,,
002622,881175,医疗服务,2.22,2.2,-1.35,266182,107991.0,,,
002623,881279,光伏设备,14.73,14.62,-1.22,33500,16982.0,,,
002624,881275,游戏,10.4,10.31,-0.87,725324,327175.0,,,
002625,881166,军工装备,31.12,31.13,-1.35,260648,128404.0,,,
002626,881134,食品加工制造,13.83,13.83,2.31,46963,26766.0,,,
002627,881160,旅游及酒店,6.13,6.12,3.1,200803,111516.0,,,
002628,881116,建筑装饰,4.53,4.49,-3.31,218231,83690.0,,,
002629,881116,建筑装饰,4.27,4.35,-1.64,144037,69887.0,,,
002630,881282,其他电源设备,1.64,1.63,-2.44,149803,50470.0,,,
002631,881139,家居用品,6.45,6.49,-4.5,271533,107477.0,,,
002632,881265,塑料制品,7.94,7.89,-1.76,179324,69707.0,,,
002633,881117,通用设备,13.4,13.4,-2.99,25016,11345.0,,,
002634,881136,服装家纺,4.03,4.0,0.0,47206,21698.0,,,
002635,881124,消费电子,13.7,13.66,-5.62,322222,125470.0,,,
002636,881270,元件,54.56,54.01,-10.01,558116,262936.0,,,
002637,881109,化学制品,9.76,9.76,-1.64,109251,46665.0,,,
002638,881122,光学光电子,3.47,3.46,-2.31,190104,82648.0,,,
002639,881117,通用设备,11.93,11.93,-1.17,236974,110525.0,,,
002640,881177,互联网电商,3.45,3.4,-4.06,1269268,475293.0,,,
002641,881115,建筑材料,3.79,3.78,0.26,78166,37848.0,,,
002642,881271,IT服务,7.25,7.19,0.69,388611,199105.0,,,
002643,881172,电子化学品,12.94,12.78,-3.55,218563,79126.0,,,
002644,881141,中药,7.71,7.67,-0.65,48040,22205.0,,,
002645,881181,环境治理,16.82,16.79,-6.3,364124,158774.0,,,
002646,881273,白酒,6.69,6.67,2.54,127980,70538.0,,,
002647,881283,多元金融,9.2,9.12,-1.85,201689,78841.0,,,
002648,881109,化学制品,25.04,25.0,1.32,512990,267381.0,,,
002649,881271,IT服务,8.79,8.85,-0.68,116849,55899.0,,,
002650,881134,食品加工制造,5.44,5.45,7.72,109707,58050.0,,,
002651,881166,军工装备,7.7,7.67,1.3,105153,61292.0,,,
002652,881115,建筑材料,3.59,3.59,-4.46,161792,67795.0,,,
002653,881140,化学制药,63.92,63.68,-6.05,119274,56093.0,,,
002654,881122,光学光电子,11.39,11.25,-2.81,446885,187460.0,,,
002655,881124,消费电子,23.66,23.42,-10.02,257264,142294.0,,,
002656,881136,服装家纺,2.72,2.72,-2.21,129133,51632.0,,,
002657,881271,IT服务,14.39,14.4,4.45,305774,102712.0,,,
002658,881284,环保设备,7.18,7.12,-0.56,45756,20414.0,,,
002659,881178,教育,4.15,4.16,1.2,313626,153029.0,,,
002660,881124,消费电子,6.42,6.38,-0.31,47147,24812.0,,,
002661,881134,食品加工制造,7.27,7.3,3.44,61094,29895.0,,,
002662,881126,汽车零部件,3.18,3.16,-0.63,115029,48607.0,,,
002663,881116,建筑装饰,1.54,1.52,-1.95,380213,149433.0,,,
002664,881126,汽车零部件,15.59,15.5,-1.35,41403,21046.0,,,
002666,881109,化学制品,3.95,3.92,0.51,111320,61985.0,,,
002667,881267,能源金属,10.65,10.99,10.05,278296,134778.0,,,
002668,881131,白色家电,10.59,10.6,0.38,197156,106701.0,,,
002669,881109,化学制品,11.39,11.4,-1.67,133671,57740.0,,,
002670,881157,证券,11.91,11.81,2.18,410384,217643.0,,,
002671,881115,建筑材料,3.67,3.66,-0.54,107932,51623.0,,,
002672,881181,环境治理,3.42,3.42,-0.58,81618,34274.0,,,
002673,881157,证券,6.69,6.66,1.2,388058,203129.0,,,
002674,881135,纺织制造,22.14,22.53,-2.3,291937,140215.0,,,
002675,881140,化学制药,12.71,12.69,0.63,61719,31903.0,,,
002676,881131,白色家电,4.83,4.8,-0.83,95055,42854.0,,,
002677,881174,厨卫电器,6.43,6.45,-2.95,123139,60072.0,,,
002678,881139,家居用品,4.32,4.32,-1.62,77323,33430.0,,,
002679,881101,种植业与林业,8.38,8.38,-0.48,32389,14665.0,,,
002681,881124,消费电子,4.38,4.32,-2.97,406187,171287.0,,,
002682,881152,物流,4.19,4.19,-1.19,232349,104157.0,,,
002683,881109,化学制品,27.84,27.7,0.32,99757,48364.0,,,
002685,881268,工程机械,5.23,5.18,-2.68,298641,114129.0,,,
002686,881117,通用设备,5.28,5.55,10.04,206572,71799.0,,,
002687,881136,服装家纺,4.95,4.88,-7.27,289989,108767.0,,,
002688,881102,养殖业,5.0,4.99,0.4,87411,41884.0,,,
002689,881118,专用设备,2.58,2.58,-0.78,73851,27680.0,,,
002690,881118,专用设备,15.7,15.64,1.53,94853,53954.0,,,
002691,881118,专用设备,3.74,3.74,-0.27,38694,14339.0,,,
002692,881278,电网设备,3.84,3.81,-2.6,154074,68718.0,,,
002693,881142,生物制品,8.5,8.41,-0.71,158566,72814.0,,,
002694,881115,建筑材料,1.98,1.97,-1.01,40251,17163.0,,,
002695,881134,食品加工制造,9.37,9.47,-1.92,178533,83175.0,,,
002696,881103,农产品加工,5.17,5.18,-1.74,84589,38404.0,,,
002697,881158,零售,4.63,4.62,0.86,254895,117294.0,,,
002698,881171,自动化设备,13.38,13.41,0.3,183888,104512.0,,,
002700,881146,燃气,5.64,5.67,-2.48,85755,36987.0,,,
002701,881138,包装印刷,4.95,4.95,1.21,296765,182367.0,,,
002702,881134,食品加工制造,4.49,4.55,10.02,359987,141794.0,,,
002703,881126,汽车零部件,13.28,13.28,10.02,490312,158758.0,,,
002705,881173,小家电,11.5,11.51,2.43,106318,58477.0,,,
002706,881278,电网设备,8.89,8.81,-1.01,190998,87267.0,,,
002707,881160,旅游及酒店,5.08,5.1,-0.59,215607,98491.0,,,
002708,881126,汽车零部件,9.82,9.75,-5.8,179419,60771.0,,,
002709,881281,电池,36.79,36.77,-3.02,594544,273634.0,,,
002712,881164,文化传媒,4.37,4.35,2.06,273009,146418.0,,,
002713,881116,建筑装饰,9.06,8.97,-2.65,170220,73880.0,,,
002714,881102,养殖业,38.88,38.78,2.67,793583,452443.0,,,
002715,881126,汽车零部件,12.83,12.68,-2.57,32151,13624.0,,,
002716,881169,贵金属,7.8,7.9,-1.67,1293767,602123.0,,,
002717,881181,环境治理,1.01,1.0,-0.99,388944,117967.0,,,
002718,881115,建筑材料,81.95,82.0,-6.92,20572,9062.0,,,
002719,881134,食品加工制造,5.73,5.73,3.14,75664,36016.0,,,
002721,881136,服装家纺,2.36,2.35,0.85,439021,193547.0,,,
002722,881118,专用设备,12.19,12.11,0.57,34783,19501.0,,,
002723,881122,光学光电子,6.65,6.62,-3.46,81563,36302.0,,,
002724,881122,光学光电子,5.23,5.19,0.19,64906,33228.0,,,
002725,881126,汽车零部件,10.93,10.88,-3.93,63256,24694.0,,,
002726,881134,食品加工制造,2.08,2.04,5.29,1489426,751608.0,,,
002727,881143,医药商业,11.59,11.56,0.78,97866,50831.0,,,
002728,881141,中药,8.75,8.69,-1.49,166171,66005.0,,,
002729,881123,其他电子,13.19,13.09,-3.11,47682,19027.0,,,
002730,881118,专用设备,21.1,20.85,-8.1,102435,45270.0,,,
002731,881136,服装家纺,1.87,1.85,10.16,587533,302163.0,,,
002732,881133,饮料制造,13.07,12.97,1.22,50684,27622.0,,,
002733,881281,电池,17.95,17.8,-6.24,148776,64584.0,,,
002734,881263,农化制品,13.31,13.25,-1.5,107874,41322.0,,,
002735,881138,包装印刷,10.8,10.76,-3.52,143542,56763.0,,,
002736,881157,证券,10.21,10.16,1.08,339897,181651.0,,,
002737,881141,中药,13.72,13.59,-0.44,64630,32544.0,,,
002738,881170,小金属,48.7,48.5,-2.85,201304,92575.0,,,
002739,881274,影视院线,8.72,8.63,-2.18,807997,319678.0,,,
002741,881172,电子化学品,21.59,21.35,-6.95,260035,111778.0,,,
002742,881140,化学制药,3.47,3.45,0.86,91778,40883.0,,,
002743,881116,建筑装饰,3.61,3.6,-2.22,88621,39228.0,,,
002745,881122,光学光电子,10.55,10.52,-4.17,602025,237957.0,,,
002746,881102,养殖业,6.0,6.01,0.67,135267,68934.0,,,
002747,881171,自动化设备,31.06,30.5,-10.01,848710,426347.0,,,
002748,881108,化学原料,10.52,10.46,-1.52,45081,17234.0,,,
002749,881263,农化制品,9.02,9.02,3.88,63549,33444.0,,,
002752,881138,包装印刷,5.93,5.9,-1.85,120176,47165.0,,,
002753,881266,橡胶制品,6.02,6.03,0.0,28154,12479.0,,,
002755,881140,化学制药,13.08,13.01,-2.6,94450,40716.0,,,
002756,881267,能源金属,46.94,46.73,-2.45,119175,57556.0,,,
002757,881118,专用设备,15.73,15.9,-2.35,221283,102264.0,,,
002758,881263,农化制品,7.87,7.85,0.13,49630,26256.0,,,
002759,881281,电池,14.89,14.8,-1.88,449069,200505.0,,,
002760,881117,通用设备,16.13,16.1,-1.43,39396,17958.0,,,
002761,881116,建筑装饰,7.26,7.26,3.17,208346,122780.0,,,
002762,881136,服装家纺,8.18,8.24,-0.73,49765,22376.0,,,
002763,881136,服装家纺,7.04,7.06,0.14,85050,45420.0,,,
002765,881126,汽车零部件,6.48,6.48,-0.77,104194,48140.0,,,
002766,881126,汽车零部件,3.82,3.8,-0.26,295080,139999.0,,,
002767,881117,通用设备,15.86,15.77,-2.84,40159,14962.0,,,
002768,881265,塑料制品,47.76,47.76,-7.68,126381,52862.0,,,
002769,881152,物流,6.55,6.55,-1.22,64809,30775.0,,,
002771,881271,IT服务,11.71,11.57,-2.56,78482,35657.0,,,
002772,881101,种植业与林业,10.17,10.13,-2.46,177967,80308.0,,,
002773,881142,生物制品,21.64,21.57,-0.83,55812,22907.0,,,
002774,881118,专用设备,14.97,14.85,-10.02,151229,73227.0,,,
002775,881116,建筑装饰,3.83,3.8,-6.01,299820,135040.0,,,
002777,881271,IT服务,12.6,12.6,1.19,92300,47392.0,,,
002778,881181,环境治理,14.5,14.5,-4.07,50416,30636.0,,,
002779,881118,专用设备,57.31,56.84,-3.75,22515,9719.0,,,
002780,881136,服装家纺,12.73,12.7,-1.41,74922,37213.0,,,
002782,881123,其他电子,13.99,13.83,-5.58,138139,63907.0,,,
002783,881109,化学制品,7.26,7.25,0.14,88659,46750.0,,,
002785,881115,建筑材料,33.0,32.91,-6.73,51279,18989.0,,,
002786,881118,专用设备,7.41,7.32,-2.16,71727,31343.0,,,
002787,881138,包装印刷,19.25,19.01,-6.81,212696,93125.0,,,
002788,881143,医药商业,9.97,9.93,0.1,223813,111626.0,,,
002789,881116,建筑装饰,8.97,8.95,-1.67,23021,8536.0,,,
002790,881139,家居用品,5.54,5.55,-0.72,46414,25511.0,,,
002791,881115,建筑材料,15.38,15.44,-1.11,103306,49941.0,,,
002792,881129,通信设备,23.97,23.72,-5.92,155274,72881.0,,,
002793,881140,化学制药,4.76,4.7,-4.41,439967,190754.0,,,
002795,881117,通用设备,6.07,6.01,-2.97,223826,99003.0,,,
002796,881129,通信设备,25.5,25.31,-7.76,114280,57525.0,,,
002797,881157,证券,6.53,6.48,0.0,506426,233375.0,,,
002798,881139,家居用品,5.3,5.3,-3.21,145040,70540.0,,,
002799,881138,包装印刷,6.25,6.24,-0.32,47482,24814.0,,,
002800,881152,物流,12.24,12.39,0.0,36916,16677.0,,,
002801,881277,电机,27.23,27.12,-1.29,9519,3716.0,,,
002802,881109,化学制品,10.45,10.45,0.48,25102,10837.0,,,
002803,881177,互联网电商,18.22,18.18,-4.23,92750,34066.0,,,
002805,881281,电池,17.34,17.29,-3.06,159648,64855.0,,,
002806,881126,汽车零部件,12.82,12.58,-5.62,107317,32935.0,,,
002807,881155,银行,4.05,4.04,1.73,585860,346060.0,,,
002809,881109,化学制品,7.54,7.5,-1.33,53661,24177.0,,,
002810,881109,化学制品,19.59,19.51,-0.66,67953,27155.0,,,
002811,881116,建筑装饰,9.76,9.74,-1.74,50443,23885.0,,,
002812,881281,电池,53.36,53.0,-0.36,217580,98746.0,,,
002813,881126,汽车零部件,20.33,20.2,-0.15,28148,13278.0,,,
002815,881270,元件,11.39,11.22,-5.36,373116,149866.0,,,
002816,881118,专用设备,23.3,23.31,-1.16,16997,5882.0,,,
002817,881144,医疗器械,6.02,6.02,0.17,69651,36067.0,,,
002818,881158,零售,10.93,10.9,2.2,69509,46047.0,,,
002819,881117,通用设备,20.12,19.89,-2.39,21995,9782.0,,,
002820,881134,食品加工制造,8.7,8.62,-0.69,102697,54137.0,,,
002821,881175,医疗服务,155.01,155.01,-5.84,115855,56850.0,,,
002822,881153,房地产,2.94,2.97,1.36,92969,43675.0,,,
002823,881277,电机,12.76,12.78,-1.57,53913,20987.0,,,
002824,881168,工业金属,20.73,20.6,-9.07,200690,96679.0,,,
002825,881265,塑料制品,7.86,7.86,-0.64,31936,10748.0,,,
002826,881140,化学制药,15.99,15.96,-3.0,28692,11124.0,,,
002827,881109,化学制品,28.59,31.45,10.0,16622,20.0,,,
002828,881107,油气开采及服务,12.43,0.0,0.0,0,0.0,,,
002829,881166,军工装备,20.44,20.2,-9.25,197333,83973.0,,,
002830,881116,建筑装饰,11.96,11.83,-4.1,42078,18543.0,,,
002831,881138,包装印刷,26.26,26.0,-3.43,125257,58671.0,,,
002832,881136,服装家纺,24.28,23.94,6.26,269528,147098.0,,,
002833,881118,专用设备,18.14,18.0,-2.43,130274,64654.0,,,
002835,881130,计算机设备,11.57,11.54,-1.04,30490,17360.0,,,
002836,881138,包装印刷,8.71,8.72,-0.69,28663,13197.0,,,
002837,881118,专用设备,52.39,51.03,-10.0,465155,243091.0,,,
002838,881265,塑料制品,25.89,25.6,-3.63,51899,24412.0,,,
002839,881155,银行,4.49,4.49,2.67,452075,269395.0,,,
002840,881134,食品加工制造,7.52,7.5,1.06,172399,99420.0,,,
002841,881124,消费电子,44.62,43.83,-5.31,141131,63921.0,,,
002842,881170,小金属,30.29,30.27,-4.99,290489,110718.0,,,
002843,881117,通用设备,15.84,15.75,-9.03,140157,64286.0,,,
002845,881122,光学光电子,12.23,12.08,-3.68,96609,33690.0,,,
002846,881138,包装印刷,9.76,9.8,10.04,118981,46044.0,,,
002847,881134,食品加工制造,52.49,52.28,-0.46,75819,42194.0,,,
002848,881132,黑色家电,12.23,12.15,-3.84,49920,15739.0,,,
002849,881117,通用设备,14.0,13.89,-5.21,52586,20536.0,,,
002850,881281,电池,174.24,173.0,-2.09,51884,23168.0,,,
002851,881282,其他电源设备,107.52,106.75,-10.0,372494,179012.0,,,
002852,881103,农产品加工,7.59,7.61,0.66,37223,20687.0,,,
002853,881139,家居用品,19.4,19.4,-6.91,21152,9026.0,,,
002855,881124,消费电子,9.54,9.48,-1.05,40093,20353.0,,,
002856,881116,建筑装饰,14.58,14.32,-6.79,62518,23731.0,,,
002857,881278,电网设备,15.5,15.5,-3.48,37470,16334.0,,,
002858,881179,其他社会服务,10.88,10.88,0.0,62013,31784.0,,,
002859,881123,其他电子,59.59,59.66,0.23,341551,162146.0,,,
002860,881131,白色家电,19.33,18.78,-9.98,207476,84839.0,,,
002861,881124,消费电子,14.49,14.5,-2.9,83613,36538.0,,,
002862,881139,家居用品,12.88,12.85,-1.16,37697,18623.0,,,
002863,881126,汽车零部件,4.3,4.25,-1.16,94417,47664.0,,,
002864,881141,中药,20.65,20.66,-1.94,31442,10609.0,,,
002865,881279,光伏设备,41.5,41.01,-4.75,92491,39885.0,,,
002866,881124,消费电子,14.61,14.6,0.55,188090,91169.0,,,
002867,881136,服装家纺,12.45,12.42,2.33,94356,58777.0,,,
002868,881102,养殖业,22.2,22.35,-3.92,19554,7006.0,,,
002869,881130,计算机设备,15.67,15.59,-3.25,45233,22624.0,,,
002870,881126,汽车零部件,38.59,38.45,-3.16,29502,11119.0,,,
002871,881117,通用设备,15.63,15.47,-7.36,35548,13388.0,,,
002872,881140,化学制药,4.93,4.9,-0.81,12168,5892.0,,,
002873,881141,中药,7.63,7.62,-1.83,67519,31871.0,,,
002875,881136,服装家纺,12.28,12.14,-2.2,44794,20571.0,,,
002876,881122,光学光电子,27.11,26.99,-3.47,33204,12590.0,,,
002877,881117,通用设备,6.89,6.9,-0.73,54360,23603.0,,,
002878,881164,文化传媒,11.76,11.77,-0.43,74706,36470.0,,,
002879,881278,电网设备,17.93,17.52,-9.98,388429,176321.0,,,
002880,881142,生物制品,19.68,19.7,0.36,15830,7466.0,,,
002881,881129,通信设备,37.7,36.78,-10.0,130471,49615.0,,,
002882,881278,电网设备,19.65,20.58,10.03,155237,48784.0,,,
002883,881116,建筑装饰,8.51,8.54,-1.53,8813,2978.0,,,
002884,881117,通用设备,16.47,16.42,-0.49,21315,7986.0,,,
002885,881123,其他电子,24.38,24.24,-8.33,162556,75542.0,,,
002886,881265,塑料制品,17.63,17.4,-3.57,91480,36775.0,,,
002887,881181,环境治理,9.68,9.63,-4.24,45233,17980.0,,,
002888,881124,消费电子,15.9,15.8,-2.7,29261,11024.0,,,
002889,881152,物流,12.78,11.5,-3.13,193153,101460.0,,,
002890,881118,专用设备,13.41,13.41,-4.4,20976,7607.0,,,
002891,881103,农产品加工,31.6,31.55,3.01,298182,152779.0,,,
002892,881277,电机,9.33,9.23,0.11,72969,39877.0,,,
002893,881145,电力,9.54,9.5,0.1,61546,28912.0,,,
002895,881263,农化制品,35.16,35.14,0.82,86691,45394.0,,,
002896,881117,通用设备,62.15,61.35,-4.57,69212,30050.0,,,
002897,881129,通信设备,54.97,54.23,-10.01,131539,59272.0,,,
002899,881139,家居用品,17.95,17.8,-0.56,37034,15165.0,,,
002900,881140,化学制药,11.8,11.99,-2.03,310429,133210.0,,,
002901,881144,医疗器械,44.44,44.46,-0.52,20479,10308.0,,,
002902,881129,通信设备,21.27,21.3,-6.68,122953,55633.0,,,
002903,881117,通用设备,25.25,26.19,-8.51,278567,106630.0,,,
002905,881274,影视院线,7.32,7.32,-2.19,49822,25528.0,,,
002906,881126,汽车零部件,24.98,24.8,0.64,61143,36278.0,,,
002907,881141,中药,12.61,12.51,-1.19,45884,20137.0,,,
002908,881271,IT服务,6.59,6.55,-0.3,55948,25193.0,,,
002909,881109,化学制品,4.71,4.72,-1.27,68429,31816.0,,,
002910,881133,饮料制造,8.52,8.65,-4.34,167537,69578.0,,,
002911,881146,燃气,11.4,11.35,2.28,79842,49313.0,,,
002912,881130,计算机设备,18.48,18.23,-1.52,27135,13724.0,,,
002913,881270,元件,40.78,40.36,-6.55,86014,36466.0,,,
002915,881109,化学制品,15.88,15.8,-1.51,50406,18514.0,,,
002916,881270,元件,316.01,312.7,-9.97,139251,64218.0,,,
002917,881109,化学制品,10.1,10.11,-0.89,32065,15267.0,,,
002918,881139,家居用品,9.38,9.29,-4.05,134080,60745.0,,,
002919,881275,游戏,16.15,16.33,-5.76,43911,18737.0,,,
002920,881126,汽车零部件,85.85,85.76,3.6,159442,93382.0,,,
002921,881126,汽车零部件,20.1,20.29,0.95,115996,52375.0,,,
002922,881123,其他电子,24.03,24.03,-3.75,140331,61651.0,,,
002923,881140,化学制药,10.47,10.43,-2.87,79071,32912.0,,,
002925,881124,消费电子,22.8,22.5,-5.96,137693,52384.0,,,
002926,881157,证券,8.32,8.28,0.72,161997,82471.0,,,
002927,881278,电网设备,14.71,14.56,-3.94,65324,28555.0,,,
002928,881151,机场航运,6.43,6.35,0.62,301283,150488.0,,,
002929,881162,通信服务,47.26,46.72,-7.72,137916,63791.0,,,
002930,881152,物流,8.44,8.41,-2.37,88256,35144.0,,,
002931,881117,通用设备,43.55,43.16,-6.27,104980,49735.0,,,
002932,881144,医疗器械,14.66,14.74,-2.25,10729,5116.0,,,
002933,881166,军工装备,24.77,24.7,-1.29,11136,4991.0,,,
002935,881276,军工电子,15.2,15.0,-3.62,52722,17355.0,,,
002936,881155,银行,1.82,1.81,1.65,1081623,676028.0,,,
002937,881126,汽车零部件,27.89,28.04,-10.0,142473,73307.0,,,
002938,881270,元件,84.5,83.3,-10.0,339082,166788.0,,,
002939,881157,证券,8.26,8.21,0.61,248011,119652.0,,,
002940,881140,化学制药,24.06,24.0,-2.7,83078,30999.0,,,
002941,881116,建筑装饰,10.43,10.39,1.25,167724,92178.0,,,
002942,881263,农化制品,14.37,14.29,0.21,14641,8104.0,,,
002943,881117,通用设备,28.26,28.23,-7.15,119224,52864.0,,,
002945,881157,证券,14.37,14.45,2.3,488737,261369.0,,,
002946,881133,饮料制造,16.94,16.83,5.08,180802,93050.0,,,
002947,881124,消费电子,54.58,53.98,-8.19,81694,38365.0,,,
002948,881155,银行,5.86,5.84,0.68,432068,204873.0,,,
002949,881116,建筑装饰,9.77,9.77,0.31,29544,14535.0,,,
002950,881144,医疗器械,9.11,9.12,0.0,111118,55986.0,,,
002951,881282,其他电源设备,13.13,13.0,-2.51,86177,33906.0,,,
002952,881122,光学光电子,18.64,18.86,-3.54,31377,13033.0,,,
002953,881278,电网设备,9.59,9.5,-3.55,115820,43912.0,,,
002955,881122,光学光电子,32.5,31.77,-4.95,81301,36006.0,,,
002956,881134,食品加工制造,18.24,18.0,-3.67,130614,52800.0,,,
002957,881171,自动化设备,34.16,34.15,-9.98,173441,77076.0,,,
002958,881155,银行,3.09,3.09,2.91,1132294,725094.0,,,
002959,881173,小家电,33.98,33.78,1.29,12036,6189.0,,,
002960,881118,专用设备,7.82,7.77,0.51,103359,57398.0,,,
002961,881283,多元金融,19.32,19.24,1.14,69437,35737.0,,,
002962,881122,光学光电子,12.03,11.95,-3.49,89162,32628.0,,,
002963,881116,建筑装饰,12.92,12.7,-6.97,56951,26440.0,,,
002965,881126,汽车零部件,32.82,31.82,-9.99,147744,80749.0,,,
002966,881155,银行,8.34,8.29,2.88,739243,409395.0,,,
002967,881179,其他社会服务,16.73,16.68,0.24,43798,21916.0,,,
002968,881153,房地产,8.44,8.44,0.0,42303,20468.0,,,
002969,881138,包装印刷,13.14,12.45,-9.97,1260167,576605.0,,,
002970,881130,计算机设备,46.2,46.0,-5.45,35944,14821.0,,,
002971,881109,化学制品,36.25,35.89,-9.79,153136,70347.0,,,
002972,881269,轨交设备,12.56,12.49,-8.2,124993,47249.0,,,
002973,881181,环境治理,9.08,9.02,-3.63,79298,27845.0,,,
002975,881171,自动化设备,77.04,76.84,-9.99,95736,48448.0,,,
002976,881126,汽车零部件,18.95,18.88,-3.64,66808,26937.0,,,
002977,881276,军工电子,21.54,21.45,-2.41,11819,5505.0,,,
002978,881170,小金属,26.4,26.4,0.49,24264,13574.0,,,
002979,881171,自动化设备,57.65,58.0,-9.54,154351,79384.0,,,
002980,881278,电网设备,70.59,70.92,-10.0,78248,40535.0,,,
002981,881124,消费电子,22.62,22.42,-0.27,23834,10502.0,,,
002982,881102,养殖业,11.47,11.48,-0.35,35809,15787.0,,,
002983,881122,光学光电子,18.34,18.34,-3.38,19503,6237.0,,,
002984,881126,汽车零部件,14.36,14.34,2.51,138126,78194.0,,,
002985,881166,军工装备,25.45,25.38,0.12,42151,20791.0,,,
002986,881180,石油加工贸易,11.83,11.84,-0.42,56928,27766.0,,,
002987,881272,软件开发,10.91,10.8,2.11,289820,158415.0,,,
002988,881168,工业金属,20.09,19.9,-2.59,34970,15337.0,,,
002989,881116,建筑装饰,20.33,20.14,-6.49,70728,31962.0,,,
002990,881130,计算机设备,41.95,41.79,-9.99,94833,39729.0,,,
002991,881134,食品加工制造,42.4,42.39,1.53,16526,9429.0,,,
002992,881122,光学光电子,32.95,33.0,-5.64,19603,7913.0,,,
002993,881124,消费电子,35.4,35.17,-6.07,70628,29325.0,,,
002995,881164,文化传媒,16.43,16.3,1.03,222315,116054.0,,,
002996,881168,工业金属,6.17,6.14,-0.81,59729,26624.0,,,
002997,881126,汽车零部件,26.2,26.27,-2.02,28992,11067.0,,,
002998,881264,化学纤维,7.36,7.36,0.14,126091,56728.0,,,
002999,881263,农化制品,5.51,5.52,0.18,62781,29586.0,,,
003000,881134,食品加工制造,10.6,10.6,2.36,105239,64126.0,,,
003001,881116,建筑装饰,19.43,19.43,-9.98,259619,108599.0,,,
003002,881109,化学制品,15.71,15.6,-0.95,27429,11830.0,,,
003003,881138,包装印刷,9.87,9.87,-0.3,34865,16916.0,,,
003004,881130,计算机设备,58.61,58.2,-8.72,21956,9074.0,,,
003005,881271,IT服务,12.24,12.22,-1.72,31152,15029.0,,,
003006,881182,美容护理,14.33,14.32,3.21,92602,52706.0,,,
003007,881272,软件开发,33.09,32.8,-3.9,16427,6290.0,,,
003008,881179,其他社会服务,17.23,17.3,-0.46,12068,6240.0,,,
003009,881166,军工装备,47.2,46.9,-6.08,49573,19890.0,,,
003010,881177,互联网电商,25.83,25.84,3.37,166999,83151.0,,,
003011,881139,家居用品,17.28,17.28,-1.97,24197,10435.0,,,
003012,881139,家居用品,4.73,4.71,2.54,139479,80275.0,,,
003013,881116,建筑装饰,17.1,16.87,-6.43,63553,26250.0,,,
003015,881122,光学光电子,10.55,10.45,-3.6,93463,29576.0,,,
003016,881136,服装家纺,6.58,6.58,0.15,34814,17930.0,,,
003017,881108,化学原料,20.66,20.56,-2.08,15983,6361.0,,,
003018,881138,包装印刷,32.05,32.06,-9.98,145481,64053.0,,,
003019,881122,光学光电子,22.24,22.0,-5.76,53361,19978.0,,,
003020,881140,化学制药,16.63,16.46,-2.83,106137,45753.0,,,
003021,881277,电机,75.35,74.67,-3.48,24344,9441.0,,,
003022,881279,光伏设备,18.95,18.84,-1.16,99449,43185.0,,,
003023,881173,小家电,19.8,19.88,-0.61,33821,13717.0,,,
003025,881117,通用设备,11.56,11.57,-1.38,64018,26530.0,,,
003026,881121,半导体,26.28,26.29,-6.89,95182,39105.0,,,
003027,881181,环境治理,15.29,15.29,-1.64,30805,14783.0,,,
003028,881131,白色家电,21.2,21.2,-1.6,8379,3798.0,,,
003029,881272,软件开发,16.35,16.14,-0.98,33409,17702.0,,,
003030,881103,农产品加工,21.31,21.22,-3.47,41756,15109.0,,,
003031,881129,通信设备,98.55,97.93,-7.56,100037,48210.0,,,
003032,881178,教育,7.28,7.8,10.03,250275,64525.0,,,
003033,881128,汽车服务及其他,61.2,60.39,-9.93,18617,6459.0,,,
003035,881145,电力,5.52,5.47,-1.45,319426,136235.0,,,
003036,881118,专用设备,45.5,45.01,-10.0,61701,37452.0,,,
003037,881115,建筑材料,5.47,5.44,-1.65,33532,14063.0,,,
003038,881168,工业金属,10.11,10.08,0.2,42790,22489.0,,,
003039,881181,环境治理,11.58,11.58,2.25,44303,26743.0,,,
003040,881129,通信设备,10.81,10.77,1.2,159630,80054.0,,,
003041,881136,服装家纺,36.24,35.95,-0.72,37363,15174.0,,,
003042,881263,农化制品,12.22,12.18,0.41,37179,18135.0,,,
003043,881121,半导体,61.96,62.59,-10.01,69854,34596.0,,,
003816,881145,电力,4.08,4.07,1.96,918101,554929.0,,,
300001,881278,电网设备,34.17,33.63,-1.35,160275,81643.0,,,
300002,881275,游戏,8.27,8.21,-1.21,690708,329441.0,,,
300003,881144,医疗器械,12.95,12.88,0.77,301648,159484.0,,,
300004,881118,专用设备,7.86,7.79,-4.58,177886,82201.0,,,
300005,881136,服装家纺,9.31,9.3,-4.94,647919,233462.0,,,
300006,881140,化学制药,5.01,4.99,-5.59,344234,132787.0,,,
300007,881117,通用设备,31.92,31.66,-0.16,105814,51836.0,,,
300008,881166,军工装备,6.21,6.16,-0.81,432725,199809.0,,,
300009,881142,生物制品,8.21,8.18,0.24,152470,83569.0,,,
300010,881178,教育,2.21,2.11,-3.62,785732,357485.0,,,
300011,881269,轨交设备,5.77,5.8,-1.56,50600,20179.0,,,
300012,881179,其他社会服务,14.04,13.98,1.85,366765,207989.0,,,
300013,881152,物流,3.49,3.48,-3.15,165182,65905.0,,,
300014,881281,电池,53.22,52.5,1.88,536165,313611.0,,,
300015,881175,医疗服务,8.87,8.83,2.37,1250821,721055.0,,,
300016,881140,化学制药,7.82,7.83,-2.69,179794,67497.0,,,
300017,881271,IT服务,12.54,12.35,-4.78,1269991,555745.0,,,
300018,881278,电网设备,11.45,11.43,-4.19,121060,44168.0,,,
300019,881109,化学制品,14.23,14.03,-0.49,62815,25036.0,,,
300020,881271,IT服务,3.68,3.63,-2.72,167053,63805.0,,,
300021,881101,种植业与林业,3.79,3.78,-0.53,102146,41734.0,,,
300022,881158,零售,7.7,7.67,1.04,66179,29228.0,,,
300024,881171,自动化设备,15.15,14.93,-1.06,339716,162320.0,,,
300025,881162,通信服务,4.29,4.26,-1.4,122914,57296.0,,,
300026,881141,中药,3.39,3.38,-1.18,478661,205763.0,,,
300027,881274,影视院线,1.72,1.71,0.0,290604,162211.0,,,
300030,881144,医疗器械,6.22,6.2,-1.61,70480,32911.0,,,
300031,881275,游戏,19.08,18.79,-2.1,199130,81277.0,,,
300032,881124,消费电子,3.52,3.48,-2.56,235220,95105.0,,,
300033,881272,软件开发,224.0,222.1,0.84,153986,85277.0,,,
300034,881166,军工装备,15.58,15.41,-0.45,109639,57127.0,,,
300035,881281,电池,13.83,13.76,1.37,202991,116098.0,,,
300036,881272,软件开发,11.05,10.97,1.18,150024,76309.0,,,
300037,881281,电池,61.72,61.55,-1.07,196177,89331.0,,,
300039,881141,中药,5.59,5.54,-3.22,790076,382630.0,,,
300040,881145,电力,6.33,6.33,-6.0,727149,270485.0,,,
300041,881109,化学制品,10.22,10.11,-1.76,194858,77267.0,,,
300042,881130,计算机设备,39.82,40.0,-3.74,158971,76478.0,,,
300043,881275,游戏,4.68,4.6,-3.85,640162,257375.0,,,
300044,881271,IT服务,5.19,5.14,-3.08,133232,43809.0,,,
300045,881276,军工电子,12.5,12.38,-2.56,189266,96070.0,,,
300046,881121,半导体,22.94,22.75,-3.62,55825,20622.0,,,
300047,881272,软件开发,9.58,9.5,1.15,254963,135888.0,,,
300048,881116,建筑装饰,5.02,5.0,0.6,109749,53694.0,,,
300049,881144,医疗器械,45.01,44.86,-3.49,64460,28173.0,,,
300050,881162,通信服务,5.42,5.39,-5.72,204757,68586.0,,,
300051,881279,光伏设备,7.25,7.32,0.28,163386,81042.0,,,
300052,881275,游戏,9.5,9.36,0.32,200399,88924.0,,,
300053,881121,半导体,12.05,11.94,-2.07,163213,69489.0,,,
300054,881172,电子化学品,69.6,69.6,-5.85,431109,208082.0,,,
300055,881180,石油加工贸易,5.64,5.63,-1.6,257449,117094.0,,,
300056,881284,环保设备,7.74,7.8,3.88,165338,86272.0,,,
300057,881168,工业金属,6.18,6.14,-3.88,355003,125539.0,,,
300058,881164,文化传媒,11.78,11.61,1.53,3523510,1883144.0,,,
300059,881157,证券,19.9,19.8,0.45,3006388,1596123.0,,,
300061,881164,文化传媒,6.15,6.1,-0.98,194945,88644.0,,,
300062,881278,电网设备,6.74,6.68,-5.34,623512,256997.0,,,
300063,881164,文化传媒,7.87,7.82,-1.4,503312,238784.0,,,
300065,881166,军工装备,15.34,15.25,-6.06,405164,161051.0,,,
300066,881117,通用设备,4.96,4.93,-1.81,135702,59870.0,,,
300067,881109,化学制品,5.89,5.6,-8.66,1253030,538097.0,,,
300068,881281,电池,4.17,4.15,-3.12,461225,186599.0,,,
300069,881278,电网设备,26.26,25.9,-9.22,90148,43694.0,,,
300070,881181,环境治理,3.52,3.51,1.14,390619,223789.0,,,
300071,881164,文化传媒,4.0,3.95,6.75,1654026,923925.0,,,
300072,881109,化学制品,3.48,3.47,-1.44,236810,89591.0,,,
300073,881281,电池,41.56,41.2,0.38,135666,66493.0,,,
300074,881272,软件开发,3.45,3.44,-2.32,190742,90018.0,,,
300075,881272,软件开发,10.95,10.87,0.37,123071,67569.0,,,
300076,881122,光学光电子,4.17,4.15,0.0,38599,14940.0,,,
300077,881121,半导体,16.75,16.53,-5.43,387873,162750.0,,,
300078,881271,IT服务,2.87,2.84,-1.39,289706,127227.0,,,
300079,881271,IT服务,4.39,4.37,0.46,284417,136275.0,,,
300080,881279,光伏设备,3.65,3.62,0.27,177576,92810.0,,,
300081,881162,通信服务,2.79,2.8,-1.43,165921,71873.0,,,
300082,881108,化学原料,7.58,7.5,-0.66,100213,52101.0,,,
300083,881117,通用设备,10.91,10.93,-8.89,981363,382870.0,,,
300084,881118,专用设备,10.66,10.79,-4.97,126961,39866.0,,,
300085,881272,软件开发,28.96,29.02,0.62,486875,239426.0,,,
300086,881140,化学制药,6.17,6.12,-0.97,299072,145558.0,,,
300087,881101,种植业与林业,5.09,5.07,-1.18,97294,35753.0,,,
300088,881122,光学光电子,6.76,6.64,-5.18,1286458,465623.0,,,
300091,881117,通用设备,2.42,2.45,0.41,71528,35101.0,,,
300092,881118,专用设备,11.27,11.27,0.27,47315,22000.0,,,
300093,881279,光伏设备,21.17,21.0,-6.42,83580,33575.0,,,
300094,881102,养殖业,2.7,2.68,0.0,376923,170516.0,,,
300095,881118,专用设备,8.09,8.09,-2.84,54171,19674.0,,,
300096,881272,软件开发,7.99,7.98,-2.38,23735,8681.0,,,
300097,881171,自动化设备,7.61,7.54,-6.31,101342,39882.0,,,
300098,881129,通信设备,4.56,4.51,-0.44,457310,219272.0,,,
300099,881118,专用设备,5.82,5.74,-1.37,111690,44479.0,,,
300100,881126,汽车零部件,21.14,20.96,-0.76,66576,28849.0,,,
300101,881276,军工电子,14.26,14.13,-0.84,97865,48524.0,,,
300102,881122,光学光电子,16.46,16.31,-4.31,236406,104149.0,,,
300103,881118,专用设备,6.55,6.5,-2.44,60835,31113.0,,,
300105,881284,环保设备,8.46,8.34,-12.06,565231,236938.0,,,
300106,881133,饮料制造,9.26,8.87,-5.94,281932,118663.0,,,
300107,881109,化学制品,6.23,6.16,-0.8,131083,56854.0,,,
300109,881109,化学制品,12.44,12.35,-3.38,66695,26163.0,,,
300110,881140,化学制药,2.7,2.68,-1.48,237486,97629.0,,,
300111,881140,化学制药,2.78,2.76,-1.8,389572,164225.0,,,
300112,881117,通用设备,6.48,6.47,1.54,151465,81273.0,,,
300113,881162,通信服务,17.4,17.24,-3.97,282678,118730.0,,,
300115,881124,消费电子,26.84,26.6,-0.19,507861,272183.0,,,
300118,881279,光伏设备,9.45,9.38,-0.95,331769,158442.0,,,
300119,881102,养殖业,15.98,16.0,4.69,101447,57223.0,,,
300120,881122,光学光电子,6.4,6.35,-4.84,304231,111955.0,,,
300121,881266,橡胶制品,9.16,9.09,-0.22,104821,46845.0,,,
300122,881142,生物制品,12.63,12.54,2.14,285382,158369.0,,,
300123,881276,军工电子,4.09,4.08,-1.22,285797,106324.0,,,
300124,881171,自动化设备,61.61,61.22,3.08,484417,293439.0,,,
300125,881145,电力,8.32,8.22,-3.61,36872,10582.0,,,
300126,881117,通用设备,5.62,5.62,0.36,48650,25596.0,,,
300127,881114,金属新材料,23.36,23.3,-1.16,36688,18991.0,,,
300128,881124,消费电子,4.25,4.23,-4.0,349119,136238.0,,,
300129,881280,风电设备,7.61,7.54,-1.45,239043,110850.0,,,
300130,881130,计算机设备,18.13,17.99,2.59,174657,100555.0,,,
300131,881123,其他电子,13.38,13.15,-10.99,661721,303461.0,,,
300132,881182,美容护理,6.41,6.4,-3.12,272742,117029.0,,,
300133,881274,影视院线,6.58,6.51,-2.43,542798,212834.0,,,
300134,881129,通信设备,7.74,7.71,-2.07,92945,41302.0,,,
300135,881180,石油加工贸易,3.18,3.2,-0.94,220873,98869.0,,,
300136,881124,消费电子,61.61,61.05,-8.29,644435,331534.0,,,
300137,881284,环保设备,10.98,11.09,-14.85,494390,223622.0,,,
300138,881103,农产品加工,11.4,11.4,4.56,265692,169513.0,,,
300139,881169,贵金属,39.1,40.0,-7.54,495901,218517.0,,,
300140,881181,环境治理,5.57,5.54,0.18,120563,58292.0,,,
300141,881278,电网设备,10.49,10.42,-5.05,209304,87392.0,,,
300142,881142,生物制品,12.19,12.07,-0.08,523712,213844.0,,,
300143,881175,医疗服务,7.29,7.26,-2.19,117217,48071.0,,,
300144,881160,旅游及酒店,6.13,6.11,1.63,531373,312657.0,,,
300145,881117,通用设备,4.15,4.11,-1.93,513764,197138.0,,,
300146,881134,食品加工制造,10.18,10.1,-0.29,271668,144086.0,,,
300147,881141,中药,6.26,6.2,1.92,134026,68416.0,,,
300148,881164,文化传媒,3.3,3.27,-0.91,282299,122781.0,,,
300149,881175,医疗服务,8.94,8.88,-3.8,291991,118503.0,,,
300150,881271,IT服务,3.91,3.89,-1.28,63561,32442.0,,,
300151,881118,专用设备,13.74,13.63,-4.95,164508,63090.0,,,
300152,881181,环境治理,1.47,1.45,-2.72,187472,69277.0,,,
300153,881282,其他电源设备,19.87,19.74,-3.57,71641,30741.0,,,
300154,881117,通用设备,7.51,7.45,-4.26,81950,33554.0,,,
300155,881130,计算机设备,3.9,3.91,-0.51,89741,44208.0,,,
300157,881117,通用设备,4.16,4.23,3.37,876662,466760.0,,,
300158,881141,中药,4.98,4.94,-2.41,148579,59850.0,,,
300159,881118,专用设备,2.84,2.81,-3.17,442457,183509.0,,,
300160,881131,白色家电,4.25,4.24,-0.71,59615,28126.0,,,
300161,881117,通用设备,23.71,23.81,1.01,42434,17405.0,,,
300162,881122,光学光电子,7.25,7.2,-5.1,246182,91291.0,,,
300163,881139,家居用品,5.13,5.18,-2.14,354078,169102.0,,,
300164,881107,油气开采及服务,10.8,11.39,10.56,1910640,1011539.0,,,
300165,881117,通用设备,4.82,4.82,-3.73,165901,69068.0,,,
300166,881271,IT服务,12.55,12.37,-4.3,432203,185830.0,,,
300167,881271,IT服务,3.88,3.89,-1.8,63769,24804.0,,,
300168,881271,IT服务,4.8,4.77,-0.83,234340,119927.0,,,
300169,881109,化学制品,5.38,5.17,1.67,586339,260557.0,,,
300170,881271,IT服务,14.51,14.55,3.86,801345,449613.0,,,
300171,881144,医疗器械,12.17,12.12,-0.58,114753,53743.0,,,
300172,881181,环境治理,4.4,4.36,-0.68,131085,62313.0,,,
300173,881281,电池,3.09,3.08,-1.62,63581,21340.0,,,
300174,881109,化学制品,17.76,17.65,-4.11,187211,75418.0,,,
300175,881103,农产品加工,5.66,5.66,-1.06,93548,42291.0,,,
300176,881126,汽车零部件,4.97,4.97,-0.4,79933,38310.0,,,
300177,881276,军工电子,6.02,5.96,0.0,86269,37336.0,,,
300179,881117,通用设备,32.37,32.12,-9.42,356243,176188.0,,,
300180,881265,塑料制品,4.25,4.21,1.65,373895,210110.0,,,
300181,881141,中药,14.23,14.2,1.05,258771,132141.0,,,
300182,881274,影视院线,4.66,4.62,-1.07,805230,357878.0,,,
300183,881129,通信设备,10.22,10.12,-1.96,52652,22973.0,,,
300184,881123,其他电子,11.58,11.4,-4.15,614547,270795.0,,,
300185,881280,风电设备,2.82,2.8,-0.71,752683,345589.0,,,
300187,881181,环境治理,4.56,4.53,-1.54,101418,42022.0,,,
300188,881272,软件开发,10.47,10.29,0.19,131967,74049.0,,,
300189,881101,种植业与林业,4.38,4.36,-2.05,823868,363550.0,,,
300190,881181,环境治理,3.63,3.61,-1.65,112155,31902.0,,,
300191,881107,油气开采及服务,27.87,28.79,7.1,274770,146027.0,,,
300192,881178,教育,10.91,11.01,4.86,246553,124794.0,,,
300193,881117,通用设备,7.42,7.38,-1.35,46070,17393.0,,,
300194,881140,化学制药,3.7,3.68,-0.54,156785,66743.0,,,
300195,881118,专用设备,4.99,4.98,-2.0,122232,49444.0,,,
300196,881115,建筑材料,15.92,15.81,-1.88,193858,87817.0,,,
300197,881181,环境治理,1.8,1.78,-2.78,1075337,419846.0,,,
300198,881115,建筑材料,2.07,2.06,-1.93,54173,12910.0,,,
300199,881140,化学制药,20.64,20.6,-2.13,365429,160531.0,,,
300200,881109,化学制品,8.14,8.03,-0.74,78500,31516.0,,,
300201,881268,工程机械,13.82,13.8,-5.5,311905,118733.0,,,
300203,881117,通用设备,11.81,11.78,-1.52,56468,24425.0,,,
300204,881140,化学制药,22.35,22.01,-6.31,278599,116894.0,,,
300205,881129,通信设备,5.03,5.02,-3.58,21011,5737.0,,,
300206,881144,医疗器械,11.53,11.67,-0.43,50900,25070.0,,,
300207,881281,电池,19.11,18.8,-0.63,772273,359042.0,,,
300209,881177,互联网电商,28.5,29.6,-8.42,1037494,431848.0,,,
300210,881118,专用设备,8.62,8.62,-3.25,136660,55526.0,,,
300211,881117,通用设备,6.43,6.37,0.62,24813,10875.0,,,
300212,881271,IT服务,7.83,7.77,3.45,175206,90689.0,,,
300213,881129,通信设备,5.99,5.96,-1.17,144637,71039.0,,,
300214,881109,化学制品,13.5,13.4,-7.78,582609,250601.0,,,
300215,881179,其他社会服务,6.05,6.01,-1.82,110909,49440.0,,,
300217,881131,白色家电,4.44,4.44,-1.8,319849,138014.0,,,
300218,881265,塑料制品,11.65,11.65,0.0,23335,11883.0,,,
300219,881122,光学光电子,6.48,6.4,-1.54,164414,65978.0,,,
300220,881171,自动化设备,9.77,9.81,-0.92,37213,18356.0,,,
300221,881265,塑料制品,10.96,10.88,-5.29,232569,93523.0,,,
300222,881278,电网设备,9.34,9.23,-2.57,253965,105110.0,,,
300223,881121,半导体,124.56,124.56,-0.72,559043,296631.0,,,
300224,881114,金属新材料,11.04,10.95,-0.09,109912,53515.0,,,
300225,881109,化学制品,6.45,6.45,-4.19,120866,45814.0,,,
300226,881272,软件开发,15.58,15.42,2.7,118283,61652.0,,,
300227,881171,自动化设备,8.45,8.45,4.62,259834,153346.0,,,
300228,881117,通用设备,7.12,7.08,-1.83,136004,50120.0,,,
300229,881272,软件开发,12.85,12.77,0.86,288830,149130.0,,,
300230,881265,塑料制品,4.16,4.16,-0.24,81762,35850.0,,,
300231,881271,IT服务,8.23,8.21,-3.52,233572,93943.0,,,
300232,881122,光学光电子,5.03,5.01,-1.59,147083,65562.0,,,
300233,881140,化学制药,12.82,12.7,-1.33,87275,36847.0,,,
300234,881115,建筑材料,7.99,8.0,-1.88,199825,78959.0,,,
300235,881272,软件开发,10.53,10.47,-0.38,59724,28267.0,,,
300236,881172,电子化学品,86.68,85.14,-5.83,121118,55811.0,,,
300237,881126,汽车零部件,1.92,1.91,-3.13,175930,43951.0,,,
300238,881144,医疗器械,10.91,10.82,-3.76,59158,23287.0,,,
300239,881142,生物制品,4.72,4.69,-0.42,70096,28871.0,,,
300240,881152,物流,5.3,5.29,-0.19,64329,29086.0,,,
300241,881122,光学光电子,5.29,5.22,-3.59,229743,81450.0,,,
300242,881164,文化传媒,4.35,4.55,5.29,783338,414477.0,,,
300243,881265,塑料制品,13.24,13.1,-7.1,168072,66597.0,,,
300244,881175,医疗服务,16.79,16.78,-2.92,231444,99445.0,,,
300245,881271,IT服务,5.4,5.33,-0.56,73904,29517.0,,,
300246,881144,医疗器械,18.53,18.35,-5.83,172528,66917.0,,,
300247,881173,小家电,3.8,3.78,-1.32,86285,37313.0,,,
300248,881271,IT服务,7.89,7.83,-0.63,106020,49703.0,,,
300249,881130,计算机设备,11.73,11.59,-5.54,159612,63124.0,,,
300250,881271,IT服务,15.11,14.87,-1.26,211098,97808.0,,,
300251,881274,影视院线,11.45,11.35,-1.48,437402,189981.0,,,
300252,881276,军工电子,10.82,10.77,-4.07,222638,93305.0,,,
300253,881272,软件开发,6.98,6.95,0.0,571553,295704.0,,,
300254,881140,化学制药,7.68,7.7,-1.82,109340,48800.0,,,
300255,881140,化学制药,24.96,24.96,-3.41,363555,170641.0,,,
300256,881128,汽车服务及其他,2.57,2.6,-0.39,240994,102780.0,,,
300257,881117,通用设备,17.79,17.77,-5.0,125853,60737.0,,,
300258,881126,汽车零部件,9.7,9.64,-1.34,71074,28939.0,,,
300259,881117,通用设备,3.96,3.91,-3.28,324165,129989.0,,,
300260,881138,包装印刷,49.5,47.02,-11.07,366611,167944.0,,,
300261,881263,农化制品,5.31,5.22,-2.07,498013,255187.0,,,
300263,881117,通用设备,8.69,8.6,-4.83,511578,199631.0,,,
300264,881271,IT服务,6.17,6.14,-5.02,201096,75835.0,,,
300265,881278,电网设备,13.15,12.97,-5.7,225516,92633.0,,,
300266,881181,环境治理,1.8,1.79,-1.11,216265,93300.0,,,
300267,881140,化学制药,3.02,3.02,-2.98,394785,155816.0,,,
300268,881103,农产品加工,10.63,10.54,-3.48,28384,14189.0,,,
300269,881122,光学光电子,4.45,4.39,-4.04,233948,101460.0,,,
300270,881130,计算机设备,10.35,10.28,-10.24,205661,76893.0,,,
300271,881272,软件开发,5.25,5.2,0.57,173072,87852.0,,,
300272,881173,小家电,5.45,5.53,0.55,80107,34896.0,,,
300274,881279,光伏设备,106.55,104.74,-2.67,526401,271332.0,,,
300275,881118,专用设备,8.02,8.0,-0.87,54550,27249.0,,,
300276,881171,自动化设备,6.46,6.38,-1.39,222391,105338.0,,,
300277,881282,其他电源设备,11.59,11.46,-3.19,160346,63752.0,,,
300278,881171,自动化设备,3.63,3.6,-1.1,185462,82079.0,,,
300279,881131,白色家电,5.29,5.24,-3.21,125648,55419.0,,,
300281,881118,专用设备,5.62,5.62,-1.96,83467,37334.0,,,
300283,881278,电网设备,13.07,13.11,-5.59,300731,132838.0,,,
300284,881116,建筑装饰,5.46,5.45,1.47,162483,99159.0,,,
300285,881172,电子化学品,59.12,60.18,3.65,1850492,943081.0,,,
300286,881278,电网设备,19.68,19.65,-1.42,48249,17916.0,,,
300287,881271,IT服务,3.6,3.57,-2.22,375124,137759.0,,,
300288,881271,IT服务,9.45,9.48,0.74,55941,30037.0,,,
300289,881144,医疗器械,5.55,5.51,-1.44,57506,25325.0,,,
300290,881271,IT服务,4.62,4.63,9.09,735529,382660.0,,,
300291,881274,影视院线,5.05,4.93,-5.15,671571,280403.0,,,
300292,881162,通信服务,4.12,4.08,-2.43,531249,199356.0,,,
300293,881118,专用设备,15.08,14.81,2.52,186096,90243.0,,,
300294,881142,生物制品,15.3,15.22,1.7,62192,33700.0,,,
300295,881164,文化传媒,11.37,11.38,1.67,65617,30982.0,,,
300296,881122,光学光电子,5.25,5.2,-0.38,420433,205698.0,,,
300298,881144,医疗器械,15.89,15.89,1.2,67442,39596.0,,,
300299,881275,游戏,5.17,5.11,-1.74,372755,177038.0,,,
300300,881271,IT服务,7.2,7.2,-2.08,422424,182619.0,,,
300301,881122,光学光电子,3.39,3.38,-1.47,53145,15653.0,,,
300302,881130,计算机设备,27.3,27.04,-3.63,260558,116899.0,,,
300303,881122,光学光电子,7.06,6.97,-2.69,453249,196414.0,,,
300304,881126,汽车零部件,10.48,10.38,-5.25,222598,74911.0,,,
300305,881265,塑料制品,5.07,5.01,-2.56,82952,37618.0,,,
300306,881117,通用设备,9.15,9.07,-0.66,32971,15060.0,,,
300307,881118,专用设备,6.44,6.37,-0.31,124359,52985.0,,,
300308,881129,通信设备,951.0,919.01,-9.15,693702,354803.0,,,
300310,881162,通信服务,4.23,4.2,-0.95,247519,111524.0,,,
300311,881272,软件开发,5.19,5.17,1.16,103369,51157.0,,,
300313,881102,养殖业,7.82,7.78,-3.07,59034,26944.0,,,
300314,881144,医疗器械,9.67,9.58,-0.62,34091,16864.0,,,
300315,881275,游戏,4.18,4.15,0.24,1194382,672123.0,,,
300316,881279,光伏设备,38.43,38.01,-2.71,192001,104168.0,,,
300317,881145,电力,4.8,4.73,-7.29,1369960,541793.0,,,
300318,881142,生物制品,4.68,4.68,-1.07,75002,32412.0,,,
300319,881270,元件,14.88,14.7,-7.73,1090187,501064.0,,,
300320,881266,橡胶制品,8.07,8.07,-0.74,54856,25253.0,,,
300321,881265,塑料制品,30.2,30.59,-9.34,44647,18129.0,,,
300322,881124,消费电子,16.46,16.38,-6.8,198040,95973.0,,,
300323,881122,光学光电子,10.78,10.64,-7.33,719695,312899.0,,,
300324,881130,计算机设备,3.6,3.57,-1.94,338574,147437.0,,,
300326,881144,医疗器械,5.63,5.58,0.0,43813,16293.0,,,
300327,881121,半导体,21.85,21.52,-3.98,109132,42452.0,,,
300328,881170,小金属,12.33,12.19,1.38,624887,302027.0,,,
300329,881139,家居用品,10.86,10.75,-0.09,25332,11247.0,,,
300331,881122,光学光电子,38.91,38.34,-7.53,180728,83991.0,,,
300332,881146,燃气,4.61,4.6,0.0,262650,125783.0,,,
300333,881130,计算机设备,8.87,0.0,0.0,0,0.0,,,
300334,881265,塑料制品,7.64,7.58,-3.4,93642,36164.0,,,
300335,881145,电力,5.32,5.28,-4.14,219115,79105.0,,,
300337,881168,工业金属,9.26,9.26,-1.51,146192,65647.0,,,
300338,881178,教育,2.8,2.73,-3.57,75294,26437.0,,,
300339,881271,IT服务,35.78,35.54,-1.2,254391,131422.0,,,
300340,881281,电池,8.24,8.16,-0.97,80494,40368.0,,,
300341,881144,医疗器械,12.54,12.4,3.27,123883,68665.0,,,
300342,881131,白色家电,31.05,30.87,-5.83,148107,69894.0,,,
300343,881109,化学制品,5.82,5.76,-2.92,193036,62856.0,,,
300345,881279,光伏设备,5.35,5.46,-6.54,369274,141814.0,,,
300346,881172,电子化学品,51.31,50.99,-7.21,563611,264536.0,,,
300347,881175,医疗服务,50.78,50.3,-3.45,187203,76284.0,,,
300348,881272,软件开发,9.19,9.14,2.07,271151,148795.0,,,
300349,881117,通用设备,10.03,9.96,-1.0,59421,29252.0,,,
300350,881152,物流,4.12,4.08,-0.73,175008,97932.0,,,
300351,881269,轨交设备,13.66,13.59,-2.93,90085,37568.0,,,
300352,881272,软件开发,2.32,2.29,-3.88,294145,114392.0,,,
300353,881129,通信设备,17.47,17.34,-4.92,133671,62965.0,,,
300354,881117,通用设备,28.49,28.07,-2.91,18196,5770.0,,,
300355,881181,环境治理,2.9,2.88,-1.38,295001,124336.0,,,
300357,881142,生物制品,23.78,23.65,-0.63,63892,26428.0,,,
300358,881144,医疗器械,8.26,8.19,-0.48,288894,125652.0,,,
300359,881178,教育,4.43,4.15,3.84,858827,419767.0,,,
300360,881278,电网设备,12.27,12.17,0.41,64798,35684.0,,,
300363,881175,医疗服务,15.63,15.56,-4.22,177058,82209.0,,,
300364,881164,文化传媒,21.34,21.45,-3.05,391390,174763.0,,,
300365,881272,软件开发,4.68,4.69,-1.5,123810,52677.0,,,
300366,881272,软件开发,4.35,4.33,-2.07,67310,26354.0,,,
300368,881130,计算机设备,9.19,9.07,-1.85,515162,241805.0,,,
300369,881272,软件开发,6.77,6.63,-3.1,897878,406370.0,,,
300370,881117,通用设备,2.08,2.06,-1.92,219431,80770.0,,,
300371,881117,通用设备,9.38,9.33,0.21,23752,11376.0,,,
300373,881121,半导体,87.6,86.01,-6.47,162633,71761.0,,,
300374,881115,建筑材料,10.78,10.62,0.93,44527,22982.0,,,
300375,881126,汽车零部件,3.86,3.82,-1.81,82697,33045.0,,,
300376,881282,其他电源设备,4.58,4.53,0.22,238126,116130.0,,,
300377,881272,软件开发,13.66,13.51,0.07,412928,218599.0,,,
300378,881272,软件开发,27.91,27.81,3.4,165077,90020.0,,,
300380,881272,软件开发,28.32,28.45,3.35,48781,28201.0,,,
300381,881140,化学制药,5.64,5.62,-0.18,76705,38994.0,,,
300382,881118,专用设备,13.31,13.19,-9.32,314178,135782.0,,,
300383,881162,通信服务,13.25,13.1,-2.94,732122,325203.0,,,
300384,881116,建筑装饰,11.99,11.95,1.42,38723,18783.0,,,
300385,881284,环保设备,10.23,10.15,-1.37,64063,28469.0,,,
300386,881130,计算机设备,9.97,9.9,-0.6,66173,32034.0,,,
300387,881263,农化制品,6.88,6.88,0.87,61592,28570.0,,,
300388,881181,环境治理,6.8,6.79,0.15,45172,20848.0,,,
300389,881122,光学光电子,12.02,11.91,-2.66,52577,20144.0,,,
300390,881281,电池,56.9,56.5,-4.6,325623,153868.0,,,
300393,881279,光伏设备,5.76,5.73,-1.39,225611,99729.0,,,
300394,881129,通信设备,182.09,180.03,-12.08,578976,300797.0,,,
300395,881166,军工装备,75.6,74.66,-5.29,195560,95154.0,,,
300396,881144,医疗器械,6.43,6.4,0.47,23574,12007.0,,,
300397,881276,军工电子,10.08,9.96,-2.28,146257,53393.0,,,
300398,881172,电子化学品,32.05,31.94,-3.28,469654,214698.0,,,
300399,881271,IT服务,16.33,16.29,2.76,67941,35859.0,,,
300400,881171,自动化设备,21.24,21.0,-6.21,118193,48557.0,,,
300401,881140,化学制药,12.48,12.39,-4.65,328790,113397.0,,,
300402,881117,通用设备,14.04,14.04,0.36,35217,16287.0,,,
300403,881131,白色家电,8.96,8.87,-1.9,107415,40904.0,,,
300404,881175,医疗服务,9.47,9.38,-5.28,217598,87437.0,,,
300405,881109,化学制品,4.95,4.98,-0.81,86485,46284.0,,,
300406,881144,医疗器械,11.32,11.3,0.53,40247,21174.0,,,
300407,881278,电网设备,12.76,13.69,1.1,365355,208522.0,,,
300408,881270,元件,108.89,111.02,-3.3,1112755,542219.0,,,
300409,881281,电池,17.44,17.31,0.52,237630,116586.0,,,
300410,881281,电池,6.92,6.86,-4.05,184096,69962.0,,,
300411,881118,专用设备,7.03,6.97,-1.0,82312,39404.0,,,
300412,881118,专用设备,3.9,3.89,-1.03,116407,49686.0,,,
300413,881164,文化传媒,15.68,15.65,1.47,207333,115576.0,,,
300414,881129,通信设备,11.44,11.01,-6.21,200184,80014.0,,,
300415,881118,专用设备,20.15,20.02,1.09,60621,30594.0,,,
300416,881179,其他社会服务,14.48,14.38,-2.62,182387,75205.0,,,
300417,881117,通用设备,9.83,9.76,-2.44,43340,22259.0,,,
300418,881275,游戏,36.83,36.8,-2.25,643954,313354.0,,,
300419,881271,IT服务,7.69,7.77,-7.41,140704,43324.0,,,
300420,881117,通用设备,6.03,5.9,-11.77,1099953,503922.0,,,
300421,881117,通用设备,16.25,16.25,-3.32,58556,24127.0,,,
300422,881181,环境治理,4.23,4.21,-0.95,122639,54928.0,,,
300423,881278,电网设备,5.55,5.5,-1.44,98422,46462.0,,,
300424,881166,军工装备,13.73,13.65,-1.82,93392,40094.0,,,
300425,881181,环境治理,3.89,3.88,-1.03,117078,59237.0,,,
300426,881274,影视院线,5.3,5.23,-0.57,149115,75570.0,,,
300427,881278,电网设备,6.8,6.8,-6.76,796698,309417.0,,,
300428,881126,汽车零部件,18.86,18.63,-0.21,71015,37220.0,,,
300429,881172,电子化学品,9.39,9.36,-4.37,259829,107864.0,,,
300430,881144,医疗器械,4.33,4.28,-0.69,119038,57273.0,,,
300432,881126,汽车零部件,15.71,15.56,-0.95,318409,159209.0,,,
300433,881124,消费电子,33.39,32.78,-7.67,1220529,568314.0,,,
300434,881140,化学制药,10.1,9.99,-5.35,185470,67544.0,,,
300435,881118,专用设备,16.53,16.4,-4.72,114777,40551.0,,,
300436,881140,化学制药,88.83,88.01,-3.47,44834,17840.0,,,
300437,881181,环境治理,10.36,10.3,-0.1,94040,49691.0,,,
300438,881281,电池,62.1,61.74,-3.85,184060,84690.0,,,
300439,881144,医疗器械,8.44,8.45,0.95,34126,16977.0,,,
300440,881271,IT服务,14.89,14.89,-9.74,142481,75261.0,,,
300441,881117,通用设备,6.89,6.94,-0.58,196016,95012.0,,,
300442,881162,通信服务,60.72,60.05,-4.64,295355,154267.0,,,
300443,881280,风电设备,21.26,21.15,0.61,63394,36174.0,,,
300444,881278,电网设备,10.56,10.6,-5.11,939021,408497.0,,,
300445,881117,通用设备,19.0,18.94,-7.32,42904,17057.0,,,
300446,881126,汽车零部件,13.49,13.46,-0.67,70909,35405.0,,,
300447,881276,军工电子,12.9,12.89,-1.71,37454,16933.0,,,
300448,881271,IT服务,5.18,5.17,-0.39,198423,88065.0,,,
300449,881130,计算机设备,6.58,6.57,-2.13,102893,45405.0,,,
300450,881281,电池,33.41,33.0,-0.09,414887,218940.0,,,
300451,881272,软件开发,3.39,3.36,-0.88,268312,118009.0,,,
300452,881140,化学制药,12.08,12.01,-0.41,28266,12699.0,,,
300453,881144,医疗器械,9.7,9.69,0.52,80117,39834.0,,,
300454,881272,软件开发,103.22,102.82,1.05,162617,82134.0,,,
300455,881130,计算机设备,17.45,17.4,-1.43,61362,30094.0,,,
300456,881121,半导体,28.14,27.88,-4.87,250972,115379.0,,,
300457,881281,电池,19.55,19.36,4.3,178947,99637.0,,,
300458,881121,半导体,39.74,38.58,-19.93,1503977,709253.0,,,
300459,881275,游戏,3.68,3.64,-0.27,1215707,575913.0,,,
300460,881270,元件,8.14,8.07,-2.09,45197,13031.0,,,
300461,881171,自动化设备,28.9,28.85,-6.64,42728,21107.0,,,
300462,881130,计算机设备,11.46,11.21,-2.18,10582,3040.0,,,
300463,881144,医疗器械,8.92,8.87,0.67,89716,43054.0,,,
300464,881177,互联网电商,6.05,6.04,-3.14,177148,90607.0,,,
300465,881272,软件开发,11.81,11.67,2.88,307665,152375.0,,,
300466,881117,通用设备,7.0,6.98,0.29,63268,30978.0,,,
300467,881275,游戏,32.97,32.7,-6.7,43930,17088.0,,,
300468,881272,软件开发,20.81,20.81,5.96,474109,264905.0,,,
300469,881272,软件开发,48.17,47.9,6.71,88507,44535.0,,,
300470,881117,通用设备,29.5,29.47,0.71,17364,7568.0,,,
300471,881118,专用设备,9.14,9.1,-0.88,58774,28231.0,,,
300472,881118,专用设备,6.29,6.25,3.82,52635,27705.0,,,
300473,881126,汽车零部件,20.99,20.95,-3.62,47610,19332.0,,,
300474,881276,军工电子,51.88,51.66,0.54,89086,46957.0,,,
300475,881123,其他电子,145.5,145.03,-3.21,371606,185588.0,,,
300476,881270,元件,201.61,198.81,-10.54,485051,247311.0,,,
300477,881278,电网设备,2.8,2.89,-2.86,429756,179223.0,,,
300478,881265,塑料制品,24.07,23.83,-7.4,103994,44975.0,,,
300479,881130,计算机设备,13.11,13.11,-0.69,53092,24150.0,,,
300480,881118,专用设备,28.47,28.44,-11.31,291697,133061.0,,,
300481,881172,电子化学品,13.05,12.96,-2.61,85394,27684.0,,,
300482,881144,医疗器械,16.87,16.85,2.13,115164,65140.0,,,
300483,881107,油气开采及服务,21.51,21.89,0.09,224702,105171.0,,,
300484,881171,自动化设备,12.33,12.28,-2.35,38063,17433.0,,,
300485,881142,生物制品,8.8,8.79,-3.18,82460,30408.0,,,
300486,881171,自动化设备,16.29,16.26,-2.95,92072,39584.0,,,
300487,881265,塑料制品,59.35,58.84,-5.58,101407,45717.0,,,
300488,881117,通用设备,28.68,28.47,-6.03,50602,17178.0,,,
300489,881122,光学光电子,149.67,145.0,-16.08,112931,50953.0,,,
300490,881282,其他电源设备,11.4,11.27,-2.54,137300,60510.0,,,
300491,881282,其他电源设备,25.29,24.94,-11.39,138577,61553.0,,,
300492,881178,教育,24.8,24.41,4.07,136267,70531.0,,,
300493,881123,其他电子,12.67,12.45,-3.47,150176,59596.0,,,
300494,881275,游戏,8.19,8.12,-0.49,121482,56210.0,,,
300496,881271,IT服务,59.0,58.1,-3.88,154624,75844.0,,,
300497,881140,化学制药,16.97,16.9,-3.95,277525,115110.0,,,
300498,881102,养殖业,13.99,14.0,2.36,626307,382804.0,,,
300499,881118,专用设备,25.8,25.51,-7.75,174560,77043.0,,,
300500,881116,建筑装饰,8.51,8.49,-0.82,37540,18962.0,,,
300501,881138,包装印刷,9.51,9.51,-5.47,38351,15030.0,,,
300502,881129,通信设备,421.2,410.21,-11.89,963230,509572.0,,,
300503,881117,通用设备,61.88,60.82,-8.29,179085,91557.0,,,
300504,881129,通信设备,13.69,13.65,-5.99,77858,28826.0,,,
300505,881263,农化制品,18.6,18.2,2.9,408651,212695.0,,,
300506,881116,建筑装饰,5.2,5.18,-3.65,177737,67931.0,,,
300507,881126,汽车零部件,6.22,6.18,-0.32,83987,34041.0,,,
300508,881130,计算机设备,34.14,34.45,-5.98,30371,13825.0,,,
300509,881118,专用设备,7.91,7.87,-0.88,76747,36846.0,,,
300510,881278,电网设备,3.43,3.4,-3.79,350450,130655.0,,,
300511,881101,种植业与林业,5.06,5.07,-0.4,172968,81987.0,,,
300512,881118,专用设备,6.59,6.59,-0.15,35206,18660.0,,,
300513,881162,通信服务,6.74,6.75,-1.19,60180,29805.0,,,
300514,881278,电网设备,8.88,8.98,0.45,34978,18589.0,,,
300515,881117,通用设备,15.37,15.16,-2.41,68834,30013.0,,,
300516,881123,其他电子,27.9,27.9,-2.8,45982,20191.0,,,
300517,881116,建筑装饰,8.8,8.84,0.91,42749,20454.0,,,
300518,881177,互联网电商,18.54,18.55,-10.41,103253,43871.0,,,
300519,881141,中药,13.56,13.5,-3.47,57980,24474.0,,,
300520,881272,软件开发,24.15,24.1,-1.16,93175,39213.0,,,
300521,881118,专用设备,21.2,21.41,-4.48,35061,17323.0,,,
300522,881109,化学制品,11.5,11.5,-7.22,185050,73923.0,,,
300523,881271,IT服务,19.03,18.99,0.79,32763,16262.0,,,
300525,881272,软件开发,8.03,8.0,2.62,239622,131150.0,,,
300527,881166,军工装备,7.27,7.23,1.24,77432,42117.0,,,
300528,881274,影视院线,13.59,13.45,-5.08,225774,95931.0,,,
300529,881144,医疗器械,18.04,18.0,2.72,96573,54512.0,,,
300530,881281,电池,20.38,20.4,-5.79,157270,69754.0,,,
300531,881130,计算机设备,16.79,16.63,-2.08,149618,59854.0,,,
300532,881271,IT服务,6.82,6.78,-0.29,120263,59067.0,,,
300533,881275,游戏,14.12,14.0,4.53,202504,91239.0,,,
300534,881141,中药,13.21,13.62,1.21,1044609,491966.0,,,
300535,881109,化学制品,13.12,13.12,0.08,21927,10252.0,,,
300536,881271,IT服务,7.88,7.78,-5.71,104369,47258.0,,,
300537,881172,电子化学品,17.64,17.45,-5.78,97706,35785.0,,,
300538,881265,塑料制品,13.25,13.05,-3.7,50590,19143.0,,,
300539,881265,塑料制品,17.29,17.37,-4.8,71262,29835.0,,,
300540,881118,专用设备,27.99,27.72,-10.25,154164,76019.0,,,
300541,881271,IT服务,10.28,10.2,-0.58,118019,55981.0,,,
300542,881272,软件开发,11.41,11.41,2.45,94384,53710.0,,,
300543,881124,消费电子,7.06,7.08,0.57,65665,34808.0,,,
300545,881122,光学光电子,27.01,26.51,-5.78,75859,29559.0,,,
300546,881130,计算机设备,16.17,16.21,-3.65,77954,38202.0,,,
300547,881126,汽车零部件,23.74,23.52,-7.29,117455,56525.0,,,
300548,881129,通信设备,145.0,145.0,-12.23,225308,108889.0,,,
300549,881118,专用设备,12.83,12.92,-1.17,18968,9899.0,,,
300550,881272,软件开发,10.28,10.36,-3.6,67365,26087.0,,,
300551,881130,计算机设备,9.2,9.13,-3.26,128332,57814.0,,,
300552,881130,计算机设备,20.1,19.97,-1.0,61057,27696.0,,,
300553,881117,通用设备,37.61,37.26,-10.72,58130,25604.0,,,
300554,881117,通用设备,18.46,18.61,-1.41,46676,18997.0,,,
300555,881129,通信设备,11.99,12.0,0.0,8373,3727.0,,,
300556,881272,软件开发,14.81,14.78,-1.28,53544,24232.0,,,
300557,881117,通用设备,23.96,23.66,-5.8,32864,12355.0,,,
300558,881140,化学制药,58.02,57.83,-3.86,140614,65383.0,,,
300559,881272,软件开发,10.52,10.42,1.14,105827,53152.0,,,
300560,881162,通信服务,12.55,12.44,-3.43,138606,59474.0,,,
300561,881272,软件开发,17.64,17.16,-3.51,279153,124153.0,,,
300562,881144,医疗器械,13.35,13.35,-2.47,120298,50916.0,,,
300563,881129,通信设备,22.34,22.46,-2.69,41142,17600.0,,,
300564,881116,建筑装饰,11.25,11.3,-1.33,33120,12825.0,,,
300565,881129,通信设备,8.88,8.82,-3.15,91281,38605.0,,,
300566,881122,光学光电子,23.19,22.81,-8.24,193615,88886.0,,,
300567,881117,通用设备,199.0,196.74,-9.45,132231,59101.0,,,
300568,881281,电池,12.81,12.81,2.26,933623,484118.0,,,
300569,881280,风电设备,4.86,4.81,-1.03,123598,55817.0,,,
300570,881129,通信设备,120.0,120.3,-11.73,200740,99984.0,,,
300571,881162,通信服务,30.17,29.94,-7.59,86815,39450.0,,,
300572,881117,通用设备,17.42,17.4,-4.25,59062,24341.0,,,
300573,881140,化学制药,42.41,41.86,-0.68,90340,41165.0,,,
300575,881263,农化制品,5.44,5.4,7.54,321553,167856.0,,,
300576,881172,电子化学品,25.71,25.46,-6.15,226820,95568.0,,,
300577,881136,服装家纺,17.04,16.96,-2.17,68432,32428.0,,,
300578,881162,通信服务,14.89,14.74,-2.82,56599,28357.0,,,
300579,881272,软件开发,21.63,21.4,0.42,45582,24762.0,,,
300580,881126,汽车零部件,20.52,20.13,-2.53,133716,60271.0,,,
300581,881166,军工装备,9.68,9.65,-0.52,162973,76567.0,,,
300582,881122,光学光电子,10.22,10.22,-3.52,59110,24242.0,,,
300583,881140,化学制药,11.59,11.5,-0.78,28621,13285.0,,,
300584,881140,化学制药,32.18,31.91,-3.05,43960,17974.0,,,
300585,881126,汽车零部件,12.83,12.79,1.25,139220,60646.0,,,
300586,881265,塑料制品,7.68,7.69,-5.6,264119,99332.0,,,
300587,881266,橡胶制品,4.04,4.03,0.99,415650,193512.0,,,
300588,881130,计算机设备,21.44,21.41,0.09,44171,19141.0,,,
300589,881166,军工装备,12.52,12.44,-2.0,208381,98438.0,,,
300590,881129,通信设备,10.17,10.08,-1.28,219501,79941.0,,,
300591,881136,服装家纺,7.15,7.17,-4.06,280873,113363.0,,,
300592,881177,互联网电商,13.0,12.8,-5.85,312983,127857.0,,,
300593,881282,其他电源设备,23.69,23.99,-6.25,266876,123044.0,,,
300594,881269,轨交设备,13.17,13.11,-3.26,14583,4485.0,,,
300595,881144,医疗器械,11.16,11.1,1.79,130666,71788.0,,,
300596,881109,化学制品,38.8,38.61,-1.08,52278,21797.0,,,
300597,881162,通信服务,7.03,7.02,0.43,51722,23964.0,,,
300598,881272,软件开发,28.0,27.98,-0.25,54451,27473.0,,,
300599,881115,建筑材料,9.44,9.5,-3.92,69984,28531.0,,,
300600,881166,军工装备,9.97,9.88,-2.91,90920,44852.0,,,
300601,881142,生物制品,12.28,12.15,1.3,158280,85244.0,,,
300602,881124,消费电子,33.66,33.3,-8.32,240848,112621.0,,,
300603,881162,通信服务,7.64,7.56,-2.75,106084,44653.0,,,
300604,881121,半导体,271.0,270.01,-9.41,347426,180742.0,,,
300605,881272,软件开发,9.03,9.86,13.51,366936,134131.0,,,
300606,881117,通用设备,31.5,32.0,-8.48,106901,48644.0,,,
300607,881171,自动化设备,29.05,28.58,-7.68,314642,147440.0,,,
300608,881272,软件开发,9.64,9.59,-1.97,127749,54488.0,,,
300609,881271,IT服务,24.74,24.52,-7.48,44242,18773.0,,,
300610,881109,化学制品,9.13,9.14,0.99,48411,26822.0,,,
300611,881126,汽车零部件,23.84,23.52,-3.31,21155,7764.0,,,
300612,881164,文化传媒,11.27,11.27,-1.06,70932,35516.0,,,
300613,881121,半导体,58.75,57.8,-7.74,143387,68669.0,,,
300614,881181,环境治理,9.35,9.41,-1.93,32899,15313.0,,,
300615,881129,通信设备,8.69,0.0,0.0,0,0.0,,,
300616,881139,家居用品,9.79,9.8,-2.45,66351,32409.0,,,
300617,881278,电网设备,41.35,41.33,-2.78,51694,23932.0,,,
300618,881267,能源金属,33.68,33.45,-0.09,53573,27523.0,,,
300619,881281,电池,23.26,23.15,-4.21,50480,21440.0,,,
300620,881129,通信设备,212.48,211.2,-10.02,113994,57063.0,,,
300621,881116,建筑装饰,6.57,6.57,0.61,64599,32717.0,,,
300622,881158,零售,15.11,14.93,-1.06,164309,78575.0,,,
300623,881121,半导体,24.35,24.17,-7.31,324737,131535.0,,,
300624,881272,软件开发,47.02,46.8,-0.47,111285,56426.0,,,
300625,881122,光学光电子,8.99,8.99,-0.89,17393,8455.0,,,
300626,881277,电机,28.13,28.13,-11.2,84277,38942.0,,,
300627,881129,通信设备,28.6,28.48,-0.31,103422,58889.0,,,
300628,881129,通信设备,38.27,37.91,2.12,195041,111998.0,,,
300629,881276,军工电子,16.87,16.68,-3.5,54187,20990.0,,,
300631,881284,环保设备,19.74,19.56,-0.66,17736,8884.0,,,
300632,881122,光学光电子,16.11,16.01,-7.01,137688,60899.0,,,
300633,881144,医疗器械,19.51,19.42,1.9,44326,27022.0,,,
300634,881271,IT服务,18.49,18.4,-0.7,90187,43341.0,,,
300635,881116,建筑装饰,10.6,10.59,-3.58,48716,21533.0,,,
300636,881140,化学制药,6.61,6.61,1.06,65988,34039.0,,,
300637,881109,化学制品,8.27,8.2,-5.32,100021,36512.0,,,
300638,881129,通信设备,20.3,19.92,-5.32,233467,89124.0,,,
300639,881144,医疗器械,5.46,5.4,2.93,278309,150619.0,,,
300640,881139,家居用品,5.9,5.91,-2.37,132965,64739.0,,,
300641,881109,化学制品,14.32,14.26,-0.42,62965,33841.0,,,
300642,881144,医疗器械,11.96,11.96,-2.09,26600,11481.0,,,
300643,881126,汽车零部件,17.98,17.66,-9.62,121815,43951.0,,,
300644,881265,塑料制品,20.05,20.04,-2.09,24578,10685.0,,,
300645,881130,计算机设备,11.88,11.96,2.19,65571,31993.0,,,
300647,881124,消费电子,5.12,5.09,-1.95,120988,56118.0,,,
300648,881281,电池,31.26,31.09,-4.03,32872,14846.0,,,
300649,881116,建筑装饰,19.19,19.47,-11.1,72671,36743.0,,,
300650,881123,其他电子,10.43,10.45,-2.78,65994,31118.0,,,
300651,881139,家居用品,16.6,16.5,-1.75,82841,38282.0,,,
300652,881126,汽车零部件,27.4,27.2,-2.85,18807,9287.0,,,
300653,881144,医疗器械,14.09,14.1,-0.64,19186,8980.0,,,
300654,881164,文化传媒,11.05,10.91,-2.99,187109,83287.0,,,
300655,881172,电子化学品,12.16,11.93,-6.25,582935,221140.0,,,
300656,881123,其他电子,24.8,24.49,-9.72,95641,35412.0,,,
300657,881270,元件,31.25,30.9,-5.06,211527,92916.0,,,
300658,881182,美容护理,9.8,9.81,-3.06,98936,48933.0,,,
300659,881130,计算机设备,9.6,9.58,1.04,91458,45310.0,,,
300660,881277,电机,25.67,25.42,-1.64,65972,29043.0,,,
300661,881121,半导体,100.74,99.88,-11.08,212105,104993.0,,,
300662,881179,其他社会服务,20.28,20.18,0.39,111273,55732.0,,,
300663,881272,软件开发,9.12,9.03,2.19,1138290,573290.0,,,
300664,881181,环境治理,4.51,4.49,-0.67,84454,40053.0,,,
300665,881109,化学制品,8.24,8.18,-3.03,88438,33203.0,,,
300666,881121,半导体,219.66,217.11,-10.29,184704,92985.0,,,
300667,881117,通用设备,13.45,13.41,-4.09,56127,19983.0,,,
300668,881179,其他社会服务,36.7,37.0,-11.53,44439,18282.0,,,
300669,881118,专用设备,20.5,20.33,-5.37,12195,4550.0,,,
300670,881278,电网设备,5.52,5.52,-2.54,77926,32182.0,,,
300671,881121,半导体,61.6,59.97,-12.56,175592,79215.0,,,
300672,881121,半导体,132.03,131.95,-7.66,150948,73126.0,,,
300673,881103,农产品加工,12.46,12.33,2.73,62075,31035.0,,,
300674,881271,IT服务,15.89,15.9,1.01,203989,103935.0,,,
300675,881116,建筑装饰,11.83,11.96,-0.25,26632,13585.0,,,
300676,881175,医疗服务,37.33,37.01,-1.18,60764,29158.0,,,
300677,881144,医疗器械,50.2,49.49,-0.24,138008,75527.0,,,
300678,881271,IT服务,23.25,23.05,-0.69,95594,44753.0,,,
300679,881124,消费电子,37.5,37.43,-6.27,213212,90107.0,,,
300680,881126,汽车零部件,20.55,20.39,-2.63,72950,31675.0,,,
300681,881126,汽车零部件,20.25,20.22,-3.9,79773,30484.0,,,
300682,881271,IT服务,10.64,10.55,0.38,218310,117426.0,,,
300683,881175,医疗服务,25.37,25.12,-5.32,67802,28433.0,,,
300684,881172,电子化学品,46.62,46.36,-9.63,170628,68139.0,,,
300685,881144,医疗器械,17.3,17.17,0.0,63355,33135.0,,,
300686,881124,消费电子,11.84,11.84,-6.08,73947,33264.0,,,
300687,881271,IT服务,20.53,20.69,-0.88,151765,67409.0,,,
300688,881178,教育,27.5,28.3,11.42,273196,151219.0,,,
300689,881129,通信设备,47.99,47.65,-10.11,44354,21462.0,,,
300690,881280,风电设备,21.24,21.44,-1.55,34486,17200.0,,,
300691,881130,计算机设备,12.7,12.71,-3.46,52097,22494.0,,,
300692,881181,环境治理,8.18,8.11,-3.55,156511,56447.0,,,
300693,881282,其他电源设备,34.26,33.92,-3.59,113222,51778.0,,,
300694,881126,汽车零部件,9.87,9.87,-3.44,69999,24403.0,,,
300695,881126,汽车零部件,44.05,44.05,-4.09,8048,3367.0,,,
300696,881166,军工装备,19.43,19.4,-3.5,56984,22711.0,,,
300697,881168,工业金属,13.54,12.8,-5.24,106392,45158.0,,,
300698,881129,通信设备,24.08,24.02,-2.45,24183,10752.0,,,
300699,881166,军工装备,25.58,25.4,0.39,113286,58825.0,,,
300700,881117,通用设备,14.46,14.3,-8.37,128894,47296.0,,,
300701,881122,光学光电子,8.77,8.76,0.8,45928,21578.0,,,
300702,881140,化学制药,20.1,20.01,-1.09,29815,14057.0,,,
300703,881139,家居用品,12.58,12.41,2.07,102223,51665.0,,,
300705,881140,化学制药,10.7,10.77,1.87,91833,48214.0,,,
300706,881121,半导体,45.92,45.38,-8.32,106534,48981.0,,,
300707,881126,汽车零部件,11.2,11.12,0.18,41732,20376.0,,,
300708,881122,光学光电子,7.46,7.38,-1.47,140269,55391.0,,,
300709,881124,消费电子,34.62,34.16,-8.29,124334,53205.0,,,
300710,881129,通信设备,26.55,26.55,-5.5,20682,7886.0,,,
300711,881129,通信设备,14.81,14.79,-2.7,29424,12434.0,,,
300712,881116,建筑装饰,20.76,20.68,-2.36,13250,4329.0,,,
300713,881282,其他电源设备,12.17,12.24,-1.97,37315,18631.0,,,
300715,881115,建筑材料,11.65,11.6,-9.18,132496,59112.0,,,
300716,881279,光伏设备,17.41,17.1,-0.46,20117,9355.0,,,
300717,881265,塑料制品,16.84,16.8,-3.98,44716,18469.0,,,
300718,881117,通用设备,57.37,57.08,-0.03,73059,36134.0,,,
300719,881166,军工装备,11.22,11.2,-2.14,34983,14704.0,,,
300720,881117,通用设备,49.87,48.91,-15.12,170291,92987.0,,,
300721,881109,化学制品,20.15,19.79,-6.05,96941,45521.0,,,
300722,881166,军工装备,21.14,21.08,-2.03,31342,12169.0,,,
300723,881140,化学制药,34.99,34.65,-3.12,77831,29925.0,,,
300724,881279,光伏设备,57.47,57.46,-0.87,93881,47007.0,,,
300725,881175,医疗服务,38.11,37.7,-6.06,171946,75253.0,,,
300726,881276,军工电子,48.9,48.96,-3.03,164734,73579.0,,,
300727,881109,化学制品,26.31,26.31,-3.23,20751,7550.0,,,
300729,881139,家居用品,10.04,10.0,0.9,27305,14202.0,,,
300730,881272,软件开发,11.4,11.31,-3.51,51636,21559.0,,,
300731,881266,橡胶制品,32.48,32.2,-11.27,102279,50612.0,,,
300732,881116,建筑装饰,5.71,5.74,-0.88,67882,31223.0,,,
300733,881126,汽车零部件,11.95,11.9,3.85,90402,52570.0,,,
300735,881124,消费电子,18.99,18.75,-3.53,128229,49372.0,,,
300736,881123,其他电子,27.08,27.09,-2.14,47005,19598.0,,,
300737,881115,建筑材料,4.92,4.91,-2.44,243228,106470.0,,,
300738,881162,通信服务,21.9,21.5,-3.61,536108,236591.0,,,
300739,881270,元件,20.08,19.9,-5.78,104403,53177.0,,,
300740,881182,美容护理,19.38,19.38,-2.37,379245,170735.0,,,
300741,881109,化学制品,12.79,12.98,4.07,66655,34693.0,,,
300743,881130,计算机设备,13.77,13.66,0.36,25311,12161.0,,,
300745,881126,汽车零部件,26.27,26.39,-7.73,92852,41385.0,,,
300746,881271,IT服务,12.42,12.27,-3.46,99352,46583.0,,,
300747,881171,自动化设备,32.44,31.9,-7.06,208434,94989.0,,,
300748,881114,金属新材料,24.5,24.34,1.27,289302,155684.0,,,
300749,881139,家居用品,17.04,16.85,-8.69,49396,20217.0,,,
300750,881281,电池,396.84,390.0,1.27,452390,271086.0,,,
300751,881279,光伏设备,161.87,159.65,-11.64,140314,67491.0,,,
300752,881122,光学光电子,9.64,9.55,-4.67,98987,45091.0,,,
300753,881144,医疗器械,23.58,22.82,-5.43,243193,106787.0,,,
300755,881158,零售,11.09,10.95,3.25,132786,65235.0,,,
300756,881118,专用设备,25.48,25.32,-5.06,33789,12592.0,,,
300757,881171,自动化设备,409.45,406.04,-12.56,94563,47480.0,,,
300758,881109,化学制品,9.95,9.85,-2.31,69375,30969.0,,,
300759,881175,医疗服务,37.22,37.14,-3.25,589692,297696.0,,,
300760,881144,医疗器械,154.88,155.0,4.35,177697,103492.0,,,
300761,881102,养殖业,19.05,19.02,-0.05,73280,41236.0,,,
300762,881276,军工电子,29.05,28.99,-4.37,199106,80201.0,,,
300763,881279,光伏设备,61.4,61.33,-2.83,112621,51702.0,,,
300765,881140,化学制药,38.0,38.0,-5.26,182766,83883.0,,,
300766,881272,软件开发,21.0,20.84,-3.86,254812,113350.0,,,
300767,881266,橡胶制品,15.68,15.68,-1.98,72439,29865.0,,,
300768,881272,软件开发,16.04,15.88,-6.8,145456,60499.0,,,
300769,881281,电池,43.44,43.0,-2.62,121724,54612.0,,,
300770,881164,文化传媒,34.57,34.4,2.46,32052,19956.0,,,
300771,881130,计算机设备,11.32,11.16,1.15,95177,48988.0,,,
300772,881280,风电设备,11.71,11.66,0.68,167068,82498.0,,,
300773,881283,多元金融,15.09,15.0,2.39,539771,291344.0,,,
300774,881181,环境治理,9.66,9.71,-2.17,65481,29555.0,,,
300775,881166,军工装备,20.99,20.77,-0.19,154035,80581.0,,,
300776,881279,光伏设备,105.89,106.84,-8.87,131145,58740.0,,,
300777,881166,军工装备,24.34,24.06,0.37,92584,47325.0,,,
300778,881116,建筑装饰,9.83,9.74,-0.1,42989,19400.0,,,
300779,881181,环境治理,76.76,75.78,-5.84,179502,85204.0,,,
300780,881117,通用设备,18.02,18.06,-7.55,93509,41370.0,,,
300781,881164,文化传媒,25.02,24.82,-0.84,53037,24984.0,,,
300782,881121,半导体,68.01,67.22,-4.84,161250,79934.0,,,
300783,881134,食品加工制造,17.94,17.63,-0.56,163061,90533.0,,,
300784,,,38.01,37.99,-2.32,6837,3520.0,,,
300785,881164,文化传媒,33.73,33.78,-1.66,94408,45308.0,,,
300786,881284,环保设备,13.96,13.98,-6.09,128727,52538.0,,,
300787,881124,消费电子,8.11,8.01,1.6,59355,30367.0,,,
300788,881164,文化传媒,25.18,24.76,-1.19,53962,26958.0,,,
300789,881130,计算机设备,16.55,16.65,-4.53,39039,17432.0,,,
300790,881130,计算机设备,16.37,16.17,-4.76,229098,87319.0,,,
300791,881134,食品加工制造,16.75,16.8,0.12,15318,7850.0,,,
300792,881177,互联网电商,23.1,23.25,-1.52,71418,30367.0,,,
300793,881124,消费电子,11.01,10.9,-1.73,72317,35031.0,,,
300795,881179,其他社会服务,14.22,14.24,-3.66,441052,208045.0,,,
300796,881263,农化制品,6.35,6.27,0.63,47945,25420.0,,,
300797,881179,其他社会服务,11.85,11.86,-1.52,33660,18330.0,,,
300798,881109,化学制品,7.16,6.97,2.65,653275,340555.0,,,
300800,881284,环保设备,9.0,8.95,0.67,34397,15902.0,,,
300801,881109,化学制品,23.38,23.21,-4.96,102267,43400.0,,,
300802,881171,自动化设备,22.07,21.3,-7.57,118669,48722.0,,,
300803,881272,软件开发,80.43,79.61,-0.78,196376,92755.0,,,
300804,881263,农化制品,36.91,36.91,8.29,26858,13840.0,,,
300805,881164,文化传媒,7.77,7.67,-2.7,193678,93626.0,,,
300806,881265,塑料制品,41.15,40.74,-7.05,375232,179469.0,,,
300807,881130,计算机设备,35.6,35.68,1.57,17378,7341.0,,,
300808,881122,光学光电子,17.68,17.68,-6.5,22155,10263.0,,,
300809,881117,通用设备,22.99,22.68,-5.18,101464,42890.0,,,
300810,881166,军工装备,22.87,22.62,-2.19,21036,9814.0,,,
300811,881114,金属新材料,59.96,59.71,-8.06,138145,65348.0,,,
300812,881124,消费电子,17.03,16.91,-5.99,72983,36008.0,,,
300813,881118,专用设备,18.2,18.22,-2.25,19424,8319.0,,,
300814,881270,元件,116.77,114.96,-15.72,121074,60446.0,,,
300815,881181,环境治理,14.61,14.49,0.55,102862,53083.0,,,
300816,881126,汽车零部件,45.68,45.1,-6.24,18765,8551.0,,,
300817,881117,通用设备,14.6,14.51,-2.33,22976,10755.0,,,
300818,881118,专用设备,19.75,19.85,-4.35,46344,22598.0,,,
300819,881135,纺织制造,41.57,41.72,-3.78,33236,13762.0,,,
300820,881282,其他电源设备,46.75,46.4,-8.21,67302,28261.0,,,
300821,881109,化学制品,14.84,14.69,-5.66,628028,274850.0,,,
300822,881124,消费电子,10.96,10.94,-1.55,35416,16496.0,,,
300823,881118,专用设备,13.65,13.65,-1.47,30424,15673.0,,,
300824,881173,小家电,7.56,7.53,1.06,42223,20441.0,,,
300825,881128,汽车服务及其他,11.79,11.81,-6.87,327019,140307.0,,,
300826,881116,建筑装饰,11.66,11.69,-2.14,87746,38595.0,,,
300827,881279,光伏设备,24.39,24.2,0.53,116567,61042.0,,,
300828,881117,通用设备,14.46,14.39,-3.32,38530,17059.0,,,
300829,881109,化学制品,14.15,14.0,2.69,68543,37581.0,,,
300830,881272,软件开发,7.76,7.83,-1.16,121306,61407.0,,,
300831,881121,半导体,15.08,14.9,-4.84,55771,15531.0,,,
300832,881144,医疗器械,47.79,47.68,2.01,59117,32303.0,,,
300833,881118,专用设备,33.07,33.28,-0.09,6981,3253.0,,,
300834,881265,塑料制品,37.5,37.75,-2.0,21864,8731.0,,,
300835,881114,金属新材料,132.17,132.16,-10.24,45770,21091.0,,,
300836,881118,专用设备,57.69,57.0,-13.73,32200,13975.0,,,
300837,881118,专用设备,20.99,21.06,-1.38,20731,10323.0,,,
300838,881117,通用设备,12.2,12.35,-0.41,37797,19553.0,,,
300839,881180,石油加工贸易,10.2,10.3,-3.92,83118,35689.0,,,
300840,881136,服装家纺,16.12,16.0,-5.71,77093,30387.0,,,
300841,881142,生物制品,44.66,44.24,1.03,21436,10999.0,,,
300842,881279,光伏设备,53.04,53.03,-7.62,51157,23143.0,,,
300843,881124,消费电子,108.26,106.2,-10.39,95472,42598.0,,,
300844,881116,建筑装饰,20.96,21.17,-0.48,13926,7580.0,,,
300845,881130,计算机设备,9.63,9.45,-3.22,69277,25989.0,,,
300846,881162,通信服务,18.23,17.98,-5.7,248709,91752.0,,,
300847,881130,计算机设备,14.6,14.36,-3.15,72907,30742.0,,,
300848,881109,化学制品,12.72,12.55,-2.12,24989,11107.0,,,
300849,881182,美容护理,18.0,17.93,-3.17,15474,4778.0,,,
300850,881280,风电设备,29.6,29.31,1.59,247688,128206.0,,,
300851,881269,轨交设备,21.76,21.89,-0.64,13457,6942.0,,,
300852,881270,元件,37.16,36.6,-5.81,55684,21848.0,,,
300853,881171,自动化设备,20.48,20.24,-5.62,41891,17477.0,,,
300854,881181,环境治理,13.43,13.48,4.02,149850,69680.0,,,
300855,881114,金属新材料,27.67,27.64,-0.58,53690,25683.0,,,
300856,881182,美容护理,10.95,11.04,2.28,77010,41142.0,,,
300857,881130,计算机设备,205.0,204.42,-8.54,245648,119415.0,,,
300858,881109,化学制品,13.87,13.8,-1.44,47912,23188.0,,,
300859,881160,旅游及酒店,25.15,25.18,-0.83,48819,24657.0,,,
300860,881179,其他社会服务,23.54,23.3,-2.34,24363,11090.0,,,
300861,881117,通用设备,15.9,15.75,-2.08,161377,64173.0,,,
300862,881284,环保设备,19.01,0.0,0.0,0,0.0,,,
300863,881126,汽车零部件,33.32,32.8,-3.36,76402,30386.0,,,
300864,881181,环境治理,18.05,17.98,-1.88,13628,6791.0,,,
300865,881118,专用设备,21.25,21.36,-1.84,13004,6507.0,,,
300866,881124,消费电子,119.96,119.0,3.37,64403,33919.0,,,
300867,881181,环境治理,16.0,16.01,-1.13,33979,14462.0,,,
300868,881124,消费电子,74.48,74.48,-10.41,46557,19820.0,,,
300869,881144,医疗器械,10.92,10.86,-0.46,36670,16596.0,,,
300870,881282,其他电源设备,187.63,188.73,-10.94,93196,45276.0,,,
300871,881102,养殖业,20.55,20.56,-0.63,52465,23079.0,,,
300872,881271,IT服务,14.33,14.25,-1.33,129166,65931.0,,,
300873,881152,物流,15.24,15.09,-9.91,221842,91540.0,,,
300875,881166,军工装备,34.55,33.9,4.2,128611,65256.0,,,
300876,881264,化学纤维,14.4,14.33,-4.17,38051,17656.0,,,
300877,881135,纺织制造,23.32,23.06,-4.2,17879,6613.0,,,
300878,881141,中药,26.93,26.85,-4.08,24677,10050.0,,,
300879,881118,专用设备,15.7,15.76,0.57,41872,20351.0,,,
300880,881278,电网设备,17.68,17.68,-2.77,23650,8457.0,,,
300881,881112,钢铁,31.77,31.71,-2.49,12033,4989.0,,,
300882,881278,电网设备,14.48,14.51,-1.04,28643,14212.0,,,
300883,881138,包装印刷,5.3,5.31,-0.75,134490,49957.0,,,
300884,881130,计算机设备,10.71,10.68,-2.15,54555,24105.0,,,
300885,881117,通用设备,19.3,19.3,-3.63,34761,14737.0,,,
300886,881109,化学制品,21.42,21.22,-1.96,17986,9284.0,,,
300887,881179,其他社会服务,6.99,6.94,-1.86,117715,55389.0,,,
300888,881182,美容护理,30.39,30.67,1.88,51410,28883.0,,,
300889,881122,光学光电子,17.02,16.98,-3.53,39635,14632.0,,,
300890,881281,电池,25.18,24.9,-1.19,43306,18072.0,,,
300891,881108,化学原料,6.67,6.65,-1.2,68697,32389.0,,,
300892,881133,饮料制造,23.31,22.1,-5.92,123267,57321.0,,,
300893,881126,汽车零部件,15.67,15.75,0.64,23439,12638.0,,,
300894,881174,厨卫电器,9.83,9.76,20.04,196930,95653.0,,,
300895,881162,通信服务,46.64,46.11,-5.87,54275,24430.0,,,
300896,881182,美容护理,104.36,104.37,3.3,101414,54998.0,,,
300897,881117,通用设备,15.27,15.0,-4.06,59951,24187.0,,,
300898,881133,饮料制造,20.68,20.0,-5.75,105708,52004.0,,,
300899,881181,环境治理,25.43,25.5,-2.28,6942,3228.0,,,
300900,881166,军工装备,21.41,21.29,-5.65,144452,66405.0,,,
300901,881136,服装家纺,14.7,14.67,1.43,68488,30825.0,,,
300902,881118,专用设备,14.33,14.23,-1.54,36658,14913.0,,,
300903,881270,元件,53.86,53.5,-15.95,333062,163353.0,,,
300904,881280,风电设备,39.1,38.95,-1.53,15025,7718.0,,,
300905,881264,化学纤维,36.32,36.32,-4.19,53731,25938.0,,,
300906,881269,轨交设备,25.4,25.27,-2.36,20824,9294.0,,,
300907,881277,电机,35.98,36.13,-7.56,24448,10849.0,,,
300908,881134,食品加工制造,23.99,23.86,0.71,26482,15567.0,,,
300909,881122,光学光电子,40.8,41.39,-5.91,32441,12313.0,,,
300910,881109,化学制品,29.82,29.58,1.64,61302,30566.0,,,
300911,881174,厨卫电器,18.71,19.93,9.67,208744,109103.0,,,
300912,881126,汽车零部件,22.8,22.6,-4.78,39132,13315.0,,,
300913,881129,通信设备,32.89,32.53,-5.78,70496,32687.0,,,
300915,881133,饮料制造,18.94,18.9,1.48,30959,16559.0,,,
300916,881124,消费电子,19.13,18.99,-3.5,28541,11999.0,,,
300917,881153,房地产,25.54,25.25,0.7,94481,50950.0,,,
300918,881135,纺织制造,9.84,9.76,-1.63,60099,24877.0,,,
300919,881281,电池,40.91,40.65,0.42,131647,64998.0,,,
300920,881265,塑料制品,26.8,26.8,-3.36,14978,5602.0,,,
300921,881162,通信服务,13.48,13.42,-4.15,75104,27075.0,,,
300922,881166,军工装备,15.69,15.48,-0.19,109201,49351.0,,,
300923,881269,轨交设备,20.18,20.18,1.59,21935,9897.0,,,
300925,881272,软件开发,14.53,14.43,1.31,115143,61580.0,,,
300926,881126,汽车零部件,17.35,17.21,2.59,62560,32716.0,,,
300927,881108,化学原料,20.86,20.94,0.24,50944,27129.0,,,
300928,881126,汽车零部件,23.86,23.87,-0.67,13973,6108.0,,,
300929,881181,环境治理,13.56,13.35,-1.92,66842,30709.0,,,
300930,881114,金属新材料,23.07,22.92,-4.25,19637,8646.0,,,
300931,881118,专用设备,10.91,11.02,-8.8,80520,38949.0,,,
300932,881278,电网设备,8.88,8.88,-4.17,126428,46718.0,,,
300933,881278,电网设备,6.77,6.64,-5.17,332217,133698.0,,,
300935,881272,软件开发,23.34,23.38,2.74,54393,27575.0,,,
300936,881270,元件,59.83,59.83,-12.23,38038,18214.0,,,
300937,881143,医药商业,23.71,23.4,-3.67,58836,23972.0,,,
300938,881179,其他社会服务,25.18,25.16,-6.75,217697,101072.0,,,
300939,881122,光学光电子,43.96,43.88,-2.41,37867,15206.0,,,
300940,881122,光学光电子,13.21,13.18,-2.95,69289,29039.0,,,
300941,881130,计算机设备,14.0,13.94,0.21,40924,20040.0,,,
300942,881144,医疗器械,6.06,6.05,0.17,56520,26061.0,,,
300943,881117,通用设备,22.67,22.27,-12.31,159016,72265.0,,,
300945,881136,服装家纺,11.0,11.05,1.82,135012,66723.0,,,
300946,881117,通用设备,37.48,38.12,-2.43,11706,5108.0,,,
300947,881158,零售,13.06,13.06,1.3,34769,17911.0,,,
300948,881181,环境治理,16.15,16.11,-6.81,50297,20686.0,,,
300949,881116,建筑装饰,19.98,20.37,-0.85,16573,7485.0,,,
300950,881118,专用设备,15.57,15.67,0.51,42892,20001.0,,,
300951,881124,消费电子,57.92,59.0,-13.76,99122,46112.0,,,
300952,881136,服装家纺,15.88,15.91,-4.66,53028,21794.0,,,
300953,881281,电池,88.87,88.99,-4.29,63457,31006.0,,,
300955,881182,美容护理,32.68,0.0,0.0,0,0.0,,,
300956,881124,消费电子,10.05,10.05,-2.49,46664,19146.0,,,
300957,881182,美容护理,33.22,33.18,1.81,124654,60756.0,,,
300958,881181,环境治理,11.09,11.01,-0.81,30009,14903.0,,,
300959,881162,通信服务,91.01,90.29,-8.23,28525,14380.0,,,
300960,881269,轨交设备,15.14,14.99,-1.45,14657,7326.0,,,
300961,881181,环境治理,9.85,9.89,-2.23,66789,26549.0,,,
300962,881179,其他社会服务,12.57,12.54,0.48,22265,11047.0,,,
300963,881114,金属新材料,11.73,11.73,-2.22,105589,53740.0,,,
300964,881270,元件,47.92,47.38,-7.55,45198,22550.0,,,
300965,881166,军工装备,41.42,41.01,-2.51,18755,8793.0,,,
300966,881140,化学制药,22.43,22.38,-5.08,34826,14625.0,,,
300967,881102,养殖业,14.6,14.61,-1.51,36565,15102.0,,,
300968,881124,消费电子,10.55,10.35,-11.09,276617,108825.0,,,
300969,881126,汽车零部件,69.44,68.69,-7.34,33271,16113.0,,,
300970,881101,种植业与林业,15.95,15.99,-1.38,47141,21198.0,,,
300971,881118,专用设备,17.54,17.5,-2.22,20005,8773.0,,,
300972,881158,零售,211.3,210.04,3.64,37468,22596.0,,,
300973,881134,食品加工制造,24.65,24.55,2.6,74796,42360.0,,,
300975,881123,其他电子,24.32,24.02,-7.03,563187,266149.0,,,
300976,881124,消费电子,51.52,50.58,-11.59,67463,33107.0,,,
300977,881116,建筑装饰,14.62,14.7,-1.44,14118,5850.0,,,
300978,881126,汽车零部件,8.34,8.29,-0.84,31637,17092.0,,,
300979,881135,纺织制造,36.1,35.99,1.5,56031,33456.0,,,
300980,881265,塑料制品,20.09,20.03,-5.28,51314,18845.0,,,
300981,881144,医疗器械,12.85,13.88,10.35,459886,257830.0,,,
300982,881116,建筑装饰,14.73,14.77,-2.58,24828,11292.0,,,
300983,881116,建筑装饰,35.72,36.0,-1.23,20676,9378.0,,,
300984,881117,通用设备,30.8,30.6,-8.83,56279,30508.0,,,
300985,881117,通用设备,29.35,29.88,-7.46,60503,28832.0,,,
300986,881115,建筑材料,10.33,10.31,-2.9,310020,142101.0,,,
300987,881164,文化传媒,12.58,12.46,-0.24,38332,17915.0,,,
300988,881118,专用设备,14.37,14.3,-4.94,64486,23515.0,,,
300989,881116,建筑装饰,9.98,9.98,11.92,100367,51705.0,,,
300990,881117,通用设备,75.04,74.74,-14.45,86498,39632.0,,,
300991,881123,其他电子,24.29,23.92,-5.27,31590,13933.0,,,
300992,881117,通用设备,21.81,21.65,-7.06,18013,7166.0,,,
300993,881139,家居用品,9.58,9.61,-0.1,28465,14083.0,,,
300994,881128,汽车服务及其他,10.44,10.41,-0.57,19449,9747.0,,,
300995,881265,塑料制品,24.36,24.68,-3.2,18855,9155.0,,,
300996,881272,软件开发,12.93,14.5,20.03,467531,137244.0,,,
300997,881133,饮料制造,18.0,17.82,-2.17,362137,179938.0,,,
300998,881126,汽车零部件,22.8,22.64,-3.68,41907,13848.0,,,
300999,881103,农产品加工,26.27,26.2,2.28,138531,88392.0,,,
301000,881126,汽车零部件,23.18,23.0,-2.07,31717,13103.0,,,
301001,881177,互联网电商,21.82,21.82,0.0,15187,7505.0,,,
301002,881122,光学光电子,26.74,26.9,-7.03,46067,21032.0,,,
301003,881265,塑料制品,47.66,47.66,-8.35,24904,10921.0,,,
301004,881139,家居用品,37.12,37.27,3.18,9952,5459.0,,,
301005,881126,汽车零部件,63.35,63.35,-5.04,71876,33496.0,,,
301006,881117,通用设备,12.13,12.13,0.91,21799,10349.0,,,
301007,881126,汽车零部件,27.13,27.0,-7.78,45486,14404.0,,,
301008,881131,白色家电,31.55,31.64,-5.36,50820,21624.0,,,
301009,881182,美容护理,8.55,8.46,0.7,57575,31314.0,,,
301010,881115,建筑材料,15.42,15.39,-0.58,18275,8763.0,,,
301011,881139,家居用品,14.28,14.2,-0.98,25603,13598.0,,,
301012,881278,电网设备,26.1,25.69,-10.84,214959,97168.0,,,
301013,881118,专用设备,37.39,36.7,-5.54,381125,180850.0,,,
301015,881143,医药商业,22.86,22.78,-2.06,58165,25868.0,,,
301016,881269,轨交设备,11.85,11.73,-3.46,22387,8847.0,,,
301017,881143,医药商业,12.53,12.53,-0.8,59145,28217.0,,,
301018,881117,通用设备,77.55,77.05,-12.64,204975,95634.0,,,
301019,881265,塑料制品,14.41,14.33,-2.43,33943,12268.0,,,
301020,881126,汽车零部件,18.28,18.28,-2.35,23947,9358.0,,,
301021,881171,自动化设备,57.76,57.49,-11.15,92732,43022.0,,,
301022,881126,汽车零部件,21.82,21.66,-0.09,15915,7200.0,,,
301023,881277,电机,27.31,27.0,-4.32,13355,4450.0,,,
301024,881116,建筑装饰,29.15,28.98,-5.66,12440,5323.0,,,
301025,881164,文化传媒,8.29,8.2,-0.12,102054,51431.0,,,
301026,881170,小金属,17.15,17.23,-2.27,38891,16484.0,,,
301027,881116,建筑装饰,18.93,18.98,-4.6,43938,20118.0,,,
301028,881117,通用设备,11.87,11.79,-3.45,52069,22893.0,,,
301029,881171,自动化设备,24.5,24.32,-1.31,86026,38632.0,,,
301030,881284,环保设备,8.28,8.29,-4.23,89874,35087.0,,,
301031,881123,其他电子,80.2,79.78,-1.02,25253,11725.0,,,
301032,881117,通用设备,9.42,9.33,-0.85,33224,16270.0,,,
301033,881144,医疗器械,61.94,60.08,-2.31,21378,9552.0,,,
301035,881263,农化制品,55.6,55.44,2.16,25096,14447.0,,,
301036,881109,化学制品,19.79,19.79,-0.96,13000,6623.0,,,
301037,881109,化学制品,11.24,11.24,1.87,23445,12413.0,,,
301038,881116,建筑装饰,15.34,15.31,-2.22,38032,17042.0,,,
301039,881125,汽车整车,8.22,8.18,0.0,316874,176031.0,,,
301040,881280,风电设备,22.33,22.08,-3.58,17586,7288.0,,,
301041,881270,元件,21.22,21.18,-5.94,39502,18165.0,,,
301042,881130,计算机设备,26.42,26.05,-4.47,69941,27147.0,,,
301043,881117,通用设备,38.22,37.89,-3.95,10176,5004.0,,,
301045,881122,光学光电子,57.71,58.0,-9.25,59512,25894.0,,,
301046,881116,建筑装饰,17.36,17.21,-7.26,34479,13654.0,,,
301047,881142,生物制品,68.73,68.19,-2.49,14734,6708.0,,,
301048,881269,轨交设备,8.86,8.79,0.0,37783,19088.0,,,
301049,881181,环境治理,18.14,18.0,-0.44,15008,6484.0,,,
301050,881276,军工电子,30.03,29.78,-1.17,36116,17780.0,,,
301051,881124,消费电子,13.0,13.01,-5.54,96010,39728.0,,,
301052,881164,文化传媒,23.1,22.92,-2.16,69222,33006.0,,,
301053,881118,专用设备,40.18,40.0,-1.69,36353,14160.0,,,
301055,881139,家居用品,27.0,27.0,-8.81,59240,27720.0,,,
301056,881118,专用设备,9.49,9.5,-1.05,32414,14056.0,,,
301057,881264,化学纤维,19.47,19.56,0.92,33334,15805.0,,,
301058,881116,建筑装饰,8.2,8.19,-0.61,41923,22029.0,,,
301059,881182,美容护理,10.93,10.9,-0.91,21823,10029.0,,,
301060,881175,医疗服务,8.57,8.58,-2.1,66720,25646.0,,,
301061,881139,家居用品,38.55,37.89,-2.7,46495,22699.0,,,
301062,881138,包装印刷,5.97,5.96,-0.17,94953,46641.0,,,
301063,881118,专用设备,16.14,16.22,-0.43,18578,8619.0,,,
301065,881140,化学制药,17.34,17.34,-0.06,16029,6906.0,,,
301066,881135,纺织制造,11.73,11.67,0.34,63983,31679.0,,,
301067,881124,消费电子,23.9,23.88,-8.7,36555,15621.0,,,
301068,881181,环境治理,25.05,25.03,-6.51,9993,3580.0,,,
301069,881108,化学原料,15.96,15.81,-1.88,55290,21934.0,,,
301070,881117,通用设备,54.01,53.06,-8.07,48164,20543.0,,,
301071,881167,非金属材料,53.04,52.7,-7.71,156483,77507.0,,,
301072,881126,汽车零部件,31.91,31.92,-7.27,49843,22808.0,,,
301073,881160,旅游及酒店,18.2,18.03,-4.34,166531,76953.0,,,
301075,881140,化学制药,48.53,48.05,-7.25,16547,7617.0,,,
301076,881109,化学制品,20.2,20.1,-3.32,36003,14080.0,,,
301077,881109,化学制品,18.76,18.88,-3.09,18066,7006.0,,,
301078,881158,零售,7.43,7.37,0.4,351480,190853.0,,,
301079,881268,工程机械,26.38,26.2,-3.56,34238,14714.0,,,
301080,881142,生物制品,50.65,50.13,-6.18,51352,24216.0,,,
301081,881284,环保设备,10.65,10.72,-2.25,51250,23089.0,,,
301082,881278,电网设备,8.82,8.79,-1.25,62084,27419.0,,,
301083,881117,通用设备,12.47,12.45,-2.57,23176,10983.0,,,
301085,881271,IT服务,60.32,59.68,-8.84,50781,21986.0,,,
301086,881124,消费电子,99.8,100.01,-11.93,50089,23616.0,,,
301087,881144,医疗器械,53.31,53.08,-1.93,19320,9369.0,,,
301088,881136,服装家纺,11.32,11.32,-0.27,12776,4601.0,,,
301089,881140,化学制药,22.6,22.6,-2.21,23181,7778.0,,,
301090,881265,塑料制品,6.34,6.31,2.68,130057,64623.0,,,
301091,881116,建筑装饰,15.67,15.6,4.59,128995,71176.0,,,
301092,881265,塑料制品,38.18,38.18,-7.02,60171,28594.0,,,
301093,881144,医疗器械,60.33,60.7,-8.54,54349,24971.0,,,
301095,881272,软件开发,67.24,66.5,-7.26,92555,43191.0,,,
301096,881175,医疗服务,38.4,38.15,-6.35,34137,14851.0,,,
301097,881144,医疗器械,31.03,30.89,-4.35,8534,3316.0,,,
301098,881116,建筑装饰,7.07,7.07,-3.82,85427,39336.0,,,
301099,881123,其他电子,44.77,44.52,-6.59,110268,53235.0,,,
301100,881109,化学制品,15.32,15.17,-3.52,32423,12792.0,,,
301101,881139,家居用品,29.1,29.0,1.27,27317,16020.0,,,
301102,881164,文化传媒,9.15,9.18,-1.75,22268,10400.0,,,
301103,881175,医疗服务,15.41,15.4,0.45,16493,8512.0,,,
301105,881118,专用设备,45.36,44.9,-3.95,8638,3791.0,,,
301106,881122,光学光电子,15.37,15.29,-3.06,26669,12122.0,,,
301107,881117,通用设备,17.53,17.35,-3.99,17714,7697.0,,,
301108,881182,美容护理,34.28,34.28,-1.14,35161,15078.0,,,
301109,881181,环境治理,14.07,14.08,0.43,37311,18923.0,,,
301110,881177,互联网电商,35.32,34.95,-1.98,41972,19154.0,,,
301111,881141,中药,17.72,17.63,-6.21,45472,20821.0,,,
301112,881171,自动化设备,34.2,32.88,-11.49,53333,19065.0,,,
301113,881139,家居用品,14.09,14.23,-0.5,13374,6389.0,,,
301115,881179,其他社会服务,22.53,22.54,-4.97,33822,12929.0,,,
301116,881134,食品加工制造,8.56,8.49,1.99,55194,31637.0,,,
301117,881130,计算机设备,16.34,16.52,-5.08,78114,39517.0,,,
301118,881108,化学原料,19.35,19.49,-0.26,50733,23628.0,,,
301119,881126,汽车零部件,18.95,19.13,-3.32,14934,6780.0,,,
301120,881278,电网设备,14.19,14.19,-2.89,77165,28738.0,,,
301121,881281,电池,31.16,30.23,-5.97,26730,11937.0,,,
301122,881144,医疗器械,30.98,31.02,-5.84,64596,26516.0,,,
301123,881124,消费电子,61.02,61.25,-11.55,98366,52720.0,,,
301125,881117,通用设备,11.88,11.88,-4.63,34357,14679.0,,,
301126,881143,医药商业,8.71,8.77,-0.23,51804,26044.0,,,
301127,881181,环境治理,13.12,12.99,-8.84,370307,167537.0,,,
301128,881118,专用设备,96.41,95.8,-12.85,55577,25207.0,,,
301129,881117,通用设备,19.94,19.75,-0.85,16273,7045.0,,,
301130,881140,化学制药,22.83,22.92,-2.58,19901,8422.0,,,
301131,881265,塑料制品,30.52,30.7,-0.1,10710,5337.0,,,
301132,881270,元件,27.72,27.57,-4.94,45924,20241.0,,,
301133,881126,汽车零部件,23.66,23.58,-7.82,42524,19047.0,,,
301135,881131,白色家电,14.92,14.77,-1.81,16797,7564.0,,,
301136,881116,建筑装饰,10.85,10.84,-1.38,66636,32390.0,,,
301137,881117,通用设备,31.65,31.22,-1.96,43646,21674.0,,,
301138,881118,专用设备,24.58,24.58,-2.77,8438,3231.0,,,
301139,881162,通信服务,3.74,3.36,-13.64,268061,105016.0,,,
301141,881114,金属新材料,35.41,35.4,-2.06,12792,5718.0,,,
301148,881181,环境治理,43.41,43.19,-3.39,10618,3883.0,,,
301149,881109,化学制品,7.23,7.21,-1.38,60975,25068.0,,,
301150,881281,电池,35.14,35.01,-8.65,216866,103603.0,,,
301151,881117,通用设备,15.99,15.83,-7.88,53636,18980.0,,,
301152,881281,电池,20.87,20.9,-1.39,35705,16982.0,,,
301153,881272,软件开发,16.78,16.69,1.31,53258,30044.0,,,
301155,881280,风电设备,42.84,42.63,1.24,70792,37206.0,,,
301156,881109,化学制品,10.46,10.46,-1.24,33078,16373.0,,,
301157,881282,其他电源设备,48.26,48.49,-2.2,10291,4235.0,,,
301158,881118,专用设备,14.74,15.17,2.71,176977,83907.0,,,
301159,881272,软件开发,27.94,27.62,-1.97,20014,10112.0,,,
301160,881117,通用设备,35.68,35.45,-12.22,53574,21974.0,,,
301161,881268,工程机械,24.32,24.1,-5.55,46738,16559.0,,,
301162,881272,软件开发,37.99,37.46,1.18,23494,11837.0,,,
301163,881280,风电设备,20.98,20.92,-2.05,15966,6694.0,,,
301165,881129,通信设备,105.0,105.74,-2.86,273155,128351.0,,,
301166,881142,生物制品,24.66,24.66,-0.97,16787,7910.0,,,
301167,881116,建筑装饰,12.53,12.7,-0.48,27797,14526.0,,,
301168,881279,光伏设备,39.8,39.6,-3.34,13169,4716.0,,,
301169,881179,其他社会服务,45.15,44.75,-10.99,23324,11661.0,,,
301170,881126,汽车零部件,21.12,21.05,-0.33,7923,3376.0,,,
301171,881164,文化传媒,26.09,25.8,-2.61,387411,180325.0,,,
301172,881271,IT服务,20.47,20.41,-5.23,61836,28400.0,,,
301173,,,28.78,28.69,2.26,9728,5049.0,,,
301175,881181,环境治理,5.28,5.29,4.36,383726,232228.0,,,
301176,881270,元件,40.18,38.51,-8.66,117728,53828.0,,,
301177,881136,服装家纺,22.18,22.01,-0.09,14376,8162.0,,,
301178,881271,IT服务,30.91,30.91,-5.92,31543,12533.0,,,
301179,881278,电网设备,18.2,18.16,-2.86,30203,11894.0,,,
301180,881124,消费电子,10.88,10.82,-3.68,40200,18234.0,,,
301181,881126,汽车零部件,20.3,20.2,-2.56,14807,6017.0,,,
301182,881124,消费电子,51.3,51.22,-9.92,41743,20853.0,,,
301183,881122,光学光电子,155.55,152.62,-13.21,59845,30975.0,,,
301185,881272,软件开发,15.8,15.67,0.19,29473,16460.0,,,
301186,881126,汽车零部件,30.88,30.65,-6.31,21740,8762.0,,,
301187,881173,小家电,14.23,14.15,4.78,47411,26072.0,,,
301188,881144,医疗器械,33.94,34.16,-6.84,167600,80389.0,,,
301189,881124,消费电子,43.2,43.0,-9.07,62251,28516.0,,,
301190,881108,化学原料,18.12,17.67,-1.99,97937,47353.0,,,
301191,881129,通信设备,93.9,95.53,-11.9,66629,29065.0,,,
301192,881126,汽车零部件,17.83,17.99,-1.51,14397,7631.0,,,
301193,881139,家居用品,15.83,15.99,-3.1,39852,16791.0,,,
301195,881272,软件开发,24.75,24.58,-1.13,15081,5505.0,,,
301196,881265,塑料制品,66.13,67.77,-8.32,60335,26888.0,,,
301197,881117,通用设备,22.8,22.69,-0.48,40634,16732.0,,,
301198,881138,包装印刷,10.48,10.47,-2.86,44580,20169.0,,,
301199,881171,自动化设备,17.3,17.25,-2.77,16032,6981.0,,,
301200,881171,自动化设备,230.56,229.23,-8.31,36857,18665.0,,,
301201,881175,医疗服务,27.65,27.65,-2.06,66128,28548.0,,,
301202,881129,通信设备,31.37,31.34,-5.45,17690,7058.0,,,
301203,881181,环境治理,31.31,31.35,-3.8,8997,3082.0,,,
301205,881129,通信设备,229.51,222.8,-12.12,111842,52124.0,,,
301206,881109,化学制品,23.64,23.58,-1.78,19202,9261.0,,,
301207,881142,生物制品,17.37,17.28,0.06,42731,23021.0,,,
301208,881271,IT服务,27.86,27.56,-0.54,10974,5474.0,,,
301209,881109,化学制品,41.5,40.97,-5.2,21707,9346.0,,,
301210,881281,电池,21.92,21.77,-0.73,55111,23488.0,,,
301211,881140,化学制药,10.46,10.4,-5.54,117702,44833.0,,,
301212,881109,化学制品,20.27,20.6,-2.61,14796,6054.0,,,
301213,881276,军工电子,38.85,38.53,-3.84,16560,6745.0,,,
301215,881128,汽车服务及其他,5.24,5.23,0.76,113987,61159.0,,,
301216,881265,塑料制品,16.01,16.01,-3.44,128174,51918.0,,,
301217,881281,电池,86.96,86.95,-8.57,333684,175767.0,,,
301218,881271,IT服务,38.9,38.58,-8.28,76570,26760.0,,,
301219,881267,能源金属,44.83,44.6,-0.27,71704,34468.0,,,
301220,881109,化学制品,26.53,26.52,-1.73,12898,6073.0,,,
301221,881272,软件开发,25.71,25.41,-1.56,16930,7696.0,,,
301222,881281,电池,22.89,22.68,-6.07,22152,9792.0,,,
301223,881138,包装印刷,16.02,16.06,-0.44,7305,3196.0,,,
301225,881126,汽车零部件,49.21,49.1,-9.02,41555,23390.0,,,
301226,881117,通用设备,28.0,27.99,-5.36,26237,11730.0,,,
301227,881139,家居用品,17.14,16.98,-1.58,20643,8503.0,,,
301228,881179,其他社会服务,61.12,62.0,2.59,34574,17023.0,,,
301229,881126,汽车零部件,11.14,11.31,-0.27,30303,13219.0,,,
301230,881175,医疗服务,24.11,24.04,-6.47,100980,40663.0,,,
301231,881164,文化传媒,23.78,23.7,-7.44,57453,28617.0,,,
301232,881280,风电设备,99.9,99.66,-8.87,39023,17804.0,,,
301233,881126,汽车零部件,30.52,30.52,-3.54,10292,4899.0,,,
301234,881144,医疗器械,67.89,67.32,1.93,70286,35876.0,,,
301235,881175,医疗服务,35.63,35.7,-7.16,77010,32691.0,,,
301236,881271,IT服务,35.39,35.0,-1.36,163431,85267.0,,,
301237,881265,塑料制品,48.06,47.5,-3.54,23221,9132.0,,,
301238,881281,电池,15.9,15.74,-0.38,121989,56836.0,,,
301239,881175,医疗服务,32.38,32.07,-0.77,20115,10634.0,,,
301246,881140,化学制药,19.2,19.03,-2.5,79090,31407.0,,,
301248,881271,IT服务,52.57,52.0,-7.74,57862,28437.0,,,
301251,881270,元件,29.26,28.89,-8.99,68349,30624.0,,,
301252,881117,通用设备,27.25,27.19,-2.35,32180,13031.0,,,
301255,881117,通用设备,18.92,18.48,-1.96,12781,5439.0,,,
301256,881108,化学原料,9.39,9.31,-2.02,45739,18509.0,,,
301257,881175,医疗服务,41.21,40.75,-9.05,64571,29823.0,,,
301258,881140,化学制药,24.94,24.0,-7.74,33763,14325.0,,,
301259,881181,环境治理,20.35,20.7,3.73,91235,42691.0,,,
301260,881118,专用设备,12.7,12.65,-1.57,17202,7649.0,,,
301261,881117,通用设备,51.33,51.02,-4.93,21890,10037.0,,,
301262,881164,文化传媒,19.9,19.64,1.01,136918,77206.0,,,
301263,881140,化学制药,19.89,19.8,-2.82,38452,18513.0,,,
301265,881181,环境治理,17.84,17.96,-5.77,69647,28500.0,,,
301266,881279,光伏设备,19.61,19.63,-0.61,29444,13771.0,,,
301267,881175,医疗服务,16.15,16.02,2.66,53587,33022.0,,,
301268,881117,通用设备,12.7,12.7,-0.47,36122,20703.0,,,
301269,881272,软件开发,90.0,89.01,-5.01,81971,37024.0,,,
301270,881272,软件开发,30.65,30.6,-1.57,39673,17725.0,,,
301272,881117,通用设备,30.93,30.93,-1.71,7761,3245.0,,,
301273,881117,通用设备,38.91,39.25,-5.04,39105,19253.0,,,
301275,,,42.54,42.54,0.47,65417,36986.0,,,
301276,881136,服装家纺,18.01,18.0,-2.28,22069,8932.0,,,
301277,881140,化学制药,9.8,9.75,-3.06,49711,21732.0,,,
301278,881279,光伏设备,25.7,25.65,1.36,17170,6964.0,,,
301279,881268,工程机械,16.63,16.51,-4.03,21809,7936.0,,,
301280,881131,白色家电,37.7,36.7,-7.0,27353,10954.0,,,
301281,881140,化学制药,32.55,32.0,-4.64,34931,14117.0,,,
301282,881270,元件,22.48,22.01,-7.3,81551,31715.0,,,
301283,881109,化学制品,24.52,24.32,-0.69,13742,6665.0,,,
301285,881124,消费电子,68.37,67.78,-10.93,36409,15627.0,,,
301286,881109,化学制品,36.92,36.56,-5.9,18131,7917.0,,,
301287,881139,家居用品,32.44,32.44,-0.55,5527,2317.0,,,
301288,881284,环保设备,14.97,14.97,-2.47,13025,6522.0,,,
301289,881179,其他社会服务,41.8,41.6,-1.63,5676,2603.0,,,
301290,881144,医疗器械,25.59,25.58,-4.18,27190,10434.0,,,
301291,881278,电网设备,38.98,38.68,-2.95,67670,29033.0,,,
301292,881281,电池,68.0,66.01,-1.65,164645,74472.0,,,
301293,881175,医疗服务,54.56,53.5,-2.99,147748,64452.0,,,
301295,881278,电网设备,39.16,39.99,-9.88,38202,16352.0,,,
301296,881138,包装印刷,6.19,6.19,-0.65,38777,17846.0,,,
301297,881121,半导体,30.17,29.78,-5.27,185975,85067.0,,,
301298,881126,汽车零部件,11.31,11.36,0.0,18223,8446.0,,,
301299,881164,文化传媒,41.21,41.21,0.49,11133,5187.0,,,
301300,881266,橡胶制品,28.11,28.11,-1.17,7384,3248.0,,,
301301,881140,化学制药,8.58,8.56,0.93,111335,62392.0,,,
301302,881276,军工电子,20.88,20.64,-3.64,48195,21437.0,,,
301303,881117,通用设备,13.49,13.4,-3.56,36315,9966.0,,,
301305,881181,环境治理,20.68,20.7,1.79,74537,35265.0,,,
301306,881179,其他社会服务,81.5,81.51,-6.67,28887,11978.0,,,
301307,881129,通信设备,49.71,49.33,-12.69,118574,53603.0,,,
301308,881121,半导体,329.63,325.02,2.78,268302,139430.0,,,
301309,881117,通用设备,28.86,29.0,-1.0,11353,5049.0,,,
301310,881126,汽车零部件,58.5,58.5,-8.31,70422,28608.0,,,
301311,881117,通用设备,13.4,13.27,-0.9,30058,12667.0,,,
301312,881171,自动化设备,59.01,58.55,-11.02,51201,24919.0,,,
301313,881164,文化传媒,30.68,30.64,-6.26,64311,33315.0,,,
301314,881129,通信设备,35.78,35.6,-4.39,8683,3621.0,,,
301315,881272,软件开发,35.73,35.6,-0.22,14171,7164.0,,,
301316,881271,IT服务,34.86,34.49,-4.99,109136,47556.0,,,
301317,881117,通用设备,42.69,42.69,-11.01,47077,20146.0,,,
301318,881130,计算机设备,19.16,19.15,-2.35,12404,5452.0,,,
301319,881172,电子化学品,88.55,88.01,-10.3,107529,53400.0,,,
301320,881171,自动化设备,11.93,11.9,-1.51,20737,10439.0,,,
301321,881122,光学光电子,32.2,31.25,-9.41,87574,38631.0,,,
301322,881128,汽车服务及其他,32.09,31.78,-9.01,41244,20345.0,,,
301323,881114,金属新材料,70.8,70.07,-3.73,20312,9665.0,,,
301325,881281,电池,29.06,29.09,-0.86,16870,7786.0,,,
301326,881124,消费电子,79.11,78.47,-7.72,20646,9272.0,,,
301327,881281,电池,45.02,44.78,-0.58,12570,6738.0,,,
301328,881123,其他电子,50.6,50.2,-13.48,45684,21745.0,,,
301329,881124,消费电子,18.04,17.85,-1.94,34697,14471.0,,,
301330,881130,计算机设备,22.54,22.25,-0.18,27970,13141.0,,,
301331,881141,中药,20.16,19.87,-4.02,31284,11781.0,,,
301332,881173,小家电,7.8,7.72,0.26,20305,10584.0,,,
301333,881175,医疗服务,48.34,47.89,-5.52,26475,9886.0,,,
301335,881139,家居用品,20.55,20.56,2.73,34127,16675.0,,,
301336,881139,家居用品,37.21,37.68,-1.64,12509,5746.0,,,
301337,881272,软件开发,22.46,22.35,-2.8,17214,7387.0,,,
301338,881118,专用设备,84.17,83.99,-11.74,70832,31751.0,,,
301339,881130,计算机设备,10.9,10.88,1.38,66426,34763.0,,,
301345,881128,汽车服务及其他,242.3,238.0,-6.6,18753,8309.0,,,
301348,881121,半导体,18.15,17.91,-4.3,94734,36196.0,,,
301349,881281,电池,38.5,37.89,-7.74,54329,23125.0,,,
301353,881117,通用设备,15.92,15.81,-1.63,13296,6223.0,,,
301355,881138,包装印刷,9.26,9.22,-0.86,32508,14577.0,,,
301356,881139,家居用品,17.7,17.75,-7.51,46451,15708.0,,,
301357,881166,军工装备,92.35,89.0,6.44,92103,49207.0,,,
301358,881281,电池,64.6,64.3,-0.65,158655,80641.0,,,
301359,881123,其他电子,15.12,15.01,-1.72,16378,7358.0,,,
301360,881171,自动化设备,45.65,45.95,-4.73,30541,15356.0,,,
301361,881278,电网设备,28.04,28.06,-2.5,13195,6277.0,,,
301362,881122,光学光电子,110.77,111.0,-7.54,45937,22707.0,,,
301363,881144,医疗器械,16.14,16.0,-5.7,192222,74733.0,,,
301365,881116,建筑装饰,35.31,35.13,-9.32,30543,11937.0,,,
301366,881270,元件,37.77,37.69,-3.07,62842,26953.0,,,
301367,881144,医疗器械,44.12,43.68,-0.77,25758,10904.0,,,
301368,881117,通用设备,37.81,37.49,-1.22,20928,10520.0,,,
301369,881121,半导体,122.46,121.63,-11.64,36015,16712.0,,,
301370,881143,医药商业,8.55,8.52,0.47,34439,17172.0,,,
301371,881182,美容护理,25.48,25.4,0.16,24755,13706.0,,,
301372,881181,环境治理,27.48,27.75,-6.37,15105,5474.0,,,
301373,881109,化学制品,79.02,79.85,-10.6,54172,25615.0,,,
301376,881139,家居用品,19.5,19.47,-5.64,40795,18265.0,,,
301377,881117,通用设备,361.28,357.45,-7.83,49295,24961.0,,,
301378,881272,软件开发,22.96,22.88,2.96,60296,29740.0,,,
301379,881122,光学光电子,19.94,19.6,-8.83,233496,102383.0,,,
301380,881162,通信服务,30.08,30.34,-2.93,25056,10300.0,,,
301381,881177,互联网电商,23.27,23.3,-2.84,234332,109941.0,,,
301382,881162,通信服务,34.44,33.87,-8.39,114140,44261.0,,,
301383,881124,消费电子,21.05,20.8,-2.85,17051,7336.0,,,
301386,881278,电网设备,19.07,19.05,-1.68,11739,5409.0,,,
301387,881124,消费电子,49.35,49.09,-6.81,28319,11755.0,,,
301388,881278,电网设备,21.86,21.74,-2.56,12056,4941.0,,,
301389,881124,消费电子,45.56,45.83,-8.3,72151,35220.0,,,
301390,881116,建筑装饰,28.26,28.7,0.28,14565,5375.0,,,
301391,881130,计算机设备,44.59,44.43,-3.27,14856,6911.0,,,
301392,,,136.5,135.24,-13.33,65101,29910.0,,,
301393,881142,生物制品,56.75,56.73,-9.6,33184,12854.0,,,
301395,881265,塑料制品,8.93,8.87,-2.24,35415,15996.0,,,
301396,881271,IT服务,149.0,147.67,-12.66,163021,79675.0,,,
301397,881126,汽车零部件,25.85,25.63,-5.88,37027,14371.0,,,
301398,881126,汽车零部件,32.44,31.91,-2.5,14533,5069.0,,,
301399,881117,通用设备,15.01,14.94,-3.4,14782,6056.0,,,
301408,881143,医药商业,13.65,13.57,-2.12,126133,53658.0,,,
301413,881117,通用设备,55.58,55.0,-5.45,37017,18534.0,,,
301418,881171,自动化设备,33.26,33.13,-1.86,19856,8220.0,,,
301419,881129,通信设备,27.17,27.08,-6.15,33072,14117.0,,,
301421,881122,光学光电子,75.3,70.41,-11.45,120751,51268.0,,,
301428,881162,通信服务,26.64,26.55,-2.06,30759,13841.0,,,
301429,881115,建筑材料,15.55,15.4,-0.32,14462,7139.0,,,
301439,881278,电网设备,14.75,14.51,-1.36,127196,59450.0,,,
301446,881268,工程机械,33.94,33.73,-2.92,10523,4567.0,,,
301448,881117,通用设备,39.8,39.59,-4.95,17271,6682.0,,,
301449,,,32.57,32.1,19.99,49079,25035.0,,,
301456,881280,风电设备,21.74,21.86,-1.43,11649,4686.0,,,
301458,,,34.31,34.15,-5.89,66402,30843.0,,,
301459,881126,汽车零部件,30.77,30.45,-0.55,7019,3065.0,,,
301468,881118,专用设备,27.92,27.89,-4.87,51472,22544.0,,,
301469,881137,造纸,24.74,24.77,-1.29,13963,6381.0,,,
301479,,,45.51,45.11,-4.81,17142,7030.0,,,
301486,881129,通信设备,132.23,130.99,-10.95,59567,29791.0,,,
301487,881281,电池,16.1,16.0,-0.93,122962,61442.0,,,
301488,881126,汽车零部件,97.38,96.7,-3.36,13283,5934.0,,,
301489,881172,电子化学品,95.3,94.95,-9.74,70596,31655.0,,,
301491,,,37.84,37.76,1.48,8817,4574.0,,,
301498,881103,农产品加工,41.2,40.98,6.19,149906,83604.0,,,
301499,881126,汽车零部件,22.56,22.49,-4.65,25849,8710.0,,,
301500,881181,环境治理,21.0,21.07,-2.19,89182,41454.0,,,
301501,,,27.9,27.91,-0.75,15077,6776.0,,,
301502,881277,电机,47.63,47.83,-6.91,10840,4427.0,,,
301503,881130,计算机设备,20.24,20.24,-0.54,9011,4831.0,,,
301505,881116,建筑装饰,14.93,15.01,-1.27,26580,14282.0,,,
301507,881140,化学制药,12.0,11.95,-0.75,26622,11349.0,,,
301508,881179,其他社会服务,23.19,23.05,0.47,13352,7251.0,,,
301509,881175,医疗服务,27.32,27.3,-4.14,26989,10085.0,,,
301510,881171,自动化设备,24.85,24.66,-2.66,74540,34626.0,,,
301511,881281,电池,70.32,70.01,-9.1,281612,133493.0,,,
301512,881171,自动化设备,27.73,27.44,-3.86,19924,8344.0,,,
301513,,,47.33,46.94,-1.33,12398,5134.0,,,
301515,881144,医疗器械,16.97,16.88,0.0,16260,8441.0,,,
301516,881282,其他电源设备,15.76,15.75,-8.44,80131,37449.0,,,
301517,881276,军工电子,36.85,36.5,-5.83,31695,13731.0,,,
301518,881109,化学制品,23.13,23.08,0.09,19946,8885.0,,,
301519,881181,环境治理,10.66,10.61,0.66,26170,13845.0,,,
301520,881175,医疗服务,51.8,50.0,-13.2,154162,77295.0,,,
301522,,,22.75,22.66,0.22,41615,22106.0,,,
301525,881117,通用设备,37.31,37.1,0.46,19638,10100.0,,,
301526,881115,建筑材料,30.2,29.88,9.04,3649861,1860642.0,,,
301528,881117,通用设备,44.3,44.2,-8.53,27243,10704.0,,,
301529,881126,汽车零部件,76.0,75.99,-9.46,34682,18052.0,,,
301531,,,47.9,47.32,-6.22,39752,17153.0,,,
301533,881118,专用设备,24.5,24.3,0.49,9355,5382.0,,,
301535,,,17.03,17.03,1.7,80817,38409.0,,,
301536,881121,半导体,125.83,123.53,-17.35,339567,161706.0,,,
301538,881265,塑料制品,35.8,35.49,-3.55,18848,6973.0,,,
301539,881126,汽车零部件,13.53,13.53,0.07,14517,7206.0,,,
301548,881117,通用设备,59.74,59.74,-7.95,25094,11026.0,,,
301550,881126,汽车零部件,68.45,68.33,-7.2,63360,35933.0,,,
301551,,,20.64,20.6,0.87,69201,36958.0,,,
301552,,,23.66,23.01,-2.45,24953,9592.0,,,
301555,881265,塑料制品,28.36,27.98,-4.41,23653,9359.0,,,
301556,,,55.2,55.11,0.22,15021,7001.0,,,
301557,,,70.0,69.99,-9.83,9310,3709.0,,,
301558,881177,互联网电商,6.4,6.36,-0.31,72396,34753.0,,,
301559,881117,通用设备,12.98,12.95,-0.15,26303,14271.0,,,
301560,,,22.4,22.15,-3.04,13375,6124.0,,,
301563,,,113.9,112.8,-5.36,16315,8111.0,,,
301565,,,19.44,19.22,0.21,46612,22736.0,,,
301566,881270,元件,22.3,22.56,-3.45,291757,126898.0,,,
301567,881124,消费电子,31.58,31.58,-3.32,9997,4028.0,,,
301568,881171,自动化设备,61.22,61.08,-9.78,37372,16084.0,,,
301571,,,62.83,60.96,-13.66,72057,29388.0,,,
301575,,,26.29,26.4,-0.3,11028,5508.0,,,
301577,881129,通信设备,49.3,49.85,-6.67,15528,7045.0,,,
301578,881132,黑色家电,22.09,21.77,-1.45,15280,7629.0,,,
301580,,,51.38,50.92,-6.75,89333,38690.0,,,
301581,,,34.89,34.4,-3.38,7974,2676.0,,,
301583,,,193.82,190.0,-18.44,171030,80515.0,,,
301584,,,21.02,20.89,-0.24,33005,14489.0,,,
301585,,,25.33,25.21,-2.01,6590,2624.0,,,
301586,,,29.71,29.44,-0.71,9296,4742.0,,,
301587,881281,电池,20.54,20.2,-4.58,40951,17647.0,,,
301588,881265,塑料制品,33.08,33.2,-11.85,68586,27348.0,,,
301589,881130,计算机设备,133.96,132.81,-0.3,6991,3531.0,,,
301590,,,70.11,70.11,-4.29,10170,4849.0,,,
301591,881265,塑料制品,26.3,26.08,-5.97,41475,18035.0,,,
301592,,,93.5,93.49,-5.86,16580,5832.0,,,
301595,,,36.51,36.07,-2.08,8831,3531.0,,,
301596,,,40.39,40.0,-5.47,19561,6813.0,,,
301598,,,46.33,46.33,-2.09,4653,1810.0,,,
301599,,,33.0,32.97,-4.42,34990,14770.0,,,
301600,,,87.89,87.89,-2.15,12064,5345.0,,,
301601,,,14.89,14.99,2.22,28902,14849.0,,,
301602,,,14.75,14.74,0.47,23836,12180.0,,,
301603,,,101.75,100.01,-7.52,27336,12206.0,,,
301606,,,52.44,51.44,-1.26,32886,13831.0,,,
301607,,,34.59,34.28,-10.35,144499,66314.0,,,
301608,,,43.3,43.0,-1.78,11943,4427.0,,,
301609,,,37.96,37.4,-7.09,67215,26513.0,,,
301611,,,88.08,86.75,-10.49,142202,65993.0,,,
301613,,,37.67,37.42,-3.16,10589,4842.0,,,
301616,,,33.17,32.84,-1.27,5749,2676.0,,,
301617,,,45.15,44.01,-5.49,11743,4664.0,,,
301618,,,30.8,30.48,-2.37,20173,7486.0,,,
301622,,,40.02,39.98,0.25,11606,6115.0,,,
301626,,,202.0,211.0,4.6,39153,18745.0,,,
301628,,,73.48,72.9,-3.32,14483,5649.0,,,
301629,,,230.15,227.22,-8.76,11640,5729.0,,,
301630,,,152.61,151.0,-5.18,14735,6530.0,,,
301631,,,58.81,58.59,-4.85,34466,16412.0,,,
301632,,,14.75,14.78,8.34,93034,51578.0,,,
301633,,,54.81,54.54,-2.23,13506,6701.0,,,
301636,,,37.45,37.18,-2.11,11917,5695.0,,,
301638,,,24.06,23.7,-3.91,143813,56149.0,,,
301656,,,16.62,16.56,1.08,64054,31243.0,,,
301658,,,23.34,23.38,1.89,68948,34181.0,,,
301662,,,70.01,70.0,-3.87,37333,18672.0,,,
301665,,,22.3,22.21,0.49,35789,20531.0,,,
301666,,,420.49,415.0,-7.01,34651,15663.0,,,
301667,,,54.85,55.22,20.0,41061,20845.0,,,
301668,,,31.05,31.02,20.0,56739,26979.0,,,
301669,,,29.93,29.52,-9.29,118540,45545.0,,,
301677,,,33.58,100.0,145.38,167438,85944.0,,,
301678,,,40.64,40.2,-4.65,32112,13957.0,,,
301680,,,87.9,87.0,1.37,10801,5256.0,,,
301682,,,121.8,120.11,3.43,31521,14705.0,,,
301683,,,95.77,95.77,4.76,15289,7182.0,,,
301687,,,45.18,45.12,-5.16,34670,14607.0,,,
301696,,,97.42,95.58,-8.37,37716,16967.0,,,
302132,,,58.43,58.01,0.53,83641,46099.0,,,
600000,881155,银行,9.28,9.26,4.63,1617462,1081008.0,,,
600004,881151,机场航运,7.84,7.83,1.15,116214,60819.0,,,
600006,881125,汽车整车,5.65,5.64,1.77,211867,113499.0,,,
600007,881153,房地产,18.96,18.9,-0.84,29365,16809.0,,,
600008,881181,环境治理,2.93,2.93,0.34,780486,386760.0,,,
600009,881151,机场航运,24.37,24.34,2.34,184746,109643.0,,,
600010,881112,钢铁,2.2,2.19,0.0,3709473,1797163.0,,,
600011,881145,电力,7.2,7.19,-0.42,1098714,460649.0,,,
600012,881149,公路铁路运输,18.34,18.38,-0.98,88803,46218.0,,,
600015,881155,银行,6.77,6.82,3.84,1468309,954566.0,,,
600016,881155,银行,3.56,3.56,1.97,3320183,2230489.0,,,
600017,881148,港口航运,2.74,2.74,1.46,361620,210393.0,,,
600018,881148,港口航运,5.17,5.17,1.93,749077,487428.0,,,
600019,881112,钢铁,6.11,6.11,2.45,1329945,838486.0,,,
600020,881149,公路铁路运输,3.82,3.82,0.79,97607,51600.0,,,
600021,881145,电力,14.56,14.58,-1.92,424225,164404.0,,,
600022,881112,钢铁,1.38,1.38,1.45,1443722,842226.0,,,
600023,881145,电力,5.14,5.14,-1.36,792316,317821.0,,,
600025,881145,电力,10.0,10.04,1.4,331294,179603.0,,,
600026,881148,港口航运,16.12,16.13,4.53,847866,466748.0,,,
600027,881145,电力,4.75,4.75,1.05,846810,449773.0,,,
600028,881180,石油加工贸易,5.17,5.19,1.93,2940925,1727320.0,,,
600029,881151,机场航运,5.18,5.14,0.0,851376,418423.0,,,
600030,881157,证券,28.5,28.28,-0.04,1331493,653655.0,,,
600031,881268,工程机械,20.4,20.3,2.11,1025733,598059.0,,,
600032,881145,电力,7.37,7.39,-1.76,305081,125503.0,,,
600033,881149,公路铁路运输,3.62,3.62,0.83,240407,145347.0,,,
600035,881149,公路铁路运输,3.5,3.5,0.29,177044,77409.0,,,
600036,881155,银行,39.66,39.66,2.24,1374580,873444.0,,,
600037,881164,文化传媒,6.83,6.77,1.76,188165,106963.0,,,
600038,881166,军工装备,26.73,26.6,1.16,69202,39935.0,,,
600039,881116,建筑装饰,8.83,8.84,1.36,189975,103506.0,,,
600048,881153,房地产,5.24,5.2,1.15,1956525,1006895.0,,,
600050,881162,通信服务,4.42,4.42,1.36,2021212,1101267.0,,,
600051,881165,综合,5.82,5.81,-0.69,45568,21635.0,,,
600052,881145,电力,3.64,3.64,-3.02,126093,58537.0,,,
600053,881283,多元金融,7.13,7.14,-0.98,13193,5042.0,,,
600054,881160,旅游及酒店,11.07,11.06,0.63,86688,46542.0,,,
600055,881144,医疗器械,10.85,10.79,2.49,80777,46584.0,,,
600056,881143,医药商业,9.48,9.47,0.53,147270,68981.0,,,
600057,881152,物流,6.57,6.56,2.13,266488,160111.0,,,
600058,881159,贸易,9.85,9.6,-2.34,141923,78506.0,,,
600059,881133,饮料制造,7.97,7.96,2.26,157236,92153.0,,,
600060,881132,黑色家电,27.69,27.45,0.51,166085,87533.0,,,
600061,881157,证券,6.47,6.43,0.62,422382,240414.0,,,
600062,881140,化学制药,16.89,16.5,-3.91,254732,119752.0,,,
600063,881264,化学纤维,5.94,5.92,-1.68,661210,279272.0,,,
600064,881153,房地产,7.77,7.75,1.54,203251,124459.0,,,
600066,881125,汽车整车,32.35,32.28,4.48,251324,137645.0,,,
600067,881278,电网设备,2.68,2.66,-1.49,184898,70787.0,,,
600071,881122,光学光电子,14.93,14.87,-1.74,24554,12419.0,,,
600072,881280,风电设备,9.03,9.01,1.11,332880,176324.0,,,
600073,881134,食品加工制造,5.16,5.17,1.55,105378,56217.0,,,
600075,881108,化学原料,4.58,4.59,0.44,184674,87417.0,,,
600076,881138,包装印刷,2.88,2.9,1.39,341419,161474.0,,,
600078,881263,农化制品,9.59,9.63,-2.5,173706,73031.0,,,
600079,881140,化学制药,17.91,17.92,0.17,105972,46717.0,,,
600080,881141,中药,4.82,4.78,-1.24,18511,8605.0,,,
600081,881126,汽车零部件,9.79,9.74,1.23,29548,15125.0,,,
600082,881153,房地产,2.67,2.66,-3.0,88692,28671.0,,,
600084,881133,饮料制造,4.26,4.21,-1.17,52427,26173.0,,,
600085,881141,中药,25.88,25.89,1.55,126443,68176.0,,,
600088,881274,影视院线,11.27,11.25,-0.8,46571,24481.0,,,
600089,881165,综合,20.65,20.45,0.48,887209,438638.0,,,
600094,881153,房地产,3.83,3.81,3.66,318253,175788.0,,,
600095,881157,证券,8.77,8.68,-0.68,470453,216994.0,,,
600096,881263,农化制品,29.89,29.61,1.61,297667,171138.0,,,
600097,881102,养殖业,7.98,7.97,-0.5,37336,18401.0,,,
600098,881145,电力,6.39,6.38,1.25,243727,130127.0,,,
600099,881128,汽车服务及其他,8.14,8.14,1.35,39133,18232.0,,,
600100,881130,计算机设备,6.98,6.95,-0.57,269704,116316.0,,,
600101,881145,电力,8.13,8.11,-1.48,154136,54858.0,,,
600103,881137,造纸,2.74,2.72,-1.82,717559,313196.0,,,
600104,881125,汽车整车,10.77,10.78,3.53,848674,484661.0,,,
600105,881129,通信设备,30.71,33.23,7.33,2887981,1260672.0,,,
600106,881149,公路铁路运输,4.36,4.35,-0.92,144215,59428.0,,,
600107,881136,服装家纺,5.28,5.28,-2.65,21735,8285.0,,,
600108,881101,种植业与林业,3.02,3.01,-1.99,724351,299801.0,,,
600109,881157,证券,8.66,8.59,0.81,343839,182097.0,,,
600110,881281,电池,8.66,8.56,-7.39,1215756,496444.0,,,
600111,881170,小金属,39.35,39.13,-0.51,371922,166637.0,,,
600113,881158,零售,29.36,29.9,-1.33,70516,35211.0,,,
600114,881117,通用设备,25.77,25.73,-3.1,179138,73449.0,,,
600115,881151,机场航运,3.67,3.64,0.54,1718225,899244.0,,,
600116,881145,电力,6.5,6.51,2.31,244206,142385.0,,,
600117,881112,钢铁,2.23,2.23,2.24,188051,83652.0,,,
600118,881166,军工装备,57.69,57.55,-5.03,297678,123501.0,,,
600119,881152,物流,4.35,4.45,0.23,22643,8679.0,,,
600120,881283,多元金融,5.14,5.1,-0.39,534714,274616.0,,,
600121,881105,煤炭开采加工,3.78,3.78,-1.85,696890,323752.0,,,
600123,881105,煤炭开采加工,6.86,6.84,0.73,280398,149085.0,,,
600125,881149,公路铁路运输,5.51,5.53,0.91,113239,64144.0,,,
600126,881112,钢铁,6.28,6.2,-2.23,759038,313530.0,,,
600127,881103,农产品加工,5.56,5.53,-0.9,147337,59787.0,,,
600128,881159,贸易,7.67,7.67,1.04,41262,21525.0,,,
600129,881141,中药,15.66,15.55,-2.17,276915,128084.0,,,
600130,881124,消费电子,3.83,3.78,-4.18,250158,107701.0,,,
600131,881271,IT服务,15.55,15.48,0.96,89936,50027.0,,,
600132,881133,饮料制造,46.1,46.1,2.71,65819,38233.0,,,
600133,881181,环境治理,8.18,8.12,-0.24,323373,155431.0,,,
600135,881265,塑料制品,7.0,7.0,-1.86,69506,31349.0,,,
600136,881153,房地产,1.42,1.42,-2.11,87908,27920.0,,,
600137,881136,服装家纺,16.42,16.42,1.89,26530,14592.0,,,
600138,881160,旅游及酒店,7.06,7.06,0.71,114227,57362.0,,,
600141,881263,农化制品,29.14,28.8,-0.86,302339,133269.0,,,
600143,881265,塑料制品,14.55,14.44,-0.34,294271,129988.0,,,
600148,881126,汽车零部件,14.35,14.35,0.98,18689,9031.0,,,
600149,881145,电力,4.58,4.57,-1.53,107931,50056.0,,,
600150,881166,军工装备,34.73,34.63,-0.29,780076,344027.0,,,
600151,881126,汽车零部件,9.89,9.81,-0.1,335022,160886.0,,,
600152,881281,电池,7.7,7.67,-2.99,219945,102579.0,,,
600153,881152,物流,8.98,8.98,1.11,202519,110684.0,,,
600155,881157,证券,5.91,5.88,1.52,433975,254117.0,,,
600156,881135,纺织制造,7.39,7.41,-4.47,126246,51447.0,,,
600157,881145,电力,1.6,1.59,-1.25,4608272,1901684.0,,,
600158,881179,其他社会服务,7.06,7.0,-1.27,565291,254631.0,,,
600159,881153,房地产,2.33,2.33,-0.86,187426,80515.0,,,
600160,881109,化学制品,39.11,38.95,1.28,478932,251220.0,,,
600161,881142,生物制品,12.56,12.47,2.15,159806,88050.0,,,
600162,881158,零售,2.63,2.65,9.89,1168945,316112.0,,,
600163,881145,电力,5.34,5.3,-0.19,205281,99895.0,,,
600165,881109,化学制品,2.39,2.41,-3.77,63137,20252.0,,,
600166,881125,汽车整车,3.17,3.15,-0.63,1443098,633899.0,,,
600167,881145,电力,5.8,5.77,1.38,95692,56463.0,,,
600168,881181,环境治理,4.26,4.26,0.23,60409,32781.0,,,
600169,881118,专用设备,2.05,2.03,-0.98,92906,29211.0,,,
600170,881116,建筑装饰,2.35,2.35,0.0,1262833,633984.0,,,
600171,881121,半导体,22.72,22.5,-0.4,136261,59770.0,,,
600172,881117,通用设备,10.37,10.15,-8.2,1309468,564875.0,,,
600173,881145,电力,6.13,6.1,0.65,118063,60028.0,,,
600176,881115,建筑材料,38.39,37.6,-4.58,2918621,1354053.0,,,
600177,881136,服装家纺,7.88,7.86,0.0,329500,153511.0,,,
600178,881126,汽车零部件,9.91,9.79,-3.13,182300,83401.0,,,
600179,881148,港口航运,4.34,4.32,0.46,387175,212468.0,,,
600180,881152,物流,1.52,1.5,-3.29,243613,108546.0,,,
600182,881126,汽车零部件,12.91,12.91,-0.31,13580,5986.0,,,
600183,881270,元件,108.18,105.0,-7.49,810983,412958.0,,,
600184,881166,军工装备,16.4,16.12,-5.61,155796,67860.0,,,
600185,881158,零售,4.79,4.75,0.0,258177,129940.0,,,
600186,881134,食品加工制造,8.39,8.4,-7.27,1642102,724946.0,,,
600187,881181,环境治理,1.44,1.43,-3.47,323485,108994.0,,,
600188,881105,煤炭开采加工,20.0,20.07,1.35,600912,276097.0,,,
600189,881133,饮料制造,7.19,7.13,-0.42,138078,68396.0,,,
600191,881103,农产品加工,9.5,9.45,3.79,190622,90544.0,,,
600192,881278,电网设备,6.5,6.46,2.77,186436,91343.0,,,
600195,881102,养殖业,6.42,6.42,0.62,65348,30211.0,,,
600196,881140,化学制药,23.0,23.02,0.74,203718,106556.0,,,
600197,881273,白酒,10.21,10.16,2.94,195557,118770.0,,,
600198,881121,半导体,7.02,6.93,-1.85,181071,64758.0,,,
600199,881273,白酒,7.52,7.5,7.45,849811,439606.0,,,
600201,881102,养殖业,11.55,11.6,1.47,136524,75453.0,,,
600202,881117,通用设备,4.57,4.56,-0.44,80841,40900.0,,,
600203,881124,消费电子,9.43,9.38,-2.01,191240,76795.0,,,
600206,881121,半导体,39.86,39.0,-10.01,946634,446410.0,,,
600207,881279,光伏设备,4.15,4.15,-2.41,195985,82681.0,,,
600208,881153,房地产,2.86,2.84,-1.4,1056611,436097.0,,,
600210,881138,包装印刷,6.25,6.23,0.96,181730,108307.0,,,
600211,881142,生物制品,38.17,38.05,1.62,40911,20584.0,,,
600212,881282,其他电源设备,5.1,5.1,-0.59,97233,45118.0,,,
600215,881171,自动化设备,5.78,5.88,0.87,117651,57588.0,,,
600216,881140,化学制药,12.05,12.01,0.41,157102,80783.0,,,
600217,881181,环境治理,3.08,3.09,-0.32,149078,67342.0,,,
600218,881126,汽车零部件,7.41,7.4,0.13,75328,39448.0,,,
600219,881168,工业金属,4.59,4.58,0.65,2321560,1157263.0,,,
600221,881151,机场航运,1.35,1.35,0.0,3008724,1677840.0,,,
600222,881141,中药,6.89,6.86,-3.05,111621,40458.0,,,
600223,881182,美容护理,5.52,5.54,1.09,84283,46543.0,,,
600226,881145,电力,5.17,5.15,-5.61,1336701,579442.0,,,
600227,881263,农化制品,3.38,3.38,-3.25,2949686,1500848.0,,,
600228,881164,文化传媒,6.66,6.67,10.06,241619,94474.0,,,
600229,881164,文化传媒,4.91,4.9,0.61,57665,29208.0,,,
600230,881109,化学制品,13.58,13.53,-0.59,171762,81145.0,,,
600231,881112,钢铁,1.69,1.69,1.78,323190,133011.0,,,
600232,881135,纺织制造,5.75,5.73,-1.39,63847,29995.0,,,
600233,881152,物流,18.27,18.32,1.31,226949,118572.0,,,
600234,881116,建筑装饰,18.11,17.98,-8.5,37862,16023.0,,,
600235,881137,造纸,5.2,5.21,0.77,42066,20841.0,,,
600236,881145,电力,10.92,11.05,-2.01,545861,253187.0,,,
600237,881270,元件,8.1,8.0,-1.23,358623,153950.0,,,
600238,881133,饮料制造,4.14,4.17,0.0,33242,14577.0,,,
600239,881158,零售,1.38,1.37,-2.17,152878,56662.0,,,
600241,881281,电池,7.11,6.92,-4.22,151418,70881.0,,,
600243,881117,通用设备,3.26,3.29,-2.76,47531,17585.0,,,
600246,881153,房地产,11.67,11.54,-10.03,1351592,675622.0,,,
600248,881116,建筑装饰,2.91,2.91,1.37,176987,101471.0,,,
600249,881182,美容护理,4.95,4.94,-0.2,91024,45494.0,,,
600250,881160,旅游及酒店,8.14,8.16,2.21,138985,74852.0,,,
600251,881103,农产品加工,9.3,9.26,-1.51,128071,70651.0,,,
600252,881141,中药,2.2,2.2,-0.45,403701,178666.0,,,
600255,881114,金属新材料,3.11,3.08,-1.29,649505,269875.0,,,
600256,881105,煤炭开采加工,5.46,5.53,0.55,992633,472353.0,,,
600257,881175,医疗服务,5.01,5.02,1.6,337340,163801.0,,,
600258,881160,旅游及酒店,12.31,12.27,0.97,194043,111515.0,,,
600259,881170,小金属,71.13,70.99,-2.92,78448,33972.0,,,
600261,881122,光学光电子,3.02,3.02,-0.33,74860,32922.0,,,
600262,881118,专用设备,13.88,13.81,0.58,45516,20798.0,,,
600265,881101,种植业与林业,21.21,21.01,-0.75,5345,2135.0,,,
600266,881153,房地产,4.13,4.11,-0.24,396510,209570.0,,,
600267,881140,化学制药,11.84,11.8,-2.7,335911,148722.0,,,
600268,881278,电网设备,11.13,11.0,-0.27,206427,99422.0,,,
600269,881149,公路铁路运输,4.1,4.12,1.71,246728,149852.0,,,
600271,881271,IT服务,6.81,6.78,0.29,174996,90420.0,,,
600272,881143,医药商业,10.41,10.41,-1.06,25934,11531.0,,,
600273,881109,化学制品,7.0,6.97,1.0,157528,86518.0,,,
600276,881140,化学制药,53.89,54.05,1.41,735879,374948.0,,,
600278,881159,贸易,6.24,6.23,0.64,45987,24386.0,,,
600279,881148,港口航运,4.25,4.25,0.0,89982,43150.0,,,
600280,881158,零售,2.76,2.73,-1.45,576592,268627.0,,,
600281,881170,小金属,4.06,4.05,-0.49,109127,54932.0,,,
600282,881112,钢铁,5.06,5.03,1.58,346973,200320.0,,,
600283,881181,环境治理,7.8,7.81,0.0,23165,11086.0,,,
600284,881116,建筑装饰,5.07,5.06,0.39,138730,68167.0,,,
600285,881141,中药,23.13,23.0,1.51,124994,72003.0,,,
600287,881159,贸易,4.39,4.39,-0.23,31771,14286.0,,,
600288,881272,软件开发,10.02,9.9,-5.19,419757,140540.0,,,
600289,881162,通信服务,4.6,4.6,-0.87,81228,25095.0,,,
600292,881145,电力,12.46,12.52,0.64,111496,53194.0,,,
600293,881115,建筑材料,2.69,2.67,-1.49,334113,134052.0,,,
600295,881112,钢铁,12.55,12.74,1.2,114315,64029.0,,,
600298,881134,食品加工制造,40.05,40.2,2.85,292512,163811.0,,,
600299,881109,化学制品,8.31,8.3,0.84,315569,146847.0,,,
600300,881133,饮料制造,3.17,3.16,1.26,328323,172581.0,,,
600301,881170,小金属,41.06,41.5,-3.17,98062,42538.0,,,
600302,881118,专用设备,6.22,6.16,-5.79,71010,23509.0,,,
600303,881125,汽车整车,2.64,2.63,0.76,502431,239915.0,,,
600305,881134,食品加工制造,6.92,6.9,2.17,140450,91693.0,,,
600307,881112,钢铁,1.46,1.46,1.37,665149,336135.0,,,
600308,881137,造纸,3.2,3.2,0.94,98732,47120.0,,,
600309,881109,化学制品,74.49,74.15,2.78,437196,260750.0,,,
600310,881145,电力,4.42,4.39,-3.62,679105,246762.0,,,
600312,881278,电网设备,19.76,19.58,-1.01,388515,216912.0,,,
600313,881101,种植业与林业,5.54,5.53,0.54,213841,104372.0,,,
600315,881182,美容护理,18.22,18.29,2.31,84505,50530.0,,,
600316,881166,军工装备,24.58,24.54,0.45,84665,46460.0,,,
600318,881283,多元金融,6.43,6.4,0.0,120404,53975.0,,,
600319,881108,化学原料,5.45,5.41,1.28,64661,30004.0,,,
600320,881118,专用设备,4.27,4.26,0.94,446262,211727.0,,,
600322,881153,房地产,2.54,2.52,0.0,309845,135709.0,,,
600323,881181,环境治理,31.2,31.21,1.22,69371,39720.0,,,
600325,881153,房地产,2.51,2.5,0.8,730193,381011.0,,,
600326,881115,建筑材料,6.81,6.78,5.43,1117620,591318.0,,,
600327,881175,医疗服务,3.6,3.58,-1.39,123375,55143.0,,,
600328,881108,化学原料,6.4,6.36,0.94,162906,84534.0,,,
600329,881141,中药,38.1,38.0,0.52,41694,20714.0,,,
600330,881172,电子化学品,18.21,18.03,-9.99,956635,460507.0,,,
600331,881263,农化制品,12.57,12.58,-1.75,572817,266959.0,,,
600332,881141,中药,21.98,21.99,1.0,125574,64636.0,,,
600333,881146,燃气,5.76,5.77,-0.69,99622,43010.0,,,
600335,881128,汽车服务及其他,5.14,5.12,2.53,145930,83961.0,,,
600336,881131,白色家电,5.97,5.95,1.51,85660,42175.0,,,
600337,881139,家居用品,2.63,2.64,-7.6,414639,116160.0,,,
600338,881168,工业金属,12.82,12.8,-1.48,384172,173163.0,,,
600339,881107,油气开采及服务,3.35,3.39,0.9,672225,314377.0,,,
600340,881153,房地产,1.05,1.04,-0.95,414571,175427.0,,,
600343,881117,通用设备,17.7,17.53,-4.92,243331,95980.0,,,
600345,881129,通信设备,41.16,40.89,-4.37,87548,43299.0,,,
600346,881180,石油加工贸易,16.66,16.66,1.56,333067,197450.0,,,
600348,881105,煤炭开采加工,8.64,8.69,0.12,232021,118523.0,,,
600350,881149,公路铁路运输,11.36,11.38,-4.14,202407,85351.0,,,
600351,881141,中药,6.52,6.51,-1.69,162379,71169.0,,,
600352,881109,化学制品,13.55,13.29,-2.51,871491,416769.0,,,
600353,881123,其他电子,23.96,24.2,-10.02,391870,211260.0,,,
600354,881101,种植业与林业,5.81,5.78,0.69,332167,164258.0,,,
600356,881137,造纸,7.9,7.95,4.18,134219,79516.0,,,
600358,881133,饮料制造,4.84,4.84,-1.24,69516,28276.0,,,
600359,881101,种植业与林业,5.81,5.81,-0.17,65009,30521.0,,,
600360,881121,半导体,9.82,9.7,-7.94,750194,287185.0,,,
600361,881168,工业金属,3.74,3.74,0.27,504796,262555.0,,,
600362,881168,工业金属,42.85,43.06,-1.66,408707,172042.0,,,
600363,881124,消费电子,26.03,25.84,-1.19,134669,54229.0,,,
600365,881177,互联网电商,2.67,2.64,0.0,19495,8720.0,,,
600366,881114,金属新材料,10.92,10.87,-2.29,560532,228548.0,,,
600367,881108,化学原料,28.62,28.62,-5.84,270349,130811.0,,,
600368,881149,公路铁路运输,3.85,3.85,0.52,132845,70348.0,,,
600369,881157,证券,4.16,4.14,0.24,465959,243962.0,,,
600370,881264,化学纤维,1.64,1.59,-3.66,229786,75609.0,,,
600371,881101,种植业与林业,6.54,6.58,1.38,49740,25846.0,,,
600372,881166,军工装备,11.24,11.19,0.44,296429,162924.0,,,
600373,881164,文化传媒,7.32,7.32,2.87,150469,90920.0,,,
600375,881125,汽车整车,3.98,3.97,1.51,330459,178428.0,,,
600376,881153,房地产,3.69,3.64,0.0,929287,413931.0,,,
600377,881149,公路铁路运输,12.34,12.33,0.41,157603,91086.0,,,
600378,881109,化学制品,43.16,43.01,-6.72,516502,236512.0,,,
600379,881278,电网设备,11.73,11.56,-9.97,205181,88964.0,,,
600380,881140,化学制药,10.2,10.2,0.39,152318,80259.0,,,
600381,881134,食品加工制造,3.38,3.4,0.89,82958,41580.0,,,
600382,881112,钢铁,6.28,6.3,0.64,287002,131242.0,,,
600383,881153,房地产,2.27,2.26,0.88,944327,480186.0,,,
600386,881128,汽车服务及其他,3.19,3.17,0.31,98528,50086.0,,,
600388,881284,环保设备,17.79,17.78,1.29,134140,79210.0,,,
600389,881263,农化制品,20.32,20.58,5.51,204687,114855.0,,,
600390,881283,多元金融,4.97,4.94,0.6,402501,197644.0,,,
600391,881166,军工装备,28.18,27.98,-2.48,79273,35761.0,,,
600392,881170,小金属,20.55,20.22,-2.29,588941,232738.0,,,
600395,881105,煤炭开采加工,4.87,4.88,1.03,296116,150252.0,,,
600396,881145,电力,16.16,15.85,-10.02,2693900,1178420.0,,,
600397,881118,专用设备,13.37,13.4,-7.7,756175,296869.0,,,
600398,881136,服装家纺,6.16,6.15,2.11,439517,255324.0,,,
600399,881112,钢铁,4.13,4.12,0.97,370886,193824.0,,,
600400,881136,服装家纺,2.73,2.69,-1.83,593874,254488.0,,,
600403,881105,煤炭开采加工,5.64,5.6,1.95,1359498,703604.0,,,
600405,881282,其他电源设备,4.03,4.03,0.0,113302,50703.0,,,
600406,881278,电网设备,23.93,23.88,1.63,759211,429983.0,,,
600408,881105,煤炭开采加工,2.68,2.66,-1.87,400043,161521.0,,,
600409,881108,化学原料,6.66,6.78,-1.05,309485,155264.0,,,
600410,881271,IT服务,13.33,13.28,-3.3,615219,266473.0,,,
600415,881158,零售,12.65,12.46,1.66,1584666,801986.0,,,
600416,881277,电机,9.08,9.05,0.66,165895,87906.0,,,
600418,881125,汽车整车,22.17,22.19,10.01,767682,331157.0,,,
600419,881133,饮料制造,8.83,8.88,-2.04,302187,129739.0,,,
600420,881140,化学制药,8.7,8.69,1.61,93640,56886.0,,,
600422,881141,中药,9.06,9.08,0.33,114325,58641.0,,,
600423,881108,化学原料,2.69,2.68,0.37,56626,24206.0,,,
600425,881115,建筑材料,3.43,3.43,0.29,148573,81889.0,,,
600426,881263,农化制品,21.59,21.6,1.62,433934,229896.0,,,
600428,881148,港口航运,10.92,11.01,0.55,674778,341027.0,,,
600429,881133,饮料制造,4.69,4.69,-3.2,475878,230919.0,,,
600433,881137,造纸,3.31,3.29,-1.21,342119,151272.0,,,
600435,881166,军工装备,10.59,10.56,-0.19,171022,83539.0,,,
600436,881141,中药,136.39,135.61,1.03,88437,43750.0,,,
600438,881279,光伏设备,11.54,11.42,1.3,748918,382284.0,,,
600439,881136,服装家纺,2.16,2.15,0.0,151140,65839.0,,,
600444,881118,专用设备,12.65,12.68,0.55,26158,14178.0,,,
600446,881271,IT服务,10.59,10.56,3.59,306279,176710.0,,,
600448,881135,纺织制造,2.57,2.58,1.17,149982,73230.0,,,
600449,881115,建筑材料,11.94,12.14,-0.42,69607,31704.0,,,
600452,881145,电力,9.88,9.81,-0.51,260071,119241.0,,,
600455,881178,教育,21.39,21.39,0.84,20457,11273.0,,,
600456,881170,小金属,27.89,27.9,1.15,76136,45161.0,,,
600458,881165,综合,11.18,11.14,-0.45,199915,89478.0,,,
600459,881170,小金属,18.12,18.04,-0.44,178191,75677.0,,,
600460,881121,半导体,29.9,29.51,-7.12,964574,418919.0,,,
600461,881181,环境治理,9.31,9.3,-0.32,109202,56061.0,,,
600463,881153,房地产,7.57,7.5,-0.66,35335,14453.0,,,
600467,881102,养殖业,2.17,2.17,0.0,269627,113987.0,,,
600468,881278,电网设备,5.75,5.65,-2.26,283806,111742.0,,,
600469,881126,汽车零部件,5.23,5.18,0.0,69722,37124.0,,,
600470,881263,农化制品,5.51,5.45,-2.0,273447,132166.0,,,
600475,881145,电力,13.53,13.55,9.98,234686,130664.0,,,
600476,881271,IT服务,8.47,8.45,-0.83,11420,4618.0,,,
600477,881116,建筑装饰,2.38,2.37,-0.42,357039,160047.0,,,
600478,881281,电池,5.03,5.01,0.99,303732,167732.0,,,
600479,881141,中药,9.63,9.6,0.52,52752,26473.0,,,
600480,881126,汽车零部件,8.65,8.59,1.5,177817,94420.0,,,
600481,881279,光伏设备,4.0,3.98,0.0,477799,230190.0,,,
600482,881282,其他电源设备,28.53,28.46,-4.73,247582,124888.0,,,
600483,881145,电力,11.08,11.05,-1.08,119159,52557.0,,,
600486,881263,农化制品,56.12,56.5,3.81,69344,35920.0,,,
600487,881129,通信设备,49.75,49.7,-5.13,1763015,825919.0,,,
600488,881140,化学制药,5.24,5.24,-4.58,1044974,441572.0,,,
600489,881169,贵金属,21.74,22.1,0.74,945728,483278.0,,,
600490,881168,工业金属,6.51,6.59,-0.77,497359,228562.0,,,
600491,881116,建筑装饰,1.24,1.24,0.0,633805,329446.0,,,
600493,881135,纺织制造,5.47,5.43,-1.65,62171,30598.0,,,
600495,881269,轨交设备,3.88,3.87,-0.77,77654,31090.0,,,
600496,881116,建筑装饰,3.31,3.3,-0.3,273479,136587.0,,,
600497,881168,工业金属,9.08,9.02,-1.76,999801,398192.0,,,
600498,881129,通信设备,34.56,34.01,-7.26,702362,338039.0,,,
600499,881139,家居用品,16.65,16.65,0.84,433501,223654.0,,,
600500,881109,化学制品,4.69,4.62,-4.26,853231,357826.0,,,
600501,881118,专用设备,13.83,13.81,-1.66,66511,33279.0,,,
600502,881116,建筑装饰,4.75,4.74,0.21,266454,132209.0,,,
600503,881153,房地产,2.04,2.04,-0.98,287304,117731.0,,,
600505,881145,电力,11.1,11.06,-1.8,87063,37359.0,,,
600506,881180,石油加工贸易,13.94,14.02,-1.43,51563,22646.0,,,
600507,881112,钢铁,4.56,4.54,-0.44,377174,189182.0,,,
600508,881105,煤炭开采加工,8.58,8.58,1.05,80882,40531.0,,,
600509,881145,电力,7.66,7.55,-1.57,272372,104602.0,,,
600510,881153,房地产,6.28,6.25,-0.48,76096,31858.0,,,
600511,881143,医药商业,27.75,27.76,1.33,62284,35854.0,,,
600512,881116,建筑装饰,2.0,1.98,0.0,259078,113332.0,,,
600513,881140,化学制药,15.24,15.18,9.97,320392,137355.0,,,
600515,881151,机场航运,2.88,2.87,1.39,1230732,639879.0,,,
600516,881112,钢铁,5.15,5.14,0.19,374152,173255.0,,,
600517,881283,多元金融,5.05,5.03,1.39,274383,154930.0,,,
600518,881141,中药,1.35,1.34,0.0,1422666,632347.0,,,
600519,881273,白酒,1321.0,1323.0,3.09,71873,41794.0,,,
600520,881118,专用设备,22.2,21.99,-7.57,157154,66212.0,,,
600521,881140,化学制药,16.27,16.3,0.31,369549,176748.0,,,
600522,881129,通信设备,29.34,29.18,-5.59,2196712,1043034.0,,,
600523,881126,汽车零部件,11.16,11.18,-0.9,38552,15034.0,,,
600525,881278,电网设备,4.77,4.75,-0.84,63008,29647.0,,,
600526,881284,环保设备,4.33,4.32,0.46,71125,34681.0,,,
600527,881264,化学纤维,2.14,2.12,-0.93,460036,180292.0,,,
600528,881269,轨交设备,7.24,7.22,0.97,144272,87632.0,,,
600529,881144,医疗器械,19.67,19.6,1.78,154855,91946.0,,,
600530,881134,食品加工制造,4.92,4.89,1.42,120202,63137.0,,,
600531,881168,工业金属,11.61,11.66,-1.46,371903,159338.0,,,
600533,881153,房地产,1.99,1.98,-0.5,122222,62950.0,,,
600535,881141,中药,15.95,15.91,-0.44,177790,81466.0,,,
600536,881271,IT服务,31.87,31.74,-1.91,231052,106947.0,,,
600537,881279,光伏设备,2.24,2.24,-4.02,154921,48286.0,,,
600538,881144,医疗器械,4.68,4.68,-4.06,111090,45490.0,,,
600539,881177,互联网电商,14.4,13.68,2.5,370369,159727.0,,,
600540,881101,种植业与林业,3.46,3.47,-1.16,191145,86914.0,,,
600543,881133,饮料制造,3.68,3.69,-0.82,24744,11760.0,,,
600545,881118,专用设备,3.84,3.81,-5.73,782394,322415.0,,,
600546,881105,煤炭开采加工,12.49,12.55,-0.16,197012,97254.0,,,
600547,881169,贵金属,27.33,27.85,1.32,800471,427427.0,,,
600548,881149,公路铁路运输,8.59,8.59,1.51,39953,24204.0,,,
600549,881170,小金属,47.37,47.35,-5.0,512587,200842.0,,,
600550,881278,电网设备,11.85,11.6,-2.03,525423,225189.0,,,
600551,881164,文化传媒,6.8,6.79,1.47,73093,38490.0,,,
600552,881122,光学光电子,15.67,15.68,-5.49,715573,304789.0,,,
600556,881164,文化传媒,4.46,4.43,-0.22,455164,221815.0,,,
600557,881141,中药,12.76,12.74,-0.47,77112,31782.0,,,
600558,881117,通用设备,4.69,4.66,-0.21,136575,58965.0,,,
600559,881273,白酒,12.0,11.96,4.25,337522,200581.0,,,
600560,881118,专用设备,10.56,10.5,-0.38,25676,12736.0,,,
600561,881149,公路铁路运输,5.1,5.11,0.59,53486,30204.0,,,
600562,881276,军工电子,24.84,24.85,-2.05,96978,48631.0,,,
600563,881270,元件,135.7,135.7,-1.55,49544,21955.0,,,
600566,881141,中药,26.92,26.87,0.04,58924,31586.0,,,
600567,881137,造纸,1.33,1.33,0.0,680109,323877.0,,,
600568,881175,医疗服务,2.28,2.3,0.88,79970,40529.0,,,
600569,881112,钢铁,1.76,1.77,4.55,585829,319643.0,,,
600570,881272,软件开发,21.87,21.58,1.74,508826,267440.0,,,
600571,881272,软件开发,10.08,10.05,0.69,144835,75821.0,,,
600572,881141,中药,4.34,4.32,-0.46,434238,210048.0,,,
600573,881133,饮料制造,9.67,9.63,0.31,122778,60343.0,,,
600575,881145,电力,3.43,3.43,3.79,889909,494552.0,,,
600576,881160,旅游及酒店,5.54,5.51,-1.62,102943,44115.0,,,
600577,881278,电网设备,7.54,7.47,0.93,791783,380914.0,,,
600578,881145,电力,5.95,6.01,-3.03,2260039,995522.0,,,
600579,881118,专用设备,7.2,7.2,-2.22,63126,24895.0,,,
600580,881277,电机,29.63,29.24,-2.77,306321,123189.0,,,
600581,881112,钢铁,2.29,2.29,1.31,79185,39223.0,,,
600582,881118,专用设备,4.92,4.89,0.61,191293,97783.0,,,
600583,881107,油气开采及服务,5.55,5.63,1.98,406340,189523.0,,,
600584,881121,半导体,71.68,70.0,-10.0,1597939,740464.0,,,
600585,881115,建筑材料,18.34,18.35,1.64,325953,198074.0,,,
600586,881108,化学原料,4.11,4.13,2.43,235235,144318.0,,,
600587,881144,医疗器械,12.89,12.87,0.85,68210,38031.0,,,
600588,881272,软件开发,9.73,9.76,3.49,909839,508720.0,,,
600589,881271,IT服务,7.12,7.11,-3.65,541165,200022.0,,,
600590,881282,其他电源设备,8.04,7.95,-2.61,249990,104186.0,,,
600592,881117,通用设备,13.44,13.31,-1.71,71402,33146.0,,,
600593,881160,旅游及酒店,37.49,37.49,-1.68,51435,22554.0,,,
600594,881141,中药,3.61,3.59,-2.77,402692,192723.0,,,
600595,881168,工业金属,6.52,6.6,1.69,1084017,528279.0,,,
600596,881263,农化制品,10.25,10.1,0.49,484349,234892.0,,,
600597,881133,饮料制造,7.0,6.97,1.43,172998,105055.0,,,
600598,881101,种植业与林业,12.2,12.19,1.72,233720,123002.0,,,
600600,881133,饮料制造,55.56,55.72,3.4,146202,84249.0,,,
600601,881270,元件,9.59,9.41,-9.49,2140137,841910.0,,,
600602,881272,软件开发,16.94,16.82,-5.43,421180,176063.0,,,
600603,881152,物流,4.46,4.46,-0.45,112153,54063.0,,,
600604,881153,房地产,4.27,4.23,-0.47,114732,53534.0,,,
600605,881158,零售,24.04,24.07,-9.28,66008,34290.0,,,
600606,881153,房地产,1.29,1.28,-0.78,1287726,576058.0,,,
600609,881126,汽车零部件,3.27,3.25,0.31,160988,80267.0,,,
600610,881108,化学原料,6.76,6.73,0.89,204243,107621.0,,,
600611,881149,公路铁路运输,4.03,4.04,0.5,577438,282294.0,,,
600612,881136,服装家纺,35.54,35.55,3.29,32972,19515.0,,,
600613,881140,化学制药,4.88,4.86,-0.41,77217,32903.0,,,
600615,881118,专用设备,8.6,8.66,-0.93,22067,10607.0,,,
600616,881133,饮料制造,4.04,4.03,1.73,105712,54392.0,,,
600617,881146,燃气,3.42,3.32,-5.56,1752226,776815.0,,,
600618,881108,化学原料,10.36,10.4,1.83,117484,71777.0,,,
600619,881131,白色家电,13.42,12.8,6.11,579592,314220.0,,,
600620,881165,综合,4.05,4.08,-0.99,62202,29338.0,,,
600621,881157,证券,13.2,13.15,0.91,112490,60202.0,,,
600622,881153,房地产,2.08,2.07,0.0,294268,153148.0,,,
600623,881108,化学原料,8.11,8.12,0.99,145996,78127.0,,,
600624,881140,化学制药,3.59,3.59,-2.23,36532,13279.0,,,
600626,881126,汽车零部件,3.41,3.42,0.88,125380,62278.0,,,
600628,881158,零售,6.01,6.0,0.67,80011,42339.0,,,
600629,881116,建筑装饰,12.67,12.48,10.02,389600,199151.0,,,
600630,881136,服装家纺,6.38,6.32,-0.63,129598,55482.0,,,
600633,881275,游戏,10.54,10.46,-0.57,247635,120716.0,,,
600635,881146,燃气,4.56,4.56,0.44,402792,213342.0,,,
600637,881164,文化传媒,7.99,7.9,0.25,508893,256749.0,,,
600638,881153,房地产,4.88,4.82,0.41,215043,101472.0,,,
600639,881153,房地产,9.42,9.43,2.44,81303,52175.0,,,
600640,881164,文化传媒,10.5,10.5,1.05,77866,43910.0,,,
600641,881121,半导体,27.55,27.5,-9.98,592159,295724.0,,,
600642,881145,电力,8.64,8.59,-1.04,286297,110402.0,,,
600643,881283,多元金融,3.96,3.93,1.77,185715,106461.0,,,
600644,881145,电力,9.72,9.66,-6.38,539040,208775.0,,,
600645,881144,医疗器械,18.68,18.6,-0.54,79928,40025.0,,,
600648,881153,房地产,8.61,8.6,4.53,74415,42369.0,,,
600649,881153,房地产,3.69,3.67,1.08,244337,149378.0,,,
600650,881149,公路铁路运输,10.15,10.13,1.97,47509,25813.0,,,
600651,881126,汽车零部件,5.38,5.32,-0.19,190204,95327.0,,,
600653,881128,汽车服务及其他,1.67,1.66,-1.2,205365,89973.0,,,
600654,881179,其他社会服务,2.9,2.87,-3.1,939647,382973.0,,,
600655,881158,零售,4.55,4.53,1.98,176961,104097.0,,,
600657,881153,房地产,2.54,2.53,1.18,176749,92335.0,,,
600658,881153,房地产,3.88,3.82,-1.03,124618,54974.0,,,
600660,881126,汽车零部件,59.1,59.0,1.18,184613,102625.0,,,
600661,881178,教育,8.15,8.09,3.56,185976,100392.0,,,
600662,881179,其他社会服务,4.42,4.42,1.81,175043,111214.0,,,
600663,881153,房地产,7.53,7.52,9.96,532229,308076.0,,,
600664,881140,化学制药,5.36,5.36,3.73,4015252,2062650.0,,,
600665,881153,房地产,2.84,2.85,-0.7,125329,51059.0,,,
600666,881271,IT服务,3.28,3.26,-3.66,1039105,403926.0,,,
600667,881116,建筑装饰,17.4,16.85,-10.0,3237655,1402991.0,,,
600668,881115,建筑材料,7.23,7.19,0.0,46037,22810.0,,,
600671,881141,中药,20.66,20.56,-4.26,36584,12836.0,,,
600673,881165,综合,28.02,28.0,-7.99,433333,179113.0,,,
600674,881145,电力,16.21,16.23,0.49,282882,142552.0,,,
600675,881153,房地产,2.22,2.22,1.8,318191,188238.0,,,
600676,881179,其他社会服务,6.74,6.7,-1.34,122751,48282.0,,,
600678,881115,建筑材料,5.42,5.35,-4.43,106396,34669.0,,,
600679,881128,汽车服务及其他,9.34,9.58,0.32,37063,19773.0,,,
600681,881146,燃气,3.44,3.43,-0.58,194146,86290.0,,,
600682,881165,综合,5.54,5.51,0.18,124020,64613.0,,,
600683,881153,房地产,7.85,7.85,-4.84,174418,78178.0,,,
600684,881153,房地产,3.44,3.42,-1.45,161420,80609.0,,,
600685,881166,军工装备,26.44,26.26,-0.61,121317,55038.0,,,
600686,881125,汽车整车,11.66,11.65,5.49,449757,238679.0,,,
600688,881180,石油加工贸易,2.82,2.81,0.35,742028,364209.0,,,
600689,881165,综合,9.7,9.7,0.31,31674,15310.0,,,
600690,881131,白色家电,22.98,23.0,1.26,546421,312667.0,,,
600691,881263,农化制品,2.42,2.41,-0.83,343267,145605.0,,,
600692,881153,房地产,5.62,5.6,1.42,73280,36693.0,,,
600693,881158,零售,9.47,9.28,-2.96,1831679,917845.0,,,
600694,881158,零售,14.53,14.46,0.96,46974,26632.0,,,
600697,881158,零售,9.93,9.96,0.81,39218,19371.0,,,
600698,881126,汽车零部件,6.54,6.52,-0.46,518015,264747.0,,,
600699,881126,汽车零部件,20.31,20.14,-1.43,267468,128453.0,,,
600702,881273,白酒,34.08,33.9,10.01,141929,55764.0,,,
600703,881122,光学光电子,12.25,12.07,-3.59,1324691,533133.0,,,
600704,881152,物流,4.97,4.95,1.01,500425,281865.0,,,
600706,881160,旅游及酒店,7.25,7.25,2.07,150626,69677.0,,,
600707,881122,光学光电子,8.29,8.25,-6.76,1055534,438718.0,,,
600708,881153,房地产,3.06,3.07,-2.94,204485,81698.0,,,
600710,881159,贸易,11.08,11.0,0.99,113127,65945.0,,,
600711,881168,工业金属,10.74,10.7,-5.68,1217861,495267.0,,,
600712,881158,零售,4.77,4.73,10.06,200408,50737.0,,,
600713,881143,医药商业,5.05,5.03,-0.2,104790,47410.0,,,
600714,881108,化学原料,13.29,13.28,-4.06,101908,40892.0,,,
600715,881274,影视院线,1.55,1.54,1.94,557072,278300.0,,,
600716,881153,房地产,3.37,3.36,-2.37,64910,27626.0,,,
600717,881148,港口航运,4.37,4.36,2.29,288608,176214.0,,,
600718,881271,IT服务,8.25,8.21,0.48,118438,66465.0,,,
600719,881145,电力,7.11,7.06,-2.81,129184,50037.0,,,
600720,881116,建筑装饰,5.24,5.23,1.53,98575,50615.0,,,
600721,881175,医疗服务,7.06,7.04,-2.97,163308,67990.0,,,
600722,881108,化学原料,10.19,10.29,6.77,1203285,588404.0,,,
600724,881153,房地产,4.94,4.88,-1.01,89317,40236.0,,,
600725,881159,贸易,3.26,3.12,-6.13,530033,182832.0,,,
600726,881105,煤炭开采加工,5.9,5.85,-8.81,2080017,772641.0,,,
600727,881109,化学制品,7.33,7.28,-0.68,131377,58708.0,,,
600728,881271,IT服务,4.64,4.6,1.08,356500,189136.0,,,
600729,881158,零售,20.65,20.56,2.66,70661,43205.0,,,
600730,881178,教育,9.24,9.2,3.25,130401,63819.0,,,
600731,881263,农化制品,5.61,5.63,4.1,153450,85996.0,,,
600732,881279,光伏设备,12.05,11.99,2.57,440322,232507.0,,,
600733,881125,汽车整车,5.74,5.8,3.83,3307051,1701984.0,,,
600734,881271,IT服务,1.69,1.67,-2.96,363113,121960.0,,,
600735,881136,服装家纺,6.18,6.17,-2.27,32930,10172.0,,,
600736,881153,房地产,6.38,6.36,-0.16,245493,115044.0,,,
600737,881103,农产品加工,12.38,12.3,-1.37,316712,147973.0,,,
600738,881158,零售,3.85,3.84,0.78,126531,63502.0,,,
600739,881142,生物制品,10.78,10.75,1.39,157349,91177.0,,,
600740,881105,煤炭开采加工,3.61,3.61,0.28,250714,131198.0,,,
600741,881126,汽车零部件,16.57,16.57,2.11,161616,99218.0,,,
600742,881126,汽车零部件,7.42,7.4,1.75,95759,56141.0,,,
600743,881153,房地产,2.17,2.16,-1.38,260245,94612.0,,,
600744,881145,电力,7.11,7.11,-7.31,2342006,871801.0,,,
600745,881121,半导体,16.7,16.58,-4.13,410212,146140.0,,,
600746,881108,化学原料,6.51,6.52,1.38,312293,162844.0,,,
600748,881153,房地产,3.63,3.63,2.2,185998,100540.0,,,
600749,881160,旅游及酒店,13.54,13.4,0.44,93970,46919.0,,,
600750,881141,中药,26.23,26.23,0.11,52705,28321.0,,,
600751,881148,港口航运,3.01,3.0,1.33,368593,202647.0,,,
600753,881152,物流,9.99,10.02,-7.41,43348,8673.0,,,
600754,881160,旅游及酒店,19.23,19.23,0.88,157246,82299.0,,,
600755,881152,物流,5.83,5.82,0.51,156446,76940.0,,,
600756,881271,IT服务,15.88,15.32,-1.32,513331,248087.0,,,
600757,881164,文化传媒,8.04,8.04,1.24,97404,59901.0,,,
600758,881105,煤炭开采加工,3.27,3.24,-2.14,488438,201889.0,,,
600759,881107,油气开采及服务,2.36,2.39,1.27,1641004,745683.0,,,
600760,881166,军工装备,43.85,43.5,0.59,138073,71051.0,,,
600761,881268,工程机械,18.2,18.24,0.82,130315,76598.0,,,
600763,881175,医疗服务,35.88,35.76,2.01,118729,65553.0,,,
600764,881166,军工装备,18.52,18.48,-0.11,67011,32633.0,,,
600765,881166,军工装备,13.52,13.45,0.89,168055,86140.0,,,
600768,881278,电网设备,13.46,13.5,-1.71,29315,12693.0,,,
600769,881181,环境治理,13.6,13.6,-8.09,143443,55868.0,,,
600770,881165,综合,4.99,4.95,-2.61,236412,88996.0,,,
600771,881141,中药,14.64,14.55,0.89,90085,46420.0,,,
600773,881153,房地产,10.79,10.71,-4.54,255889,109984.0,,,
600774,881140,化学制药,6.38,6.38,0.31,57726,28537.0,,,
600775,881129,通信设备,9.63,9.43,-0.83,465333,215257.0,,,
600776,881129,通信设备,12.28,12.3,-1.47,143589,70880.0,,,
600777,881107,油气开采及服务,4.1,4.12,1.46,341307,189869.0,,,
600778,881158,零售,5.08,5.07,-0.79,92362,46475.0,,,
600779,881273,白酒,28.06,28.0,3.06,95842,53492.0,,,
600780,881145,电力,6.02,5.96,-0.66,114263,51048.0,,,
600782,881112,钢铁,2.9,2.89,2.07,543462,310888.0,,,
600783,881283,多元金融,15.1,15.1,2.98,259093,127754.0,,,
600784,881108,化学原料,7.06,7.03,2.55,143063,78304.0,,,
600785,881158,零售,8.4,8.3,-1.9,201930,100083.0,,,
600787,881152,物流,4.66,4.65,1.72,197038,112369.0,,,
600789,881140,化学制药,7.38,7.38,-0.41,195169,94089.0,,,
600790,881158,零售,3.23,3.21,0.0,148829,65232.0,,,
600791,881153,房地产,6.25,6.22,-4.96,116584,54859.0,,,
600792,881105,煤炭开采加工,3.5,3.49,-2.0,196600,78729.0,,,
600793,881137,造纸,12.99,12.89,-3.0,110115,51837.0,,,
600794,881152,物流,3.08,3.07,0.32,106782,49903.0,,,
600795,881145,电力,4.97,4.98,1.01,1542601,858099.0,,,
600796,881181,环境治理,4.85,4.84,0.0,68050,32520.0,,,
600797,881271,IT服务,6.88,6.81,-2.18,290533,132296.0,,,
600798,881148,港口航运,3.2,3.19,-0.31,128194,59728.0,,,
600800,881180,石油加工贸易,3.07,3.05,-3.58,243222,103729.0,,,
600801,881115,建筑材料,22.6,22.61,-0.58,139839,73868.0,,,
600802,881115,建筑材料,4.18,4.18,-0.72,64375,31401.0,,,
600803,881146,燃气,17.86,18.1,0.5,83852,47060.0,,,
600805,881165,综合,4.25,4.23,-0.24,69354,34528.0,,,
600807,881144,医疗器械,2.44,2.41,-1.64,145202,59331.0,,,
600808,881112,钢铁,2.58,2.59,2.33,898637,444354.0,,,
600809,881273,白酒,128.21,128.2,6.04,190685,95902.0,,,
600810,881264,化学纤维,6.37,6.34,0.0,107492,45636.0,,,
600812,881140,化学制药,4.8,4.8,0.63,163760,88173.0,,,
600814,881158,零售,6.53,6.47,0.92,97223,53654.0,,,
600815,881268,工程机械,3.05,3.03,-1.64,755435,333922.0,,,
600816,881283,多元金融,2.53,2.52,0.79,699350,344240.0,,,
600817,881284,环保设备,9.2,9.18,0.33,25809,14280.0,,,
600818,881128,汽车服务及其他,5.92,5.9,-0.84,30123,14630.0,,,
600819,881115,建筑材料,5.26,5.28,0.57,149772,66813.0,,,
600820,881116,建筑装饰,5.62,5.63,1.25,261034,132994.0,,,
600821,881145,电力,6.41,6.37,-4.68,795702,311119.0,,,
600822,881128,汽车服务及其他,8.12,8.06,0.99,30339,14225.0,,,
600824,881158,零售,3.51,3.51,0.85,96547,50037.0,,,
600825,881164,文化传媒,4.84,4.82,-0.41,105782,47449.0,,,
600826,881179,其他社会服务,7.74,7.77,0.39,72796,36165.0,,,
600827,881158,零售,7.81,7.79,3.07,241689,145643.0,,,
600828,881158,零售,3.77,3.7,0.53,381911,181391.0,,,
600829,881143,医药商业,9.05,9.05,2.87,304973,139778.0,,,
600830,881283,多元金融,7.99,7.95,-0.75,39572,18113.0,,,
600831,881164,文化传媒,3.01,3.02,0.0,134860,70661.0,,,
600833,881143,医药商业,9.58,9.55,-0.63,43459,23433.0,,,
600834,881149,公路铁路运输,7.11,7.38,1.69,61219,31648.0,,,
600835,881118,专用设备,18.49,18.29,1.84,81873,47902.0,,,
600838,881158,零售,7.11,7.07,-0.28,111719,52020.0,,,
600839,881132,黑色家电,6.79,6.73,-1.33,641080,272231.0,,,
600841,881126,汽车零部件,5.61,5.58,2.5,369518,185821.0,,,
600843,881118,专用设备,6.82,6.81,-1.76,97481,45179.0,,,
600844,881108,化学原料,3.45,3.45,-3.77,1303360,572890.0,,,
600845,881271,IT服务,17.68,17.67,-0.79,192335,94640.0,,,
600846,881116,建筑装饰,11.78,11.72,-2.46,70960,30801.0,,,
600847,881281,电池,11.4,11.43,-3.6,41421,18622.0,,,
600848,881153,房地产,8.44,8.44,3.32,142946,84475.0,,,
600850,881271,IT服务,15.45,15.3,0.39,234892,121573.0,,,
600851,881140,化学制药,7.77,7.65,-1.54,104478,48015.0,,,
600853,881116,建筑装饰,3.17,3.16,0.0,103546,47141.0,,,
600854,881131,白色家电,4.27,4.24,-0.7,56305,24941.0,,,
600855,881276,军工电子,12.22,12.14,-2.05,77660,32558.0,,,
600857,881158,零售,15.49,15.48,-5.16,81028,33108.0,,,
600858,881158,零售,4.7,4.67,0.0,82516,37991.0,,,
600859,881158,零售,10.17,10.15,2.46,265475,157390.0,,,
600860,881117,通用设备,7.95,7.88,-0.25,65826,29307.0,,,
600861,881179,其他社会服务,13.56,13.61,3.17,60111,37823.0,,,
600862,881166,军工装备,18.6,18.51,1.61,185818,103482.0,,,
600863,881145,电力,4.84,4.78,3.93,2211260,1164613.0,,,
600864,881157,证券,5.43,5.41,0.92,314143,180680.0,,,
600865,881158,零售,8.54,8.45,-0.12,223294,113605.0,,,
600866,881109,化学制品,4.62,4.61,-0.87,197200,84883.0,,,
600867,881142,生物制品,8.43,8.4,-1.07,263387,129348.0,,,
600868,881145,电力,2.68,2.67,1.87,1007240,524702.0,,,
600869,881278,电网设备,13.92,13.95,-7.9,1005949,475614.0,,,
600871,881107,油气开采及服务,2.2,2.22,0.91,1747296,790365.0,,,
600872,881134,食品加工制造,19.7,19.64,0.91,255537,147947.0,,,
600873,881109,化学制品,8.22,8.16,-1.58,354485,144962.0,,,
600874,881181,环境治理,5.56,5.56,0.54,75311,41864.0,,,
600875,881282,其他电源设备,25.49,25.18,-2.28,423666,175044.0,,,
600876,881279,光伏设备,6.73,6.69,0.3,51282,27420.0,,,
600877,881121,半导体,12.25,12.1,-2.45,168261,74479.0,,,
600879,881166,军工装备,14.71,14.55,-4.62,767516,297926.0,,,
600880,881272,软件开发,3.8,3.78,-1.05,235625,109059.0,,,
600881,881165,综合,1.89,1.88,-8.99,2047468,654012.0,,,
600882,881133,饮料制造,22.78,22.51,-0.57,258825,128040.0,,,
600883,881101,种植业与林业,6.8,6.79,0.44,39241,20234.0,,,
600884,881281,电池,13.07,12.9,-2.22,633111,248156.0,,,
600885,881278,电网设备,33.98,33.71,1.5,269451,151596.0,,,
600886,881145,电力,15.21,15.22,1.45,391625,240404.0,,,
600887,881133,饮料制造,27.31,27.19,1.39,978856,590556.0,,,
600888,881168,工业金属,9.13,9.03,-2.52,653207,281692.0,,,
600889,881117,通用设备,13.31,13.12,-3.16,23184,7574.0,,,
600892,881275,游戏,3.29,3.29,-2.74,127989,58652.0,,,
600893,881166,军工装备,35.76,35.47,-1.76,269602,118284.0,,,
600894,881118,专用设备,7.8,7.8,0.9,54437,28751.0,,,
600895,881153,房地产,31.35,30.09,3.6,853255,435603.0,,,
600897,881151,机场航运,14.74,14.73,0.54,15177,8316.0,,,
600900,881145,电力,28.93,28.85,1.94,1930634,1081715.0,,,
600901,881283,多元金融,6.51,6.52,0.61,397666,206099.0,,,
600903,881146,燃气,6.08,6.08,-0.33,287311,128849.0,,,
600905,881145,电力,3.86,3.85,1.04,1122816,643084.0,,,
600906,881157,证券,6.43,6.38,0.62,409038,215838.0,,,
600908,881155,银行,5.53,5.54,2.35,328249,187944.0,,,
600909,881157,证券,7.72,7.63,-1.81,1752339,726497.0,,,
600916,881136,服装家纺,7.57,7.59,0.53,314620,157477.0,,,
600917,881146,燃气,4.83,4.81,0.41,45925,21463.0,,,
600918,881157,证券,5.59,5.57,1.07,393276,208088.0,,,
600919,881155,银行,11.62,11.6,1.72,1000154,641932.0,,,
600925,881105,煤炭开采加工,4.35,4.37,-0.23,76447,40554.0,,,
600926,881155,银行,16.2,16.13,1.85,457750,285320.0,,,
600927,881283,多元金融,13.0,12.91,1.31,70465,37017.0,,,
600928,881155,银行,3.61,3.62,1.94,276061,173598.0,,,
600929,881108,化学原料,5.38,5.39,1.12,220909,118116.0,,,
600930,,,4.23,4.22,-0.24,1446600,568081.0,,,
600933,881126,汽车零部件,13.37,13.36,0.3,113571,56366.0,,,
600935,881108,化学原料,2.27,2.26,0.0,123834,65503.0,,,
600936,881271,IT服务,5.16,5.13,3.88,940964,519267.0,,,
600938,881107,油气开采及服务,31.48,32.08,3.4,618877,314592.0,,,
600939,881116,建筑装饰,2.59,2.59,-0.39,108586,54625.0,,,
600941,881162,通信服务,97.3,97.1,1.44,208101,132314.0,,,
600955,881108,化学原料,12.47,12.48,-0.56,37860,19132.0,,,
600956,881145,电力,7.36,7.37,0.95,79995,43319.0,,,
600958,881157,证券,9.23,9.15,-0.33,863213,437363.0,,,
600959,881164,文化传媒,3.06,3.05,0.33,309433,161390.0,,,
600960,881126,汽车零部件,3.9,3.86,-1.28,104028,44761.0,,,
600961,881169,贵金属,22.66,22.79,-3.71,427133,176350.0,,,
600962,881133,饮料制造,23.98,23.97,-4.21,75296,25461.0,,,
600963,881137,造纸,3.28,3.28,2.44,399923,227054.0,,,
600965,881102,养殖业,2.58,2.59,0.0,45971,19216.0,,,
600966,881137,造纸,4.71,4.69,3.18,222948,118796.0,,,
600967,881166,军工装备,11.48,11.4,1.05,421418,218115.0,,,
600968,881107,油气开采及服务,3.87,3.92,0.26,637471,337915.0,,,
600969,881145,电力,8.23,8.19,-1.94,81124,31690.0,,,
600970,881116,建筑装饰,7.92,7.91,1.39,191002,109652.0,,,
600971,881105,煤炭开采加工,7.83,7.84,0.89,157972,89495.0,,,
600973,881278,电网设备,5.85,5.83,-1.37,165310,65831.0,,,
600975,881102,养殖业,4.85,4.82,0.21,109743,51751.0,,,
600976,881141,中药,27.82,27.82,1.47,30211,14932.0,,,
600977,881274,影视院线,12.44,12.3,0.32,521311,265259.0,,,
600979,881145,电力,3.94,3.92,-1.27,265961,104804.0,,,
600980,881118,专用设备,17.8,17.73,-0.73,35501,18300.0,,,
600981,881159,贸易,2.29,2.29,0.0,210573,94245.0,,,
600982,881145,电力,5.04,4.99,-0.99,321536,133336.0,,,
600983,881131,白色家电,7.82,7.81,2.81,48358,30011.0,,,
600984,881268,工程机械,3.97,3.96,1.01,341603,181179.0,,,
600985,881105,煤炭开采加工,15.34,15.33,0.39,203240,103147.0,,,
600986,881164,文化传媒,7.08,7.0,0.42,1101554,544550.0,,,
600987,881135,纺织制造,6.67,6.64,0.45,56298,33514.0,,,
600988,881169,贵金属,37.86,38.96,-1.82,777590,392846.0,,,
600989,881108,化学原料,23.26,23.62,2.67,805625,420918.0,,,
600990,881276,军工电子,17.22,17.1,-1.05,36899,16429.0,,,
600992,881117,通用设备,9.34,9.27,-4.28,124416,51191.0,,,
600993,881141,中药,24.38,24.39,2.42,73909,43575.0,,,
600995,881145,电力,12.83,12.83,0.31,143183,69317.0,,,
600996,881164,文化传媒,6.68,6.66,-0.75,176842,86432.0,,,
600997,881105,煤炭开采加工,5.37,5.39,0.37,99335,60433.0,,,
600998,881143,医药商业,5.12,5.1,0.59,374470,196396.0,,,
600999,881157,证券,17.68,17.48,-0.68,784080,386823.0,,,
601000,881148,港口航运,4.77,4.81,2.94,639586,367320.0,,,
601001,881105,煤炭开采加工,16.37,16.37,-1.89,192933,90460.0,,,
601002,881117,通用设备,4.89,4.84,-2.66,174642,63811.0,,,
601003,881112,钢铁,3.81,3.98,9.97,378801,172481.0,,,
601005,881112,钢铁,1.21,1.2,0.83,1009992,540893.0,,,
601006,881149,公路铁路运输,4.93,4.94,2.23,1529218,1051160.0,,,
601007,881160,旅游及酒店,6.59,6.66,0.46,128766,69318.0,,,
601008,881148,港口航运,4.38,4.38,0.0,77824,37636.0,,,
601009,881155,银行,11.46,11.5,2.79,658772,441906.0,,,
601010,881158,零售,1.49,1.49,-1.34,266168,99410.0,,,
601011,881105,煤炭开采加工,2.57,2.56,-1.56,279671,111842.0,,,
601012,881279,光伏设备,12.81,12.7,1.64,1534032,850158.0,,,
601015,881105,煤炭开采加工,3.23,3.24,-0.31,416677,181386.0,,,
601016,881145,电力,3.58,3.55,-2.23,1357692,514009.0,,,
601018,881148,港口航运,3.44,3.43,1.16,628726,371572.0,,,
601019,881164,文化传媒,7.44,7.4,2.15,118288,74031.0,,,
601020,881168,工业金属,18.71,19.1,0.91,267564,130250.0,,,
601021,881151,机场航运,46.09,45.98,2.63,93148,56093.0,,,
601022,881148,港口航运,8.18,8.15,1.22,69795,41828.0,,,
601026,,,15.13,15.0,0.2,49031,25907.0,,,
601033,881181,环境治理,14.52,14.51,1.24,49857,29291.0,,,
601038,881118,专用设备,14.3,14.21,-1.05,112278,53475.0,,,
601058,881126,汽车零部件,13.85,13.85,3.47,573519,317099.0,,,
601059,881157,证券,16.44,16.4,0.55,94566,49451.0,,,
601061,881159,贸易,11.69,11.66,-1.37,227702,109173.0,,,
601065,881108,化学原料,6.83,6.84,1.46,65525,39364.0,,,
601066,881157,证券,25.87,25.74,-0.12,218672,103489.0,,,
601068,881116,建筑装饰,4.49,4.49,0.89,140909,75091.0,,,
601069,881169,贵金属,24.06,24.6,1.45,413615,213442.0,,,
601077,881155,银行,6.58,6.59,3.8,902578,490532.0,,,
601083,881148,港口航运,11.31,11.23,0.71,109351,68469.0,,,
601086,881158,零售,7.73,7.57,3.62,503133,243350.0,,,
601088,881105,煤炭开采加工,45.03,45.0,1.49,366594,204281.0,,,
601089,881140,化学制药,17.08,17.09,-0.12,27627,13852.0,,,
601096,881278,电网设备,4.34,4.34,-0.46,284270,132314.0,,,
601098,881164,文化传媒,10.42,10.49,2.02,124931,73614.0,,,
601099,881157,证券,3.44,3.44,0.29,1086524,548147.0,,,
601100,881268,工程机械,102.93,101.0,0.07,76860,42675.0,,,
601101,881105,煤炭开采加工,11.33,11.32,-0.88,217241,109851.0,,,
601106,881118,专用设备,3.04,3.04,0.66,731854,355324.0,,,
601107,881149,公路铁路运输,5.75,5.74,4.7,234847,159441.0,,,
601108,881157,证券,8.2,8.15,0.12,429844,208449.0,,,
601111,881151,机场航运,6.12,6.08,0.82,904577,497988.0,,,
601112,,,14.9,14.7,0.87,66504,37003.0,,,
601113,881264,化学纤维,3.38,3.37,0.0,75704,35234.0,,,
601116,881158,零售,10.08,9.98,-0.3,203739,103397.0,,,
601117,881116,建筑装饰,7.75,7.7,0.65,734159,367567.0,,,
601118,881101,种植业与林业,4.85,4.85,0.62,512245,259417.0,,,
601121,881112,钢铁,6.78,6.78,-1.03,144801,66518.0,,,
601126,881278,电网设备,40.5,40.0,-9.19,316841,148607.0,,,
601127,881125,汽车整车,58.0,57.95,5.95,620986,318371.0,,,
601128,881155,银行,6.33,6.32,1.9,656287,403457.0,,,
601133,881116,建筑装饰,26.16,25.85,-10.02,140521,70815.0,,,
601136,881157,证券,14.38,14.3,1.67,157642,95899.0,,,
601137,881114,金属新材料,16.81,16.78,0.71,163310,72483.0,,,
601138,881124,消费电子,57.75,57.0,-6.84,1525984,683837.0,,,
601139,881146,燃气,6.48,6.5,0.93,245757,137061.0,,,
601155,881153,房地产,11.5,11.39,-1.48,177767,90769.0,,,
601156,881152,物流,17.02,17.01,-0.18,105954,50859.0,,,
601158,881181,环境治理,4.21,4.2,0.95,77617,46948.0,,,
601162,881157,证券,3.7,3.68,-0.27,1660473,716781.0,,,
601163,881126,汽车零部件,13.03,13.0,2.23,50227,35240.0,,,
601166,881155,银行,18.59,18.58,2.74,1576306,1032902.0,,,
601168,881168,工业金属,36.91,37.55,-0.7,709829,349443.0,,,
601169,881155,银行,5.12,5.12,1.76,2314174,1650824.0,,,
601177,881117,通用设备,12.65,12.52,-1.5,50621,24086.0,,,
601179,881278,电网设备,13.67,13.41,-4.02,1688888,619295.0,,,
601186,881116,建筑装饰,6.33,6.32,0.79,521946,294306.0,,,
601187,881155,银行,7.58,7.54,1.45,183557,111261.0,,,
601188,881149,公路铁路运输,2.86,2.85,-0.35,145111,66368.0,,,
601198,881157,证券,13.73,13.7,-0.51,309201,144472.0,,,
601199,881181,环境治理,5.53,5.5,-0.18,103956,43342.0,,,
601200,881181,环境治理,6.98,7.0,1.72,110608,69964.0,,,
601208,881265,塑料制品,36.6,36.5,-9.13,772258,376137.0,,,
601211,881157,证券,18.93,18.83,0.53,885014,494101.0,,,
601212,881168,工业金属,4.9,4.94,-1.84,1291693,585914.0,,,
601216,881108,化学原料,4.74,4.6,0.21,865775,439574.0,,,
601218,881280,风电设备,4.57,4.5,1.53,762931,405466.0,,,
601222,881278,电网设备,5.69,5.69,0.7,197016,113408.0,,,
601225,881105,煤炭开采加工,24.64,24.7,0.41,262582,140836.0,,,
601226,881116,建筑装饰,5.99,5.97,-0.67,136070,61110.0,,,
601228,881148,港口航运,3.08,3.07,0.65,275588,153520.0,,,
601229,881155,银行,9.38,9.43,2.24,829041,479164.0,,,
601231,881124,消费电子,23.57,23.26,-8.82,388732,166891.0,,,
601233,881264,化学纤维,22.29,22.24,-1.08,331692,169006.0,,,
601236,881157,证券,7.02,7.0,1.14,209216,125431.0,,,
601238,881125,汽车整车,5.37,5.36,2.61,397033,243140.0,,,
601279,881126,汽车零部件,3.1,3.1,0.65,114960,59729.0,,,
601288,881155,银行,6.93,6.91,2.6,5518245,3323132.0,,,
601298,881148,港口航运,8.97,8.95,0.78,120455,63748.0,,,
601311,881281,电池,7.98,7.95,1.5,170458,101559.0,,,
601318,881156,保险,54.3,54.06,2.76,1058458,667199.0,,,
601319,881156,保险,7.42,7.4,1.89,961769,605296.0,,,
601326,881148,港口航运,3.5,3.49,0.57,221791,125975.0,,,
601328,881155,银行,7.09,7.08,3.24,3418897,2351031.0,,,
601330,881181,环境治理,7.19,7.17,0.7,107371,47992.0,,,
601333,881149,公路铁路运输,3.05,3.06,1.97,888349,551726.0,,,
601336,881156,保险,62.98,62.5,-0.43,222932,95224.0,,,
601339,881135,纺织制造,8.04,7.96,1.37,120402,67567.0,,,
601360,881272,软件开发,8.79,8.7,0.23,1008136,513040.0,,,
601366,881158,零售,3.51,3.49,-1.14,82748,38410.0,,,
601368,881181,环境治理,4.42,4.43,0.45,43029,22934.0,,,
601369,881118,专用设备,9.45,9.35,-0.11,168248,90005.0,,,
601375,881157,证券,4.15,4.13,0.24,528247,281343.0,,,
601377,881157,证券,6.09,6.05,0.33,903342,481774.0,,,
601388,881168,工业金属,3.09,3.1,-0.65,435623,170946.0,,,
601390,881116,建筑装饰,4.6,4.58,1.96,1395070,879856.0,,,
601398,881155,银行,7.95,7.94,2.52,5723605,3462837.0,,,
601399,881118,专用设备,3.31,3.29,0.0,813939,385318.0,,,
601456,881157,证券,8.95,8.94,0.22,191756,100364.0,,,
601500,881126,汽车零部件,3.95,3.95,1.52,156260,87204.0,,,
601512,881153,房地产,7.73,7.68,3.49,55062,30296.0,,,
601515,881138,包装印刷,3.29,3.28,-1.52,175318,86948.0,,,
601518,881149,公路铁路运输,2.78,2.77,0.72,170825,89280.0,,,
601519,881272,软件开发,8.08,7.99,0.99,340523,183683.0,,,
601528,881155,银行,4.9,4.9,3.06,411400,276026.0,,,
601555,881157,证券,8.07,8.05,0.99,483416,271488.0,,,
601566,881136,服装家纺,8.38,8.38,-0.95,89930,50319.0,,,
601567,881278,电网设备,16.12,15.95,5.46,394694,228409.0,,,
601568,881108,化学原料,3.66,3.67,1.09,206635,125615.0,,,
601577,881155,银行,9.44,9.44,2.44,279245,165013.0,,,
601579,881133,饮料制造,15.04,14.86,1.53,142980,73174.0,,,
601588,881179,其他社会服务,1.69,1.68,-1.18,339424,146441.0,,,
601595,881274,影视院线,16.9,16.81,0.47,75294,39502.0,,,
601598,881152,物流,6.4,6.41,3.28,269922,164931.0,,,
601599,881135,纺织制造,2.98,2.97,-0.34,201961,101860.0,,,
601600,881168,工业金属,9.52,9.55,0.32,2522519,1271329.0,,,
601601,881156,保险,31.93,31.82,2.72,675266,373941.0,,,
601606,881166,军工装备,33.33,32.62,6.96,827303,425582.0,,,
601607,881143,医药商业,16.6,16.56,0.96,116289,70110.0,,,
601608,881118,专用设备,4.61,4.56,-0.43,454247,210481.0,,,
601609,881168,工业金属,10.07,9.95,-3.18,303048,119600.0,,,
601611,881116,建筑装饰,10.52,10.46,-0.29,320091,137186.0,,,
601615,881280,风电设备,11.27,11.18,-0.98,403328,186777.0,,,
601616,881278,电网设备,3.45,3.61,10.14,541995,186674.0,,,
601618,881116,建筑装饰,2.7,2.69,0.37,835761,424858.0,,,
601619,881145,电力,4.66,4.66,-1.29,528249,238250.0,,,
601628,881156,保险,39.38,39.05,0.91,389986,192330.0,,,
601633,881125,汽车整车,16.62,16.6,2.41,225014,130730.0,,,
601636,881115,建筑材料,5.58,5.52,-2.87,812276,330968.0,,,
601658,881155,银行,5.12,5.12,1.95,2018184,1366132.0,,,
601665,881155,银行,6.27,6.27,1.44,706991,396743.0,,,
601666,881105,煤炭开采加工,8.14,8.12,-2.21,416652,206190.0,,,
601668,881116,建筑装饰,4.64,4.64,1.72,3378849,1956938.0,,,
601669,881116,建筑装饰,4.82,4.8,0.41,1245571,610475.0,,,
601677,881168,工业金属,16.46,16.6,0.61,281189,156987.0,,,
601678,881108,化学原料,6.57,6.61,-4.26,2213088,939286.0,,,
601686,881112,钢铁,5.14,5.14,1.17,83771,53268.0,,,
601688,881157,证券,20.16,19.97,-2.28,1259567,441169.0,,,
601689,881126,汽车零部件,45.58,45.08,-3.25,251334,105032.0,,,
601696,881157,证券,11.7,11.57,-0.26,408760,172834.0,,,
601698,881166,军工装备,25.17,25.01,-2.5,186193,74109.0,,,
601699,881105,煤炭开采加工,15.45,15.39,-1.88,317435,143032.0,,,
601700,881278,电网设备,4.86,4.81,-1.23,235087,98533.0,,,
601702,881168,工业金属,15.3,15.35,4.25,222845,111691.0,,,
601717,881118,专用设备,15.91,15.88,2.58,255326,140944.0,,,
601718,881136,服装家纺,1.76,1.8,0.57,396620,174393.0,,,
601727,881282,其他电源设备,6.97,6.88,-1.15,1166811,505945.0,,,
601728,881162,通信服务,6.24,6.21,4.01,2314071,1554519.0,,,
601766,881269,轨交设备,6.17,6.17,2.59,2907968,1871036.0,,,
601777,881125,汽车整车,8.04,8.01,6.34,713198,395655.0,,,
601778,881145,电力,3.61,3.59,-1.94,1342276,531327.0,,,
601788,881157,证券,14.68,14.62,0.34,213947,113054.0,,,
601789,881116,建筑装饰,4.37,4.35,-2.06,461663,167336.0,,,
601798,881118,专用设备,7.47,7.41,-1.2,73947,31655.0,,,
601799,881126,汽车零部件,94.28,94.33,0.82,33713,17741.0,,,
601800,881116,建筑装饰,6.23,6.23,1.77,500016,289623.0,,,
601801,881164,文化传媒,5.53,5.54,2.89,187633,119682.0,,,
601808,881107,油气开采及服务,12.32,12.51,3.0,327238,202680.0,,,
601811,881164,文化传媒,12.33,12.31,1.95,25174,15961.0,,,
601816,881149,公路铁路运输,5.12,5.11,1.76,2134373,1324277.0,,,
601818,881155,银行,3.11,3.13,2.57,3560396,2389613.0,,,
601825,881155,银行,8.34,8.36,4.56,434384,293238.0,,,
601827,881181,环境治理,8.09,8.1,2.35,105381,64299.0,,,
601828,881158,零售,2.21,2.21,-0.9,398849,178947.0,,,
601838,881155,银行,18.48,18.47,1.24,206274,120246.0,,,
601857,881180,石油加工贸易,10.89,10.94,3.49,2052531,1286374.0,,,
601858,881164,文化传媒,19.2,19.2,-1.3,262331,125976.0,,,
601860,881155,银行,2.61,2.61,2.3,690487,411943.0,,,
601865,881279,光伏设备,9.85,9.81,1.42,230179,125245.0,,,
601866,881148,港口航运,2.44,2.44,1.23,740398,399776.0,,,
601868,881116,建筑装饰,2.56,2.55,0.39,3118323,1669439.0,,,
601869,881129,通信设备,281.7,281.7,-6.76,144142,73540.0,,,
601872,881148,港口航运,16.29,16.23,1.1,1054546,533636.0,,,
601877,881278,电网设备,24.84,24.7,1.17,210063,117192.0,,,
601878,881157,证券,9.44,9.43,0.74,260664,149260.0,,,
601880,881148,港口航运,1.49,1.49,1.34,1189031,648947.0,,,
601881,881157,证券,12.58,12.5,-0.08,304530,150281.0,,,
601882,881117,通用设备,19.23,19.13,-0.94,49823,24224.0,,,
601886,881116,建筑装饰,8.65,8.57,-0.23,44452,18265.0,,,
601888,881158,零售,57.38,56.99,1.22,599565,299379.0,,,
601890,881166,军工装备,8.54,8.52,-0.23,170169,87810.0,,,
601898,881105,煤炭开采加工,13.85,13.93,1.3,489485,254283.0,,,
601899,881169,贵金属,32.15,32.63,1.71,2842980,1497361.0,,,
601900,881164,文化传媒,11.7,11.64,2.05,84411,57365.0,,,
601901,881157,证券,7.08,7.04,0.42,572641,295842.0,,,
601908,881145,电力,3.09,3.07,-0.97,343339,163211.0,,,
601916,881155,银行,2.95,2.96,2.37,2221458,1563434.0,,,
601918,881105,煤炭开采加工,9.83,9.83,-0.41,342743,175881.0,,,
601919,881148,港口航运,15.55,15.5,0.96,809814,483593.0,,,
601921,881164,文化传媒,7.17,7.15,1.53,68854,39378.0,,,
601928,881164,文化传媒,9.75,9.73,0.72,109591,66255.0,,,
601929,881164,文化传媒,2.3,2.28,-1.74,977647,432228.0,,,
601933,881158,零售,3.17,3.13,1.89,3597534,1974522.0,,,
601939,881155,银行,10.63,10.61,3.2,1869809,1090110.0,,,
601949,881164,文化传媒,5.27,5.24,1.71,184766,107526.0,,,
601952,881101,种植业与林业,8.1,8.09,0.99,111985,56434.0,,,
601956,881131,白色家电,4.67,4.65,0.21,74536,35840.0,,,
601958,881170,小金属,21.12,21.04,-2.94,389957,150217.0,,,
601963,881155,银行,11.3,11.2,2.3,160100,94756.0,,,
601965,881179,其他社会服务,14.67,14.67,0.89,106994,57601.0,,,
601966,881126,汽车零部件,11.27,11.24,2.4,148045,91536.0,,,
601968,881138,包装印刷,4.45,4.43,0.9,107555,55058.0,,,
601969,881112,钢铁,8.86,8.95,1.92,264605,137933.0,,,
601975,881148,港口航运,3.6,3.6,0.56,2053189,1074305.0,,,
601985,881145,电力,8.96,8.96,1.23,1178433,687565.0,,,
601988,881155,银行,6.01,5.99,2.16,3479211,2299276.0,,,
601990,881157,证券,6.84,6.8,0.88,234783,132871.0,,,
601991,881145,电力,6.17,6.1,-5.67,4517125,1544060.0,,,
601992,881115,建筑材料,1.41,1.41,0.71,530546,249597.0,,,
601995,881157,证券,35.12,34.96,0.23,175037,79086.0,,,
601996,881101,种植业与林业,2.23,2.23,-1.35,256889,109497.0,,,
601997,881155,银行,5.66,5.66,1.94,663317,438975.0,,,
601998,881155,银行,7.75,7.74,2.32,665345,390082.0,,,
601999,881164,文化传媒,5.82,5.78,0.34,55658,30392.0,,,
603000,881164,文化传媒,15.89,15.77,0.38,179211,93812.0,,,
603001,881136,服装家纺,6.45,6.39,-2.17,164474,79305.0,,,
603002,881172,电子化学品,12.53,12.5,-7.9,596441,282996.0,,,
603004,881109,化学制品,17.84,17.68,-3.25,38669,15821.0,,,
603005,881121,半导体,29.63,28.99,-6.14,448634,190564.0,,,
603006,881152,物流,10.36,10.32,-3.09,33187,13938.0,,,
603007,881126,汽车零部件,4.53,4.49,-5.08,262926,107567.0,,,
603008,881139,家居用品,7.84,7.83,-1.79,53025,21293.0,,,
603009,881126,汽车零部件,37.29,36.85,-4.69,71600,34584.0,,,
603010,881109,化学制品,9.97,9.84,-3.41,105845,35321.0,,,
603011,881118,专用设备,17.71,17.55,-6.83,406428,160997.0,,,
603012,881118,专用设备,7.98,7.9,-1.25,123011,44967.0,,,
603013,881126,汽车零部件,16.9,16.9,1.48,37443,20480.0,,,
603014,,,32.38,32.12,-1.64,14080,6940.0,,,
603015,881171,自动化设备,9.8,9.78,-1.43,48144,23656.0,,,
603016,881278,电网设备,27.33,27.24,-1.94,23305,8521.0,,,
603017,881116,建筑装饰,8.87,8.78,-1.58,54865,23214.0,,,
603018,881116,建筑装饰,5.23,5.22,0.76,72745,41235.0,,,
603019,881130,计算机设备,86.64,85.49,-6.51,670667,295992.0,,,
603020,881109,化学制品,9.35,9.36,-3.21,76395,24267.0,,,
603021,881139,家居用品,6.85,6.81,-3.07,36599,12489.0,,,
603022,881138,包装印刷,7.85,7.84,0.51,40817,19024.0,,,
603023,881126,汽车零部件,3.61,3.64,-3.05,136553,66399.0,,,
603025,881171,自动化设备,13.28,13.36,0.38,89408,46429.0,,,
603026,881281,电池,66.43,65.59,-2.5,109859,48259.0,,,
603027,881134,食品加工制造,7.79,7.78,2.05,347310,202120.0,,,
603028,881117,通用设备,6.25,6.25,-1.28,36336,19080.0,,,
603029,881118,专用设备,13.99,13.99,0.71,24074,12543.0,,,
603030,881116,建筑装饰,1.9,1.91,-2.11,434083,181638.0,,,
603031,881281,电池,36.11,35.88,-5.68,199542,74639.0,,,
603032,881281,电池,17.14,16.98,-3.85,72304,25096.0,,,
603033,881266,橡胶制品,7.71,7.75,-4.54,116309,56768.0,,,
603035,881126,汽车零部件,10.93,10.85,1.46,43292,25275.0,,,
603036,881118,专用设备,11.93,11.84,-4.19,42975,15719.0,,,
603037,881126,汽车零部件,9.81,9.68,-1.02,54317,27100.0,,,
603038,881115,建筑材料,12.07,11.93,-4.97,56200,19329.0,,,
603039,881272,软件开发,30.93,30.7,9.99,231363,128794.0,,,
603040,881126,汽车零部件,52.2,52.2,-3.16,22053,8149.0,,,
603041,881109,化学制品,9.94,9.96,-0.5,22052,10348.0,,,
603042,881129,通信设备,11.46,11.3,-4.62,96265,35007.0,,,
603043,881134,食品加工制造,13.93,13.93,1.87,69452,37401.0,,,
603045,881278,电网设备,48.61,48.63,-6.25,66604,28887.0,,,
603048,881126,汽车零部件,17.87,17.9,-3.86,19742,8912.0,,,
603049,,,49.49,49.3,1.39,33842,19513.0,,,
603050,881278,电网设备,18.22,18.26,-0.38,26578,12526.0,,,
603051,881109,化学制品,18.0,17.83,-2.06,68637,26112.0,,,
603052,881124,消费电子,47.92,47.92,-7.55,39711,18013.0,,,
603053,881146,燃气,8.78,8.8,1.25,27700,15796.0,,,
603055,881135,纺织制造,8.54,8.53,1.99,56351,33505.0,,,
603057,881134,食品加工制造,22.45,23.3,-0.18,55511,26765.0,,,
603058,881138,包装印刷,9.55,9.43,-9.84,156390,66475.0,,,
603059,881182,美容护理,24.28,24.75,-2.14,23387,13354.0,,,
603060,881179,其他社会服务,5.34,5.3,0.56,60461,25681.0,,,
603061,881121,半导体,270.09,265.84,-9.67,43836,20671.0,,,
603062,881109,化学制品,35.7,35.48,0.9,4371,2120.0,,,
603063,881280,风电设备,28.96,28.93,-6.49,250779,101990.0,,,
603065,881109,化学制品,14.45,13.01,-9.97,463945,271877.0,,,
603066,881152,物流,8.79,8.8,-1.02,39469,16678.0,,,
603067,881108,化学原料,31.46,30.01,-10.01,342644,150850.0,,,
603068,881121,半导体,39.72,38.95,-9.99,182948,82552.0,,,
603069,881149,公路铁路运输,12.74,12.65,0.08,35778,17994.0,,,
603070,881278,电网设备,11.07,11.13,-0.63,22444,9668.0,,,
603071,881145,电力,11.95,12.02,0.59,21881,11360.0,,,
603072,,,31.69,31.53,0.06,18106,9138.0,,,
603073,881135,纺织制造,14.69,14.74,0.48,14385,6987.0,,,
603075,881131,白色家电,18.34,18.57,-1.69,24729,10465.0,,,
603076,881118,专用设备,19.55,19.41,1.28,34983,15340.0,,,
603077,881263,农化制品,2.36,2.34,-0.42,1468186,627440.0,,,
603078,881172,电子化学品,30.58,30.11,-9.45,227718,100198.0,,,
603079,881109,化学制品,10.74,10.79,1.02,32269,14244.0,,,
603080,881146,燃气,18.15,18.1,-2.04,15348,5725.0,,,
603081,881118,专用设备,8.52,8.51,-1.06,44992,20076.0,,,
603082,881117,通用设备,36.79,36.5,1.3,66762,30820.0,,,
603083,881129,通信设备,144.59,140.7,-10.0,246349,135564.0,,,
603085,881126,汽车零部件,9.28,9.22,-1.62,67690,24582.0,,,
603086,881263,农化制品,5.31,5.26,2.07,117406,67658.0,,,
603087,881142,生物制品,68.11,68.0,-0.31,93444,42776.0,,,
603088,881117,通用设备,9.12,9.09,-1.75,65670,25418.0,,,
603089,881126,汽车零部件,8.27,8.27,0.24,18781,10506.0,,,
603090,881117,通用设备,37.3,37.2,-6.7,30092,13675.0,,,
603091,,,46.72,46.75,0.81,5896,2881.0,,,
603092,,,48.87,48.76,1.49,17471,9540.0,,,
603093,881283,多元金融,17.27,17.21,1.45,94258,48624.0,,,
603095,881118,专用设备,12.22,12.1,-3.27,30502,13846.0,,,
603096,881164,文化传媒,14.08,14.08,0.78,12298,6661.0,,,
603097,881278,电网设备,17.73,17.5,0.11,49962,21910.0,,,
603098,881116,建筑装饰,9.66,9.64,0.0,63815,30121.0,,,
603099,881160,旅游及酒店,37.76,37.6,0.53,90934,44361.0,,,
603100,881117,通用设备,18.2,18.27,0.66,46715,26321.0,,,
603101,881158,零售,7.34,7.28,-2.45,132618,64254.0,,,
603102,881134,食品加工制造,32.69,32.69,0.03,7619,4188.0,,,
603103,881274,影视院线,13.94,13.93,-0.29,62371,30294.0,,,
603105,881145,电力,7.12,7.14,-0.28,85965,40634.0,,,
603106,881130,计算机设备,6.73,6.73,0.89,92536,47732.0,,,
603107,881126,汽车零部件,11.52,11.5,0.69,19442,9652.0,,,
603108,881143,医药商业,9.5,9.46,-0.53,157660,72214.0,,,
603109,881126,汽车零部件,16.55,16.26,-0.36,13758,6665.0,,,
603110,881109,化学制品,21.26,21.49,2.49,179478,78745.0,,,
603111,881269,轨交设备,5.75,5.72,-0.7,47187,21562.0,,,
603112,881131,白色家电,14.04,14.0,-0.85,41972,15356.0,,,
603113,881108,化学原料,4.38,4.36,0.23,87770,43669.0,,,
603115,881172,电子化学品,69.91,68.85,-9.96,115410,56587.0,,,
603116,881136,服装家纺,5.34,5.33,-2.25,57267,21699.0,,,
603117,881152,物流,3.51,3.51,0.28,87573,43348.0,,,
603118,881129,通信设备,16.64,15.81,-9.98,848440,483490.0,,,
603119,881126,汽车零部件,44.36,44.12,-3.97,118226,59745.0,,,
603120,,,42.0,41.8,-3.19,29799,13120.0,,,
603121,881126,汽车零部件,11.24,11.22,-3.29,56048,26396.0,,,
603122,881143,医药商业,10.27,10.19,-2.73,136641,62234.0,,,
603123,881283,多元金融,9.12,8.95,0.33,485184,245341.0,,,
603124,,,110.43,110.57,-9.97,63595,31236.0,,,
603125,881109,化学制品,20.21,19.8,-3.76,44061,15598.0,,,
603126,881181,环境治理,5.86,5.92,-0.51,98972,46564.0,,,
603127,881175,医疗服务,43.94,43.93,-8.85,552894,256984.0,,,
603128,881152,物流,5.25,5.23,2.48,145951,93371.0,,,
603129,881128,汽车服务及其他,303.0,300.0,1.41,21074,11147.0,,,
603130,881135,纺织制造,37.7,37.97,-2.6,11761,4009.0,,,
603131,881117,通用设备,14.25,14.17,-1.82,51738,22099.0,,,
603132,881168,工业金属,15.45,15.68,1.1,47499,25195.0,,,
603135,881118,专用设备,8.78,8.78,-3.53,124373,46099.0,,,
603136,881160,旅游及酒店,8.76,8.76,0.0,40597,19476.0,,,
603137,881116,建筑装饰,23.83,23.48,9.99,316523,88057.0,,,
603138,881272,软件开发,11.98,12.12,-2.75,78016,35932.0,,,
603139,881141,中药,31.46,31.31,-4.42,22504,9352.0,,,
603150,881131,白色家电,47.74,47.98,-5.51,15536,8091.0,,,
603151,881103,农产品加工,11.93,11.93,0.67,31082,13989.0,,,
603153,881116,建筑装饰,13.16,13.22,2.58,29632,18160.0,,,
603155,881109,化学制品,12.63,12.49,-6.65,136474,53698.0,,,
603156,881133,饮料制造,37.35,37.3,0.0,135062,53278.0,,,
603158,881126,汽车零部件,8.86,8.83,-3.61,142971,53288.0,,,
603159,881118,专用设备,18.35,18.14,-5.56,26599,8799.0,,,
603160,881121,半导体,52.59,52.06,-0.68,60611,28547.0,,,
603161,881126,汽车零部件,14.84,15.0,-6.4,69100,26719.0,,,
603162,881148,港口航运,11.04,10.93,-3.8,351175,162006.0,,,
603163,881116,建筑装饰,77.72,81.22,-10.0,36076,18742.0,,,
603165,881137,造纸,12.98,12.92,1.31,41460,23005.0,,,
603166,881126,汽车零部件,10.47,10.41,-1.62,74183,31879.0,,,
603167,881148,港口航运,8.71,8.69,0.46,44315,23232.0,,,
603168,881140,化学制药,5.14,5.11,-1.36,72214,38716.0,,,
603169,881118,专用设备,6.7,6.71,3.13,249510,139976.0,,,
603170,881134,食品加工制造,12.59,12.54,5.88,131703,73107.0,,,
603171,881271,IT服务,37.7,37.2,10.0,89412,42155.0,,,
603172,881109,化学制品,15.65,15.5,-0.89,23068,10495.0,,,
603173,881118,专用设备,31.85,31.74,-1.57,7381,2618.0,,,
603175,,,77.57,77.0,-8.88,38026,20164.0,,,
603176,881116,建筑装饰,4.19,4.19,-1.19,34813,17254.0,,,
603177,881181,环境治理,8.58,8.66,-1.63,36339,17065.0,,,
603178,881126,汽车零部件,16.63,16.62,1.44,259917,125233.0,,,
603179,881126,汽车零部件,37.83,37.74,-5.08,175950,80041.0,,,
603180,881139,家居用品,14.42,14.33,0.69,13964,7430.0,,,
603181,881109,化学制品,12.87,12.89,-0.93,69776,31294.0,,,
603182,881103,农产品加工,11.53,11.53,0.09,17068,8819.0,,,
603183,881179,其他社会服务,4.16,4.12,-3.85,213821,77721.0,,,
603185,881279,光伏设备,13.97,13.87,10.02,182462,90981.0,,,
603186,881270,元件,112.42,112.65,-9.44,143876,65891.0,,,
603187,881117,通用设备,12.28,12.22,2.44,105504,67663.0,,,
603188,881109,化学制品,3.93,3.9,-2.29,129763,60263.0,,,
603189,881272,软件开发,8.68,8.64,-3.46,31910,13787.0,,,
603190,881126,汽车零部件,15.54,15.42,0.13,17821,9132.0,,,
603191,881278,电网设备,13.83,13.6,-1.81,88476,39588.0,,,
603192,881109,化学制品,20.33,20.2,-5.21,36949,14973.0,,,
603193,881182,美容护理,22.07,21.92,1.31,63643,34677.0,,,
603194,,,34.81,34.77,1.61,18439,10919.0,,,
603195,881139,家居用品,41.28,41.12,2.4,88436,54130.0,,,
603196,881136,服装家纺,19.74,19.66,-5.22,23460,9620.0,,,
603197,881126,汽车零部件,28.42,28.45,-0.91,33636,15387.0,,,
603198,881273,白酒,36.65,36.36,4.01,136714,79384.0,,,
603199,881160,旅游及酒店,32.13,32.24,1.62,22120,11576.0,,,
603200,881181,环境治理,36.3,36.11,-0.69,120791,55287.0,,,
603201,881117,通用设备,15.2,15.2,-0.46,74363,32797.0,,,
603202,,,52.94,52.93,3.29,24732,13622.0,,,
603203,881171,自动化设备,38.03,37.99,-8.02,112770,50188.0,,,
603205,,,20.64,20.6,-1.07,8577,3677.0,,,
603206,881162,通信服务,13.27,13.2,-1.88,32188,12862.0,,,
603207,,,21.95,21.95,0.41,14720,7115.0,,,
603208,881139,家居用品,10.5,10.5,-0.57,22332,11553.0,,,
603209,881148,港口航运,13.13,13.2,1.52,52894,27156.0,,,
603210,,,13.4,13.3,0.82,31759,17379.0,,,
603211,881126,汽车零部件,22.46,22.41,-10.02,112106,60739.0,,,
603212,881279,光伏设备,10.62,10.89,0.75,147575,73320.0,,,
603213,881108,化学原料,13.67,13.61,-0.51,24098,11645.0,,,
603214,881158,零售,12.77,12.7,0.23,29055,14674.0,,,
603215,881173,小家电,13.56,13.65,-0.96,11350,5692.0,,,
603216,881139,家居用品,20.04,19.77,-4.14,46267,21327.0,,,
603217,881109,化学制品,19.17,19.1,0.78,22925,11086.0,,,
603218,881280,风电设备,9.9,9.88,2.22,113743,64459.0,,,
603219,881173,小家电,12.67,12.49,-2.84,34398,15538.0,,,
603220,881162,通信服务,18.19,17.98,-4.84,134435,59116.0,,,
603221,881139,家居用品,18.63,20.49,9.98,33120,0.0,,,
603222,881144,医疗器械,7.43,7.35,-5.79,232341,91582.0,,,
603223,881180,石油加工贸易,10.23,10.23,-4.79,158267,53873.0,,,
603225,881264,化学纤维,19.62,19.66,-1.38,124744,63171.0,,,
603226,881139,家居用品,42.95,42.5,0.09,34756,17471.0,,,
603227,881109,化学制品,7.55,7.55,2.25,96033,57151.0,,,
603228,881270,元件,75.32,73.81,-10.0,515984,233954.0,,,
603229,881140,化学制药,7.41,7.4,-1.35,90126,38520.0,,,
603230,881164,文化传媒,8.87,8.87,0.0,23667,11605.0,,,
603231,881103,农产品加工,14.62,14.74,0.68,23932,16296.0,,,
603232,881272,软件开发,14.86,14.72,0.34,137488,63224.0,,,
603233,881143,医药商业,18.98,19.0,0.79,99038,57351.0,,,
603235,881140,化学制药,24.02,23.8,-0.25,2769,1359.0,,,
603236,881129,通信设备,50.46,49.5,-10.01,197706,79345.0,,,
603237,881134,食品加工制造,14.24,14.25,-0.49,13288,6777.0,,,
603238,881135,纺织制造,11.53,11.58,0.09,28782,14738.0,,,
603239,881126,汽车零部件,13.65,13.66,0.66,39002,17751.0,,,
603248,,,18.4,18.22,0.54,47137,24549.0,,,
603255,881109,化学制品,24.91,24.9,4.98,26577,14242.0,,,
603256,881172,电子化学品,139.07,134.11,-10.0,223602,115014.0,,,
603257,,,62.53,62.28,-3.01,10224,3942.0,,,
603258,881275,游戏,12.62,12.88,-0.95,118954,57670.0,,,
603259,881175,医疗服务,126.5,126.6,-0.81,560173,281067.0,,,
603260,881109,化学制品,33.02,32.92,0.82,104028,50642.0,,,
603261,881166,军工装备,44.57,44.46,-7.43,20412,7505.0,,,
603262,,,19.43,19.4,-3.76,19642,6921.0,,,
603266,881126,汽车零部件,15.09,14.99,-1.99,19824,7584.0,,,
603267,881276,军工电子,47.31,47.29,6.68,183999,88010.0,,,
603268,881166,军工装备,148.99,148.0,-1.34,61414,25432.0,,,
603269,881117,通用设备,11.62,11.45,-6.97,246736,96952.0,,,
603270,881117,通用设备,24.05,24.07,-4.99,32228,9824.0,,,
603271,,,43.34,43.2,-5.24,32205,11528.0,,,
603272,881139,家居用品,15.05,14.85,-9.24,46855,14867.0,,,
603273,881268,工程机械,13.22,13.12,0.3,26383,12972.0,,,
603275,881171,自动化设备,34.62,34.62,-1.62,6956,2935.0,,,
603276,881108,化学原料,14.73,14.98,-0.88,21758,8364.0,,,
603277,881117,通用设备,10.59,10.53,2.08,15956,7861.0,,,
603278,881117,通用设备,8.55,8.48,-3.39,120540,53537.0,,,
603279,881117,通用设备,13.52,13.45,0.07,83481,40266.0,,,
603280,881268,工程机械,24.28,24.28,0.12,10275,4880.0,,,
603281,881109,化学制品,19.74,19.43,1.22,39852,19767.0,,,
603282,881284,环保设备,13.68,13.68,-0.44,11771,6340.0,,,
603283,881171,自动化设备,40.5,40.0,-7.93,275401,125585.0,,,
603284,,,40.05,39.9,-2.6,16890,6884.0,,,
603285,,,30.29,30.28,-9.54,56772,26316.0,,,
603286,881126,汽车零部件,36.84,36.59,-6.84,36652,17395.0,,,
603288,881134,食品加工制造,37.64,37.64,2.71,292615,165496.0,,,
603289,881118,专用设备,7.98,7.99,-1.0,28942,11943.0,,,
603290,881121,半导体,82.45,81.49,-4.09,69280,30449.0,,,
603291,881181,环境治理,8.12,8.03,-0.62,28826,13000.0,,,
603293,,,35.36,35.09,1.24,24245,12187.0,,,
603296,881124,消费电子,83.65,82.4,-5.8,330588,149780.0,,,
603297,881122,光学光电子,93.06,88.5,-7.16,24384,9513.0,,,
603298,881268,工程机械,27.98,28.0,0.07,75215,38284.0,,,
603299,881108,化学原料,9.31,9.26,0.43,58957,28367.0,,,
603300,881283,多元金融,4.95,4.9,1.01,685170,342776.0,,,
603301,881144,医疗器械,88.09,88.08,1.33,18244,12847.0,,,
603303,881122,光学光电子,19.27,18.92,-5.4,38703,16770.0,,,
603305,881126,汽车零部件,11.09,11.02,0.45,205253,101436.0,,,
603306,881126,汽车零部件,61.1,61.18,-10.0,162448,79964.0,,,
603307,881136,服装家纺,22.26,22.41,0.4,8418,3877.0,,,
603308,881117,通用设备,43.9,43.37,-5.49,185551,86995.0,,,
603309,881144,医疗器械,11.84,11.8,0.34,43384,18950.0,,,
603310,,,14.48,14.45,0.14,14403,6668.0,,,
603311,881131,白色家电,25.08,25.03,-3.07,55804,23795.0,,,
603312,881278,电网设备,30.65,30.37,0.03,6842,3525.0,,,
603313,881139,家居用品,5.63,5.6,-1.6,239438,122244.0,,,
603315,881181,环境治理,12.19,12.23,-6.23,110910,41480.0,,,
603316,881121,半导体,12.19,12.09,-5.82,128160,60190.0,,,
603317,881134,食品加工制造,14.66,14.56,2.39,225376,114760.0,,,
603318,881146,燃气,8.78,8.78,-5.69,551895,213755.0,,,
603319,881126,汽车零部件,23.18,22.93,-8.84,178850,85202.0,,,
603320,881277,电机,15.94,16.05,-4.58,23322,10460.0,,,
603321,881118,专用设备,5.84,5.83,-0.68,38642,18659.0,,,
603322,881271,IT服务,25.66,25.6,-5.26,48782,17597.0,,,
603323,881155,银行,4.32,4.32,2.08,426131,268973.0,,,
603324,881284,环保设备,25.32,25.18,-8.45,77347,32576.0,,,
603325,881118,专用设备,53.0,53.09,-1.17,3213,1422.0,,,
603326,881139,家居用品,6.15,6.1,-0.33,69683,32773.0,,,
603327,881124,消费电子,8.62,8.44,5.68,800559,310998.0,,,
603328,881270,元件,9.1,9.01,0.77,258058,102012.0,,,
603329,881152,物流,9.48,9.48,1.05,40700,22569.0,,,
603330,881265,塑料制品,6.68,6.59,-0.9,200864,87229.0,,,
603331,881117,通用设备,11.58,11.58,-3.89,57313,23666.0,,,
603332,881264,化学纤维,10.45,10.45,0.0,25688,11779.0,,,
603333,881278,电网设备,8.59,8.46,-4.89,192780,73588.0,,,
603334,,,31.79,31.78,1.29,27611,13192.0,,,
603335,881126,汽车零部件,5.77,5.75,-1.39,151933,63402.0,,,
603336,881101,种植业与林业,8.19,8.15,8.42,345021,190841.0,,,
603337,881118,专用设备,39.72,39.48,-1.33,29951,18747.0,,,
603338,881268,工程机械,60.48,59.86,-0.17,61486,33845.0,,,
603339,881117,通用设备,12.2,12.15,1.23,78973,36725.0,,,
603341,881124,消费电子,37.56,37.36,-7.06,146475,51845.0,,,
603344,881277,电机,21.66,21.54,-1.2,15232,7928.0,,,
603345,881134,食品加工制造,89.26,89.44,1.78,87522,44712.0,,,
603348,881126,汽车零部件,13.42,13.42,9.99,58270,26839.0,,,
603350,,,26.53,26.58,0.26,4616,2379.0,,,
603351,881140,化学制药,23.22,23.28,-1.29,8644,3593.0,,,
603352,,,24.6,24.6,10.0,43978,23485.0,,,
603353,881180,石油加工贸易,28.1,28.36,-3.49,49025,19356.0,,,
603355,881173,小家电,27.3,27.3,-2.2,36798,17671.0,,,
603356,881118,专用设备,14.17,14.11,-3.81,34603,17957.0,,,
603357,881116,建筑装饰,5.89,5.9,0.51,37780,18437.0,,,
603358,881126,汽车零部件,37.43,40.19,-5.4,170333,66752.0,,,
603359,881181,环境治理,2.2,2.18,-3.64,85439,38548.0,,,
603360,881263,农化制品,12.49,12.49,-2.8,103492,46379.0,,,
603363,881103,农产品加工,2.78,2.78,-0.36,246442,111197.0,,,
603365,881136,服装家纺,18.5,18.45,0.76,27282,16527.0,,,
603366,881174,厨卫电器,6.69,6.77,3.59,286344,155048.0,,,
603367,881140,化学制药,14.13,14.08,-1.98,123148,45440.0,,,
603368,881143,医药商业,15.51,15.49,0.84,35483,17841.0,,,
603369,881273,白酒,27.62,27.6,2.39,264644,142961.0,,,
603370,,,32.31,32.39,-1.95,7188,2815.0,,,
603373,881179,其他社会服务,33.6,33.51,-4.73,15918,5001.0,,,
603375,881121,半导体,32.52,32.23,-6.46,22603,9804.0,,,
603376,,,24.05,24.05,10.02,29866,13497.0,,,
603377,881178,教育,2.85,2.81,-1.4,18186,6751.0,,,
603378,881115,建筑材料,5.12,5.2,-2.54,55732,21267.0,,,
603379,881109,化学制品,59.16,59.08,-0.29,94542,38360.0,,,
603380,881124,消费电子,31.5,31.23,-6.95,39496,16159.0,,,
603381,,,14.4,14.34,-0.07,39039,18363.0,,,
603382,,,16.91,16.78,9.99,39518,16696.0,,,
603383,881272,软件开发,29.55,29.75,1.05,90779,47776.0,,,
603385,881139,家居用品,4.98,4.96,-1.0,43289,20543.0,,,
603386,881270,元件,11.38,11.36,-4.48,85663,36708.0,,,
603387,881144,医疗器械,8.74,8.7,-0.34,115105,52684.0,,,
603389,881139,家居用品,44.4,43.39,-9.86,44143,16713.0,,,
603390,881126,汽车零部件,9.57,9.43,-0.73,61957,29165.0,,,
603391,,,50.9,50.6,-1.3,8871,3460.0,,,
603392,881144,医疗器械,29.45,29.35,4.04,70976,39600.0,,,
603393,881107,油气开采及服务,25.97,26.15,1.46,90157,50547.0,,,
603395,,,23.2,23.18,0.09,37191,19947.0,,,
603396,881279,光伏设备,23.3,23.23,0.0,29341,14180.0,,,
603398,881279,光伏设备,8.68,8.56,-5.53,95474,39815.0,,,
603399,881267,能源金属,15.81,15.8,1.01,924002,432864.0,,,
603400,,,47.14,45.18,-3.9,107577,50276.0,,,
603402,,,65.3,65.2,0.77,24033,11720.0,,,
603406,,,26.91,26.8,1.49,12916,7569.0,,,
603407,,,62.81,63.2,-7.39,99704,43301.0,,,
603408,881139,家居用品,10.5,10.48,2.95,50936,30247.0,,,
603409,,,16.84,16.75,-0.77,21281,8778.0,,,
603416,881171,自动化设备,48.02,47.5,-0.19,22037,10364.0,,,
603418,,,43.81,43.85,0.82,10395,5754.0,,,
603421,881129,通信设备,5.51,5.49,-2.9,99280,43121.0,,,
603429,881138,包装印刷,7.78,7.45,-7.2,46209,14757.0,,,
603435,,,46.38,45.84,-3.47,30495,13117.0,,,
603439,881141,中药,10.18,10.13,-2.55,85603,31380.0,,,
603444,881275,游戏,376.43,374.5,1.84,33379,16916.0,,,
603456,881175,医疗服务,14.77,14.71,-2.64,194190,73423.0,,,
603458,881116,建筑装饰,9.12,9.04,-9.54,226907,96658.0,,,
603459,,,94.56,91.55,-10.0,178760,71036.0,,,
603466,881164,文化传媒,9.56,9.4,-2.93,344408,128482.0,,,
603477,881102,养殖业,14.86,14.79,0.27,136031,61584.0,,,
603486,881173,小家电,60.67,60.66,1.5,84343,44015.0,,,
603488,881276,军工电子,7.57,7.58,-2.11,86584,39121.0,,,
603489,881277,电机,25.18,25.0,-0.28,20427,9672.0,,,
603496,881130,计算机设备,25.48,24.88,-9.07,204307,79626.0,,,
603499,881138,包装印刷,11.58,11.34,-5.87,110108,42496.0,,,
603500,881269,轨交设备,8.44,8.39,-2.13,61857,22297.0,,,
603501,881121,半导体,91.69,91.67,-3.48,262063,115410.0,,,
603505,881109,化学制品,16.09,15.98,-0.93,107566,50279.0,,,
603506,881153,房地产,9.51,9.51,1.16,30565,15014.0,,,
603507,881280,风电设备,23.91,24.02,-3.14,93250,41542.0,,,
603508,881130,计算机设备,22.73,22.66,1.19,39992,22386.0,,,
603511,881136,服装家纺,11.76,11.63,0.09,21572,11707.0,,,
603515,881122,光学光电子,16.99,17.03,1.18,10455,5738.0,,,
603516,881130,计算机设备,92.93,92.0,-4.67,60386,27952.0,,,
603517,881134,食品加工制造,10.34,10.32,0.77,70078,31013.0,,,
603518,881136,服装家纺,7.86,7.83,2.04,51691,28059.0,,,
603519,881131,白色家电,14.68,14.8,-0.82,123565,55379.0,,,
603520,881140,化学制药,8.63,8.61,-2.2,74844,27864.0,,,
603527,881168,工业金属,9.2,9.23,-2.61,75214,27992.0,,,
603528,881272,软件开发,6.01,6.01,-0.5,115638,57749.0,,,
603529,881128,汽车服务及其他,21.65,21.58,1.85,72643,40337.0,,,
603530,881278,电网设备,44.97,44.97,-2.54,32311,13686.0,,,
603533,881164,文化传媒,20.59,20.41,-1.7,245315,122295.0,,,
603535,881152,物流,6.2,6.19,2.58,96543,50760.0,,,
603536,881134,食品加工制造,8.54,8.61,1.17,149836,70579.0,,,
603538,881140,化学制药,25.06,25.3,-4.27,526731,253523.0,,,
603551,881174,厨卫电器,9.21,9.2,4.34,50427,25694.0,,,
603556,881278,电网设备,24.54,24.9,9.98,252240,141022.0,,,
603557,881136,服装家纺,3.76,3.68,-1.86,89457,48168.0,,,
603558,881136,服装家纺,12.74,12.8,1.57,46468,23084.0,,,
603559,881162,通信服务,8.68,8.85,0.46,281630,129812.0,,,
603565,881148,港口航运,10.45,10.43,2.58,194130,112891.0,,,
603566,881102,养殖业,10.22,10.23,0.59,27958,13051.0,,,
603567,881141,中药,6.38,6.45,-4.86,958122,430043.0,,,
603568,881181,环境治理,15.45,15.4,-0.32,71505,38484.0,,,
603569,881152,物流,5.76,5.76,0.0,45670,22207.0,,,
603577,881278,电网设备,9.15,9.12,-4.15,49581,18604.0,,,
603578,881131,白色家电,11.49,11.51,-3.39,44888,19529.0,,,
603579,881173,小家电,17.49,17.45,-0.17,22777,10523.0,,,
603580,881265,塑料制品,57.97,55.2,-3.05,172826,81729.0,,,
603583,881171,自动化设备,24.05,23.95,0.79,37895,20043.0,,,
603585,881263,农化制品,9.66,9.76,2.69,60278,29099.0,,,
603586,881126,汽车零部件,12.58,12.61,0.95,17672,8756.0,,,
603587,881136,服装家纺,11.58,11.55,0.78,32166,18081.0,,,
603588,881181,环境治理,12.72,12.65,-2.36,510246,203932.0,,,
603589,881273,白酒,19.68,19.65,5.59,206529,110344.0,,,
603590,881142,生物制品,31.23,31.11,-5.54,31429,11398.0,,,
603595,881124,消费电子,21.46,21.46,-7.32,26003,9039.0,,,
603596,881126,汽车零部件,25.4,25.34,1.89,231075,116371.0,,,
603598,881164,文化传媒,15.75,15.63,-1.46,138951,64828.0,,,
603599,881263,农化制品,10.4,10.35,3.46,176251,97328.0,,,
603600,881139,家居用品,9.51,9.52,1.05,36373,19064.0,,,
603601,881115,建筑材料,8.0,7.95,-4.25,630002,273541.0,,,
603602,881164,文化传媒,10.22,10.5,-0.98,32785,14735.0,,,
603605,881182,美容护理,61.13,62.01,1.1,73291,37254.0,,,
603606,881278,电网设备,40.97,40.69,-0.68,154297,77558.0,,,
603607,881138,包装印刷,20.98,20.58,-5.29,49175,14896.0,,,
603608,881136,服装家纺,16.74,16.42,-7.83,186425,89027.0,,,
603609,881103,农产品加工,6.19,6.17,0.32,25752,11805.0,,,
603610,881139,家居用品,13.08,13.02,-2.91,77089,28341.0,,,
603611,881268,工程机械,16.58,16.59,1.21,21944,10786.0,,,
603612,881167,非金属材料,16.9,16.78,0.65,127064,65718.0,,,
603613,881177,互联网电商,18.89,18.88,1.11,112806,61848.0,,,
603615,881139,家居用品,15.09,14.93,-1.46,32967,13079.0,,,
603616,881115,建筑材料,4.92,4.97,-2.64,129284,52131.0,,,
603617,881117,通用设备,6.26,6.24,-2.88,51841,19317.0,,,
603618,881278,电网设备,23.1,23.07,-6.67,556576,255189.0,,,
603619,881107,油气开采及服务,21.32,21.9,5.53,612280,278848.0,,,
603626,881124,消费电子,13.14,13.03,-7.99,271703,128616.0,,,
603628,881279,光伏设备,9.25,9.29,0.0,36235,15720.0,,,
603629,881271,IT服务,96.95,96.82,-9.97,367385,170228.0,,,
603630,881182,美容护理,15.19,15.71,-1.12,244298,121095.0,,,
603633,881126,汽车零部件,5.79,5.75,-2.94,87291,37761.0,,,
603636,881271,IT服务,6.41,6.35,-1.09,179268,81680.0,,,
603637,881116,建筑装饰,11.11,11.12,-4.5,63877,24890.0,,,
603638,881268,工程机械,19.88,19.71,-2.67,99574,43465.0,,,
603639,881263,农化制品,10.41,10.43,4.03,45277,28095.0,,,
603648,881152,物流,8.84,8.75,-0.45,26937,12878.0,,,
603650,881266,橡胶制品,59.08,57.86,-9.06,258958,120377.0,,,
603655,881126,汽车零部件,25.31,25.37,-5.73,11613,5425.0,,,
603656,881118,专用设备,17.15,17.03,-1.22,22024,9530.0,,,
603657,881131,白色家电,21.1,20.96,-5.83,35251,14954.0,,,
603658,881144,医疗器械,32.73,32.73,2.2,35663,21267.0,,,
603659,881281,电池,24.44,24.15,-1.1,253244,119131.0,,,
603660,881130,计算机设备,8.03,7.97,9.96,341006,113020.0,,,
603661,881139,家居用品,28.6,28.42,-4.9,24372,7785.0,,,
603662,881117,通用设备,48.66,48.31,-3.97,51941,20172.0,,,
603663,881167,非金属材料,37.0,37.03,-9.0,195984,84138.0,,,
603665,881136,服装家纺,21.09,20.88,-4.41,23787,10476.0,,,
603666,881171,自动化设备,20.47,20.33,0.1,51092,20637.0,,,
603667,881117,通用设备,50.28,49.81,-4.06,128439,60086.0,,,
603668,881103,农产品加工,10.83,10.73,0.09,71443,33909.0,,,
603669,881140,化学制药,5.2,5.2,-3.08,286768,118243.0,,,
603676,881140,化学制药,8.71,8.73,0.8,23284,11093.0,,,
603677,881131,白色家电,12.69,12.67,-2.13,19040,7120.0,,,
603678,881276,军工电子,42.2,42.98,-4.93,457846,219775.0,,,
603679,881122,光学光电子,18.24,18.0,-3.73,89860,37226.0,,,
603680,881269,轨交设备,9.63,9.53,2.28,85195,41264.0,,,
603681,881109,化学制品,17.4,17.18,-6.72,82308,29608.0,,,
603682,881158,零售,8.54,8.54,2.22,129896,59958.0,,,
603683,881109,化学制品,14.19,14.01,-5.99,342759,129249.0,,,
603685,881122,光学光电子,25.25,24.71,-4.99,23119,8662.0,,,
603686,881181,环境治理,12.6,12.54,-0.95,110931,51431.0,,,
603687,881138,包装印刷,12.5,12.44,-3.76,243208,100348.0,,,
603688,881167,非金属材料,43.57,43.07,-6.31,176029,83619.0,,,
603689,881146,燃气,7.49,7.49,0.8,33238,19299.0,,,
603690,881121,半导体,24.77,23.66,-10.01,492269,261761.0,,,
603693,881145,电力,12.24,12.12,-1.63,68753,29641.0,,,
603696,881134,食品加工制造,12.03,12.9,1.58,237972,91638.0,,,
603697,881134,食品加工制造,9.92,9.95,-1.51,87940,43526.0,,,
603698,881118,专用设备,21.14,20.99,-2.46,199416,77671.0,,,
603699,881117,通用设备,43.22,42.44,3.01,108480,58749.0,,,
603700,881117,通用设备,11.14,11.12,0.63,30844,17197.0,,,
603701,881126,汽车零部件,17.65,17.64,-2.15,42533,16916.0,,,
603703,881122,光学光电子,8.6,8.5,-1.86,70692,32323.0,,,
603706,881146,燃气,18.55,18.45,-0.38,9226,4212.0,,,
603707,881140,化学制药,8.1,8.03,0.49,116102,66331.0,,,
603708,881158,零售,9.36,9.4,1.28,42409,25834.0,,,
603709,881139,家居用品,10.35,10.33,-2.13,43262,23365.0,,,
603711,881133,饮料制造,10.93,10.93,1.56,85340,45244.0,,,
603712,881276,军工电子,11.5,11.42,0.0,106329,49334.0,,,
603713,881152,物流,60.75,60.72,-1.81,37052,19066.0,,,
603716,881143,医药商业,15.81,15.66,-2.78,307895,132404.0,,,
603717,881102,养殖业,5.37,5.43,0.19,134976,63288.0,,,
603718,881144,医疗器械,2.82,2.82,-2.48,53145,24361.0,,,
603719,881134,食品加工制造,9.45,9.65,-3.07,209963,99792.0,,,
603721,881274,影视院线,16.07,15.88,-2.3,37831,16238.0,,,
603722,881109,化学制品,28.97,28.63,-5.42,26946,10860.0,,,
603725,881139,家居用品,9.82,9.7,-9.57,288395,130601.0,,,
603726,881131,白色家电,22.48,22.13,-6.09,91836,34303.0,,,
603727,881107,油气开采及服务,17.96,17.68,-1.61,67133,33389.0,,,
603728,881277,电机,47.41,46.8,-4.51,60232,25940.0,,,
603729,881164,文化传媒,10.38,10.32,-2.02,11653,2792.0,,,
603730,881126,汽车零部件,9.4,9.28,-4.04,155246,64874.0,,,
603733,881137,造纸,20.7,20.78,-5.36,168965,72074.0,,,
603737,881115,建筑材料,24.59,24.43,-0.37,107041,54040.0,,,
603738,881270,元件,29.49,29.33,-7.77,329796,146570.0,,,
603739,881109,化学制品,11.19,11.21,-0.63,27052,13910.0,,,
603755,881134,食品加工制造,21.18,21.18,0.38,14902,7293.0,,,
603757,881117,通用设备,56.18,56.1,-10.0,84137,43570.0,,,
603758,881126,汽车零部件,9.13,9.13,-0.22,28819,14459.0,,,
603759,881181,环境治理,7.06,7.06,1.27,52150,26445.0,,,
603766,881128,汽车服务及其他,14.51,14.53,2.83,219987,135225.0,,,
603767,881126,汽车零部件,13.91,13.78,1.15,42511,22026.0,,,
603768,881126,汽车零部件,10.75,10.76,0.09,26586,12550.0,,,
603773,881122,光学光电子,74.36,73.89,-10.01,158804,77883.0,,,
603776,881128,汽车服务及其他,19.14,19.03,-4.02,17112,7803.0,,,
603777,881134,食品加工制造,13.43,13.36,-4.47,86049,37689.0,,,
603778,881279,光伏设备,8.89,8.78,-4.39,530502,234765.0,,,
603779,881133,饮料制造,6.88,6.9,-3.2,245885,101298.0,,,
603786,881126,汽车零部件,41.26,41.0,1.91,28384,14129.0,,,
603787,881128,汽车服务及其他,9.64,9.6,0.21,29812,13891.0,,,
603788,881126,汽车零部件,14.2,14.2,0.63,21944,13965.0,,,
603789,881118,专用设备,6.01,6.01,-5.49,50643,13176.0,,,
603790,881109,化学制品,22.35,22.35,-8.19,67081,24733.0,,,
603797,881181,环境治理,3.91,3.89,0.0,52795,25430.0,,,
603798,881180,石油加工贸易,11.79,11.83,-3.73,56858,23767.0,,,
603799,881267,能源金属,40.3,40.0,-0.92,515135,261945.0,,,
603800,881118,专用设备,57.44,57.43,-9.99,76969,38428.0,,,
603801,881139,家居用品,5.93,5.95,-2.7,147324,73978.0,,,
603803,881129,通信设备,9.76,9.72,-10.04,392689,160909.0,,,
603806,881279,光伏设备,14.26,14.01,1.96,418055,228262.0,,,
603808,881136,服装家纺,7.65,7.64,1.96,77289,40296.0,,,
603809,881126,汽车零部件,8.91,9.26,2.02,170504,92898.0,,,
603810,881263,农化制品,10.94,10.94,0.0,19385,9593.0,,,
603811,881140,化学制药,7.13,7.09,-1.12,33311,11038.0,,,
603813,881152,物流,28.32,28.53,9.99,10872,7047.0,,,
603815,881116,建筑装饰,5.19,5.19,0.96,130928,62299.0,,,
603816,881139,家居用品,25.42,25.61,1.53,90846,49613.0,,,
603817,881181,环境治理,5.61,5.57,-0.18,82599,37093.0,,,
603818,881139,家居用品,3.22,3.22,-0.93,229173,92707.0,,,
603819,881277,电机,12.25,12.06,-2.69,64294,27274.0,,,
603822,881109,化学制品,56.0,55.2,0.07,6705,2473.0,,,
603823,881109,化学制品,55.34,49.81,-9.99,6692,6692.0,,,
603825,881164,文化传媒,7.07,7.08,-2.4,12697,5115.0,,,
603826,881167,非金属材料,15.33,15.33,-2.48,57167,27738.0,,,
603828,881116,建筑装饰,4.07,4.05,-0.49,14075,5269.0,,,
603829,881278,电网设备,14.15,14.05,-3.11,35664,16312.0,,,
603833,881139,家居用品,35.33,35.33,0.23,82260,40774.0,,,
603836,881152,物流,8.59,8.58,0.47,39267,18364.0,,,
603838,881139,家居用品,7.16,7.11,-0.42,9983,3507.0,,,
603839,881136,服装家纺,6.4,6.38,-0.78,55406,26464.0,,,
603843,881116,建筑装饰,6.8,6.81,2.79,165705,77149.0,,,
603848,881139,家居用品,13.2,13.2,-2.88,23171,11842.0,,,
603855,881118,专用设备,16.25,16.35,0.68,15047,8181.0,,,
603856,881115,建筑材料,11.13,11.12,-0.09,26172,10517.0,,,
603858,881141,中药,15.63,15.51,-0.06,76791,36047.0,,,
603859,881271,IT服务,35.99,36.0,4.22,119984,62017.0,,,
603860,881116,建筑装饰,24.0,23.98,-0.63,13080,7004.0,,,
603861,881278,电网设备,11.8,11.8,-2.8,114674,46935.0,,,
603863,881137,造纸,12.97,13.0,-2.08,41342,20091.0,,,
603866,881134,食品加工制造,4.24,4.24,2.59,194555,108075.0,,,
603867,881109,化学制品,27.0,26.8,-2.85,50395,20196.0,,,
603868,881173,小家电,30.46,30.6,2.1,14640,8502.0,,,
603869,881271,IT服务,8.0,7.89,-0.63,7980,2909.0,,,
603871,881152,物流,13.11,13.0,1.3,112688,74065.0,,,
603876,881168,工业金属,22.17,22.08,0.09,226066,116355.0,,,
603877,881136,服装家纺,13.59,13.53,1.47,21392,11579.0,,,
603878,881112,钢铁,4.77,4.77,-1.47,153331,69391.0,,,
603879,881265,塑料制品,4.69,4.76,2.77,163153,87072.0,,,
603880,881144,医疗器械,6.37,6.47,-2.98,54406,23383.0,,,
603881,881162,通信服务,24.11,23.71,-4.56,270135,102807.0,,,
603882,881175,医疗服务,27.42,27.2,-1.02,54302,25411.0,,,
603883,881143,医药商业,12.55,12.59,1.43,122222,71588.0,,,
603885,881151,机场航运,10.95,10.9,-0.37,177721,81773.0,,,
603886,881134,食品加工制造,10.3,10.33,-0.97,28039,12088.0,,,
603887,881162,通信服务,8.83,8.79,-2.04,176932,87370.0,,,
603888,881164,文化传媒,16.14,16.12,-0.31,88333,44832.0,,,
603889,881135,纺织制造,5.85,5.86,-1.03,113378,56565.0,,,
603890,881124,消费电子,18.4,18.2,-8.37,209178,92137.0,,,
603893,881121,半导体,203.05,200.62,-10.0,184114,98720.0,,,
603895,881118,专用设备,21.89,21.92,0.0,26130,12773.0,,,
603896,881141,中药,14.63,14.66,-0.27,25082,11174.0,,,
603897,881278,电网设备,24.69,24.43,-4.37,74864,31569.0,,,
603898,881139,家居用品,10.54,10.52,-1.04,43401,14905.0,,,
603899,881139,家居用品,23.41,23.35,1.03,58400,34030.0,,,
603900,881136,服装家纺,5.56,5.57,0.54,68974,35825.0,,,
603901,881118,专用设备,9.07,8.98,-1.1,81587,30359.0,,,
603903,881181,环境治理,10.96,10.79,-6.02,139051,48867.0,,,
603906,881281,电池,18.83,18.4,-2.55,240682,101424.0,,,
603908,881136,服装家纺,17.09,17.18,0.99,14499,7526.0,,,
603909,881116,建筑装饰,8.58,8.61,0.7,27550,13653.0,,,
603912,881117,通用设备,7.07,7.03,-3.68,138627,54615.0,,,
603915,881117,通用设备,12.79,12.7,-1.09,56307,27585.0,,,
603916,881109,化学制品,9.82,9.76,-3.05,113821,41162.0,,,
603917,881126,汽车零部件,11.41,11.33,-2.8,41546,17102.0,,,
603918,881271,IT服务,10.45,10.35,6.51,465659,245125.0,,,
603919,881273,白酒,15.35,15.36,10.03,231189,85947.0,,,
603920,881270,元件,32.7,32.42,-3.24,300150,132045.0,,,
603922,881126,汽车零部件,10.11,10.09,-1.29,16864,5185.0,,,
603926,881126,汽车零部件,15.21,15.26,-6.05,61866,25951.0,,,
603927,881272,软件开发,13.51,13.45,2.07,159474,95198.0,,,
603928,881265,塑料制品,11.51,11.25,-8.43,331548,129049.0,,,
603929,881116,建筑装饰,161.24,158.26,-10.0,76451,39591.0,,,
603931,881172,电子化学品,31.79,31.2,-6.73,115029,52560.0,,,
603933,881171,自动化设备,17.68,17.41,-1.7,55330,22904.0,,,
603936,881270,元件,12.9,12.95,-7.44,472786,224278.0,,,
603937,881168,工业金属,10.15,10.11,-3.55,53465,25242.0,,,
603938,881108,化学原料,38.0,37.75,-7.11,136718,66002.0,,,
603939,881143,医药商业,22.7,22.7,0.0,125886,74768.0,,,
603948,881109,化学制品,19.52,19.39,-2.25,16960,6863.0,,,
603949,881126,汽车零部件,13.3,13.26,-2.26,36796,14599.0,,,
603950,881126,汽车零部件,52.78,53.53,-8.83,94921,42096.0,,,
603955,881116,建筑装饰,19.17,19.17,-0.89,36643,17911.0,,,
603956,881118,专用设备,6.2,6.2,-3.39,205790,84485.0,,,
603958,881136,服装家纺,13.34,13.24,-4.05,47726,20331.0,,,
603959,881116,建筑装饰,4.22,4.21,-4.03,61915,22197.0,,,
603960,881126,汽车零部件,15.39,15.2,-2.01,55647,23462.0,,,
603966,881118,专用设备,7.82,7.78,-0.38,55240,25505.0,,,
603967,881152,物流,11.44,11.44,1.22,25469,15311.0,,,
603968,881109,化学制品,9.55,9.52,-0.73,31664,16660.0,,,
603969,881117,通用设备,7.41,7.26,-3.91,194011,79622.0,,,
603970,881263,农化制品,10.04,10.05,1.99,30733,16928.0,,,
603976,881144,医疗器械,24.9,24.56,-5.26,52346,20796.0,,,
603977,881109,化学制品,11.33,11.21,-1.5,90170,33859.0,,,
603978,881114,金属新材料,18.15,18.09,-4.19,83274,37429.0,,,
603979,881168,工业金属,73.47,73.88,0.83,109133,58428.0,,,
603980,881109,化学制品,6.8,6.5,-6.91,826782,363187.0,,,
603982,881126,汽车零部件,5.57,5.57,-0.54,56491,29506.0,,,
603983,881182,美容护理,29.26,27.97,-4.07,119167,59987.0,,,
603985,881280,风电设备,14.94,14.8,-5.56,135340,55955.0,,,
603986,881121,半导体,364.03,356.75,1.94,971239,499997.0,,,
603987,881144,医疗器械,7.26,7.25,0.14,40726,18413.0,,,
603988,881277,电机,18.62,18.54,6.93,258443,138027.0,,,
603989,881270,元件,26.01,25.7,-7.19,231215,108260.0,,,
603990,881272,软件开发,19.4,19.4,-7.22,211312,90674.0,,,
603991,881121,半导体,113.99,112.0,-7.21,37195,17142.0,,,
603992,881139,家居用品,23.14,23.16,-1.47,23027,12436.0,,,
603993,881168,工业金属,19.08,19.1,-0.63,1857062,782898.0,,,
603995,881112,钢铁,19.98,19.98,0.7,49383,22700.0,,,
603997,881126,汽车零部件,12.12,12.19,5.2,255892,134531.0,,,
603998,881141,中药,9.33,9.3,1.39,100559,54167.0,,,
603999,881164,文化传媒,5.44,5.4,-0.37,78101,43946.0,,,
605001,881269,轨交设备,5.15,5.12,-1.36,50437,25717.0,,,
605003,881136,服装家纺,19.65,19.55,-2.9,9517,3875.0,,,
605005,881126,汽车零部件,14.87,14.74,-0.34,8561,3747.0,,,
605006,881115,建筑材料,12.99,12.91,-4.54,383690,185756.0,,,
605007,881137,造纸,15.47,15.4,-0.45,40643,21188.0,,,
605008,881265,塑料制品,12.08,12.01,-3.56,35975,13812.0,,,
605009,881182,美容护理,23.65,23.65,1.06,16300,9139.0,,,
605011,881145,电力,17.82,17.65,-2.81,78557,35999.0,,,
605016,881109,化学制品,22.48,23.39,-3.96,101765,45006.0,,,
605018,881126,汽车零部件,11.72,11.58,-4.86,83002,34794.0,,,
605020,881109,化学制品,32.56,32.45,-4.36,136496,60596.0,,,
605028,881145,电力,26.95,27.49,0.45,29975,14342.0,,,
605033,881263,农化制品,17.0,17.38,10.0,42048,22429.0,,,
605050,881152,物流,10.16,10.16,-0.3,23879,10350.0,,,
605055,881135,纺织制造,8.47,8.47,-5.31,46765,21707.0,,,
605056,881117,通用设备,13.7,13.7,-4.01,61959,27318.0,,,
605058,881270,元件,23.66,23.37,-3.72,23355,9366.0,,,
605060,881117,通用设备,37.02,36.92,-8.16,58166,29000.0,,,
605066,881278,电网设备,6.48,6.45,-2.01,48603,20409.0,,,
605068,881126,汽车零部件,18.72,20.59,9.99,59514,7060.0,,,
605069,881181,环境治理,9.64,9.57,-6.12,81795,28728.0,,,
605077,881109,化学制品,10.97,10.92,-0.64,66032,34953.0,,,
605080,881139,家居用品,19.51,19.53,-0.46,21937,8342.0,,,
605086,881167,非金属材料,22.46,22.39,-1.78,15122,7542.0,,,
605088,881126,汽车零部件,19.81,19.74,-1.97,41466,15977.0,,,
605089,881134,食品加工制造,19.25,19.2,0.68,22034,11801.0,,,
605090,881146,燃气,32.18,32.0,-5.66,227807,94126.0,,,
605098,881178,教育,56.5,56.63,-0.34,11538,5561.0,,,
605099,881139,家居用品,32.49,32.08,0.34,21463,10614.0,,,
605100,881117,通用设备,29.86,30.0,-4.92,49212,22341.0,,,
605108,881160,旅游及酒店,12.47,12.44,2.33,102546,52370.0,,,
605111,881121,半导体,53.18,52.87,-10.0,256560,117101.0,,,
605116,881140,化学制药,19.46,19.35,-1.03,23202,11146.0,,,
605117,881279,光伏设备,85.13,84.49,-2.23,100353,44881.0,,,
605118,881130,计算机设备,28.68,28.64,-4.5,26225,12322.0,,,
605122,881115,建筑材料,10.22,10.2,-1.76,27975,13946.0,,,
605123,881166,军工装备,75.19,74.67,0.03,16407,7327.0,,,
605128,881126,汽车零部件,21.18,20.94,0.9,43940,20555.0,,,
605133,881126,汽车零部件,24.19,24.0,-5.5,70192,30914.0,,,
605136,881177,互联网电商,8.36,8.02,-5.02,276929,134186.0,,,
605138,881136,服装家纺,5.45,5.49,0.55,48781,27444.0,,,
605151,881126,汽车零部件,16.53,16.73,-1.33,20158,8974.0,,,
605155,881139,家居用品,12.88,12.88,-0.39,31814,15265.0,,,
605158,881114,金属新材料,6.65,6.63,-0.75,22493,9959.0,,,
605162,881145,电力,8.74,8.58,-6.29,378296,159458.0,,,
605166,881264,化学纤维,8.37,8.34,-0.48,35165,14984.0,,,
605167,881116,建筑装饰,12.94,12.9,-1.08,49488,20661.0,,,
605168,881164,文化传媒,33.68,33.5,-6.65,55051,25737.0,,,
605169,881146,燃气,9.86,9.76,-0.81,28282,13311.0,,,
605177,881140,化学制药,15.32,15.34,-1.44,23980,9967.0,,,
605178,881116,建筑装饰,59.9,59.8,-10.0,47726,20652.0,,,
605179,881133,饮料制造,16.01,17.61,9.99,27845,0.0,,,
605180,881135,纺织制造,11.02,11.02,-0.18,17679,8695.0,,,
605183,881266,橡胶制品,14.26,14.26,1.4,14517,7537.0,,,
605186,881171,自动化设备,23.18,22.83,-4.66,34526,12750.0,,,
605188,881158,零售,12.55,12.74,-1.12,304499,146652.0,,,
605189,881135,纺织制造,15.3,15.16,6.54,311746,161199.0,,,
605196,881278,电网设备,32.82,32.0,-3.53,292810,139502.0,,,
605198,881133,饮料制造,56.15,55.46,-7.78,44941,22343.0,,,
605199,881141,中药,5.64,5.66,1.42,17945,7396.0,,,
605208,881168,工业金属,11.6,11.6,-6.29,160181,59019.0,,,
605218,881122,光学光电子,12.77,12.7,-4.46,30370,12001.0,,,
605222,881278,电网设备,18.64,19.01,-4.24,84224,29454.0,,,
605228,881126,汽车零部件,10.38,10.29,-3.85,87909,28101.0,,,
605255,881126,汽车零部件,75.8,68.25,-10.0,14571,7547.0,,,
605258,881270,元件,24.23,24.0,-4.09,18489,7543.0,,,
605259,881118,专用设备,17.7,17.7,0.85,7381,3581.0,,,
605266,881143,医药商业,16.33,16.35,1.47,15099,8660.0,,,
605268,881139,家居用品,8.99,9.03,-0.44,26198,11377.0,,,
605277,881124,消费电子,14.65,14.51,-1.09,44976,20209.0,,,
605286,881118,专用设备,22.44,22.17,-3.12,18460,7956.0,,,
605287,881116,建筑装饰,33.36,33.54,-5.4,56843,25467.0,,,
605288,881171,自动化设备,58.92,58.5,-9.98,12439,5716.0,,,
605289,881116,建筑装饰,86.6,86.6,-9.99,67049,29899.0,,,
605296,881102,养殖业,29.57,29.58,1.05,39345,18176.0,,,
605298,881269,轨交设备,45.46,44.91,-4.75,11598,4721.0,,,
605299,881139,家居用品,11.57,11.43,-4.93,196340,85080.0,,,
605300,881133,饮料制造,9.41,9.41,0.43,76512,43245.0,,,
605303,881116,建筑装饰,18.58,18.41,-6.89,32782,12879.0,,,
605305,881268,工程机械,39.9,39.56,-0.93,43010,17109.0,,,
605318,881115,建筑材料,72.74,72.44,-8.36,17627,8104.0,,,
605319,881126,汽车零部件,22.57,22.65,0.0,22458,9773.0,,,
605333,881126,汽车零部件,16.78,16.75,2.56,34373,19571.0,,,
605336,881174,厨卫电器,10.03,10.15,-2.59,7284,2537.0,,,
605337,881133,饮料制造,9.75,9.82,-1.54,237499,119974.0,,,
605338,881134,食品加工制造,19.12,19.07,0.84,39799,20120.0,,,
605339,881134,食品加工制造,13.02,13.06,-3.99,64433,30570.0,,,
605358,881121,半导体,39.41,39.56,-9.46,492940,230757.0,,,
605365,881122,光学光电子,13.17,13.11,-2.43,37338,17226.0,,,
605366,881109,化学制品,7.16,7.18,-4.47,248669,107302.0,,,
605368,881146,燃气,6.73,6.73,0.0,54486,26719.0,,,
605369,881144,医疗器械,15.94,15.9,-0.25,11768,5360.0,,,
605376,881267,能源金属,144.58,144.65,-7.93,212340,102013.0,,,
605377,881137,造纸,8.93,8.88,-3.36,76997,32341.0,,,
605378,881281,电池,13.35,13.3,2.85,57746,27786.0,,,
605388,881133,饮料制造,5.56,5.86,10.07,148199,38261.0,,,
605389,881268,工程机械,69.61,70.0,-6.26,11584,5081.0,,,
605398,881271,IT服务,19.42,19.23,-1.03,13652,6883.0,,,
605399,881109,化学制品,9.95,9.86,-1.41,39985,17486.0,,,
605488,881265,塑料制品,23.39,23.13,-3.59,53593,20960.0,,,
605499,881133,饮料制造,142.56,140.53,-3.06,155007,74073.0,,,
605500,881137,造纸,6.47,6.41,-0.15,48767,22326.0,,,
605507,881140,化学制药,16.29,16.18,0.06,47208,25509.0,,,
605555,881173,小家电,11.27,11.18,-0.71,41734,20591.0,,,
605566,881109,化学制品,23.22,22.95,-6.85,45333,21814.0,,,
605567,881134,食品加工制造,8.27,8.28,0.6,50571,22940.0,,,
605577,881164,文化传媒,9.42,9.42,1.59,32560,18906.0,,,
605580,881145,电力,16.58,16.5,-3.38,59542,24399.0,,,
605588,881122,光学光电子,40.22,39.63,-5.62,19252,7321.0,,,
605589,881265,塑料制品,35.23,34.83,-5.88,361451,162548.0,,,
605598,881116,建筑装饰,24.71,24.63,-4.21,46195,20999.0,,,
605599,881136,服装家纺,15.93,15.8,4.83,112865,70230.0,,,
688001,881118,专用设备,46.16,46.52,-9.01,10701163,5226927.0,,,
688002,881276,军工电子,145.99,144.24,-7.12,18080628,8794454.0,,,
688003,881171,自动化设备,69.96,70.86,-7.88,7857491,3150729.0,,,
688004,881271,IT服务,21.06,21.34,1.04,3265763,1541712.0,,,
688005,881281,电池,27.76,27.51,0.0,13409399,7117404.0,,,
688006,881281,电池,20.9,20.87,-2.11,11070737,5192537.0,,,
688007,881124,消费电子,10.29,10.23,-2.72,6163699,2455152.0,,,
688008,881121,半导体,207.5,205.0,-5.17,58750078,28992454.0,,,
688009,881269,轨交设备,5.3,5.28,0.94,47233660,30070876.0,,,
688010,881122,光学光电子,24.84,24.56,-6.92,5757081,2508501.0,,,
688011,881276,军工电子,62.62,62.3,-3.08,1018146,349984.0,,,
688012,881121,半导体,360.0,350.01,-3.75,33968727,17742187.0,,,
688013,881144,医疗器械,22.89,22.89,2.01,1517289,645726.0,,,
688015,881269,轨交设备,15.05,14.91,-0.13,1399085,712587.0,,,
688016,881144,医疗器械,93.82,93.48,-0.99,1543043,757714.0,,,
688017,881171,自动化设备,283.66,283.0,-7.99,12126968,6146695.0,,,
688018,881121,半导体,97.28,96.04,-5.55,8780299,4665402.0,,,
688019,881172,电子化学品,254.81,247.06,-9.95,10039923,4748775.0,,,
688020,881172,电子化学品,105.38,106.22,-11.37,5172958,2719618.0,,,
688021,881126,汽车零部件,18.13,18.3,-1.6,1524628,770264.0,,,
688022,881118,专用设备,7.56,7.58,0.26,2225039,987997.0,,,
688023,881272,软件开发,35.79,35.81,-2.35,2827312,1293304.0,,,
688025,881171,自动化设备,298.6,289.99,-14.8,5891566,2823481.0,,,
688026,881144,医疗器械,12.2,12.17,0.57,2079611,925151.0,,,
688027,881129,通信设备,384.98,380.5,-1.42,2164763,1053384.0,,,
688028,881117,通用设备,70.18,70.8,-12.67,9789393,4762053.0,,,
688029,881144,医疗器械,72.91,72.91,0.45,1920777,963335.0,,,
688030,881272,软件开发,14.53,14.51,-2.34,3902288,1848950.0,,,
688031,881272,软件开发,82.25,82.28,-2.33,5325236,2606408.0,,,
688032,881279,光伏设备,76.65,76.01,2.22,1320373,714055.0,,,
688033,881279,光伏设备,6.25,6.23,-1.6,2653193,1122722.0,,,
688035,881172,电子化学品,56.29,56.07,-6.38,5572051,2707061.0,,,
688036,881124,消费电子,65.69,65.48,0.09,18948629,10475288.0,,,
688037,881121,半导体,335.01,329.89,-14.69,8863156,4433863.0,,,
688038,881272,软件开发,17.24,17.06,-11.72,4518416,1562612.0,,,
688039,881271,IT服务,31.54,31.1,-1.65,2049582,838100.0,,,
688041,881121,半导体,284.0,284.58,-3.73,29242315,14786046.0,,,
688045,881121,半导体,47.57,47.46,-6.33,1949708,951606.0,,,
688046,881175,医疗服务,25.38,25.1,-8.35,10213523,4914580.0,,,
688047,881121,半导体,104.68,103.0,-2.7,5154250,2714928.0,,,
688048,881121,半导体,251.1,247.5,-15.17,18352863,9112149.0,,,
688049,881121,半导体,42.67,41.86,-11.74,14425252,5912868.0,,,
688050,881144,医疗器械,41.0,41.0,2.98,3465403,1968542.0,,,
688051,881271,IT服务,21.42,21.17,-0.23,1620875,800185.0,,,
688052,881121,半导体,197.55,194.0,-7.91,3601150,1769995.0,,,
688053,881276,军工电子,30.27,30.3,-0.89,474663,164043.0,,,
688055,881122,光学光电子,3.82,3.78,-3.4,12393781,3517354.0,,,
688056,881117,通用设备,35.66,35.8,-4.37,2058071,828693.0,,,
688057,881181,环境治理,16.4,16.25,-8.6,8462813,3174832.0,,,
688058,881272,软件开发,19.82,20.16,1.77,1352551,654524.0,,,
688059,881117,通用设备,74.94,74.94,-8.71,5853705,2735634.0,,,
688060,881130,计算机设备,31.36,31.17,-2.65,394360,169780.0,,,
688061,881121,半导体,34.09,34.09,-7.8,2411747,939766.0,,,
688062,881142,生物制品,30.04,29.93,-4.96,9109454,4259364.0,,,
688063,881281,电池,43.92,43.46,-0.66,5320994,2764542.0,,,
688065,881109,化学制品,45.75,45.82,0.61,5350924,3111287.0,,,
688066,881166,军工装备,7.78,7.85,-2.96,5307465,1749406.0,,,
688067,881144,医疗器械,19.36,19.4,0.62,838391,422504.0,,,
688068,881144,医疗器械,110.51,109.8,-6.7,3550327,1541563.0,,,
688069,881181,环境治理,33.88,33.67,-7.02,2669787,911410.0,,,
688070,881166,军工装备,32.35,32.21,-3.55,906588,375155.0,,,
688071,881118,专用设备,36.2,35.76,6.69,5640338,3178351.0,,,
688072,881121,半导体,700.87,682.0,-8.4,8224294,4522151.0,,,
688073,881175,医疗服务,47.86,47.4,-5.6,2419809,837626.0,,,
688075,881144,医疗器械,27.77,27.69,-1.33,601383,244577.0,,,
688076,881140,化学制药,27.02,26.78,-2.33,1457549,477298.0,,,
688077,881114,金属新材料,23.09,22.85,-2.34,1723134,784387.0,,,
688078,881272,软件开发,21.0,20.99,0.33,940822,534474.0,,,
688079,881122,光学光电子,13.4,13.4,-8.21,16018283,6761383.0,,,
688080,881129,通信设备,33.11,32.91,-1.42,940026,370640.0,,,
688081,881276,军工电子,27.19,27.19,-6.4,2018919,899112.0,,,
688082,881121,半导体,277.7,278.0,-5.61,6457265,3433791.0,,,
688083,881272,软件开发,45.6,45.6,-1.23,4151990,2058737.0,,,
688084,881276,军工电子,39.33,39.14,-3.92,1618405,621698.0,,,
688085,881144,医疗器械,12.7,12.69,-1.18,3264828,1110335.0,,,
688087,881139,家居用品,38.94,38.62,1.95,4742168,3790603.0,,,
688088,881271,IT服务,31.23,31.5,0.22,7262481,3720042.0,,,
688089,881109,化学制品,7.14,7.05,-2.24,9580049,4768591.0,,,
688090,881171,自动化设备,53.2,52.99,-14.49,13493683,6588085.0,,,
688091,881140,化学制药,36.8,36.9,-2.88,3160163,1663285.0,,,
688092,881118,专用设备,20.53,20.67,-1.12,554767,263607.0,,,
688093,881123,其他电子,26.16,25.76,-1.34,2301192,1018016.0,,,
688095,881272,软件开发,51.32,52.5,8.85,6556890,3588247.0,,,
688096,881181,环境治理,7.75,7.65,-2.71,13906496,6352239.0,,,
688097,881171,自动化设备,40.51,40.53,-4.69,7398563,3290456.0,,,
688098,881102,养殖业,8.24,8.15,-2.31,2034079,703988.0,,,
688099,881121,半导体,96.7,95.94,-5.9,19734582,10237503.0,,,
688100,881129,通信设备,29.08,28.99,1.72,4609526,2704877.0,,,
688101,881181,环境治理,15.06,14.98,-1.39,4823132,2006590.0,,,
688102,881114,金属新材料,27.8,27.98,-3.78,11763487,5310005.0,,,
688103,881123,其他电子,61.32,60.7,-5.09,6729986,3036200.0,,,
688105,881142,生物制品,18.15,18.35,-5.95,7587752,2789045.0,,,
688106,881172,电子化学品,28.15,28.15,-9.13,30901115,14129466.0,,,
688107,881121,半导体,28.55,28.82,-4.38,9491322,4414182.0,,,
688108,881144,医疗器械,15.8,15.79,-2.78,8899171,3769301.0,,,
688109,881272,软件开发,68.0,68.0,-5.63,1111171,493559.0,,,
688110,881121,半导体,107.51,105.0,-5.57,20702162,9442417.0,,,
688111,881272,软件开发,245.58,244.55,2.69,12675928,6964950.0,,,
688112,881117,通用设备,46.79,46.57,-6.86,2764512,1326120.0,,,
688113,881118,专用设备,32.8,32.78,-1.95,579782,244212.0,,,
688114,881144,医疗器械,48.7,48.34,-2.69,3481382,1463865.0,,,
688115,881117,通用设备,46.0,45.35,-8.54,2414845,961592.0,,,
688116,881281,电池,33.1,32.82,1.69,8111266,4826040.0,,,
688117,881140,化学制药,23.15,23.03,-4.58,6266549,2175296.0,,,
688118,881272,软件开发,18.58,18.76,-0.54,2260146,1093100.0,,,
688119,881115,建筑材料,3.88,3.82,-2.06,10666039,4348789.0,,,
688120,881121,半导体,268.7,262.0,-0.16,20370225,11108290.0,,,
688121,881118,专用设备,2.48,2.5,-0.4,14703883,5620295.0,,,
688122,881166,军工装备,52.07,51.8,1.86,12090435,6756738.0,,,
688123,881121,半导体,115.2,113.99,-3.93,12137494,5523450.0,,,
688125,881171,自动化设备,101.1,98.58,-9.32,1575560,717407.0,,,
688126,881121,半导体,24.34,24.25,-6.94,98699974,51934832.0,,,
688127,881122,光学光电子,59.69,59.24,-5.19,7948246,3615977.0,,,
688128,881118,专用设备,21.93,21.82,0.41,2292622,1114697.0,,,
688129,881109,化学制品,19.91,19.82,0.55,1821925,905894.0,,,
688130,881121,半导体,18.56,18.23,-2.91,1636044,613256.0,,,
688131,881175,医疗服务,78.0,78.0,-2.12,5665105,2679251.0,,,
688132,881276,军工电子,12.42,12.49,-0.64,1075114,584858.0,,,
688133,881109,化学制品,20.35,20.25,-4.82,5262510,1940620.0,,,
688135,881121,半导体,21.44,21.53,-7.32,14238414,5734847.0,,,
688136,881142,生物制品,17.73,17.65,-3.78,4811100,1697046.0,,,
688137,881142,生物制品,34.76,34.76,-0.6,682522,266929.0,,,
688138,881121,半导体,28.82,28.39,-7.39,9960732,4282060.0,,,
688139,881144,医疗器械,27.89,27.8,1.04,3195391,1823578.0,,,
688141,881121,半导体,113.63,113.01,-13.34,22871228,10749653.0,,,
688143,881129,通信设备,88.46,88.92,-9.74,8117154,4328156.0,,,
688146,881172,电子化学品,301.17,295.15,-5.49,25926538,12782301.0,,,
688147,881121,半导体,95.62,95.6,-15.19,18833979,9196492.0,,,
688148,881281,电池,6.61,6.6,-0.3,14525044,6759999.0,,,
688150,881172,电子化学品,35.35,35.2,-8.66,11725763,5500200.0,,,
688151,881144,医疗器械,16.06,15.98,-2.8,7055433,3280487.0,,,
688152,881272,软件开发,26.11,26.09,-1.69,1213785,606943.0,,,
688153,881121,半导体,24.94,24.85,-6.46,7314522,2864537.0,,,
688155,881281,电池,58.89,58.51,-1.51,2776621,1154289.0,,,
688156,881103,农产品加工,18.57,18.74,-4.9,3277247,1433220.0,,,
688157,881109,化学制品,18.49,18.21,-1.89,3077910,1315456.0,,,
688158,881271,IT服务,27.93,27.66,-4.83,16660715,8104753.0,,,
688159,881129,通信设备,30.11,29.73,-5.55,3147104,1422710.0,,,
688160,881171,自动化设备,103.77,102.55,-3.51,2052168,932101.0,,,
688161,881144,医疗器械,20.98,20.81,0.0,1004248,422427.0,,,
688162,881118,专用设备,21.15,20.98,-2.7,1273126,474300.0,,,
688163,881142,生物制品,28.42,28.33,-9.01,1613351,664565.0,,,
688165,881171,自动化设备,15.91,15.76,-4.71,7305015,3088049.0,,,
688166,881140,化学制药,33.54,33.01,-5.1,14587175,6612239.0,,,
688167,881121,半导体,181.9,181.26,-13.24,11951568,5958388.0,,,
688168,881272,软件开发,34.3,34.2,-8.45,4483099,2189772.0,,,
688169,881173,小家电,111.15,110.05,2.38,8961464,5183574.0,,,
688170,881171,自动化设备,44.38,44.38,-7.03,4606255,2217608.0,,,
688171,881272,软件开发,25.36,25.13,-4.46,2527534,1037962.0,,,
688172,881121,半导体,52.65,52.31,-8.95,18534935,8974808.0,,,
688173,881121,半导体,12.35,12.29,-4.21,11227895,4404585.0,,,
688175,881276,军工电子,16.05,17.0,2.18,7533464,3053097.0,,,
688176,881140,化学制药,11.99,11.94,-6.84,18256802,7813897.0,,,
688177,881142,生物制品,17.09,17.08,-0.06,2828848,1628349.0,,,
688178,881181,环境治理,24.7,24.65,-6.92,1825537,741227.0,,,
688179,881109,化学制品,16.99,16.99,-6.59,9915609,4247397.0,,,
688180,881142,生物制品,36.04,35.8,-0.83,14752373,7116599.0,,,
688181,881122,光学光电子,35.23,35.0,-5.48,5688313,2229737.0,,,
688182,881129,通信设备,23.93,23.03,-7.94,6679927,2827840.0,,,
688183,881270,元件,92.91,89.77,-11.31,17972628,8534729.0,,,
688184,881281,电池,10.49,10.4,-0.76,452479,187750.0,,,
688185,881142,生物制品,49.51,49.0,-0.06,1658963,770744.0,,,
688186,881280,风电设备,13.85,13.8,-0.29,3790239,1919217.0,,,
688187,881269,轨交设备,46.99,46.52,0.47,7533908,4090438.0,,,
688188,881171,自动化设备,102.12,101.25,3.14,4288783,2643538.0,,,
688189,881140,化学制药,6.53,6.52,-4.29,5294138,1567818.0,,,
688190,881114,金属新材料,68.0,67.41,-2.07,1040268,429242.0,,,
688191,881271,IT服务,18.18,18.54,-8.86,9991195,4722299.0,,,
688192,881140,化学制药,53.33,52.7,-4.07,8216683,4156755.0,,,
688193,881144,医疗器械,43.19,43.19,0.19,363909,215564.0,,,
688195,881122,光学光电子,112.89,111.77,-10.77,8370781,4279314.0,,,
688196,881109,化学制品,33.04,33.0,0.64,1880490,847177.0,,,
688197,881140,化学制药,33.9,34.44,-6.02,2625389,1190585.0,,,
688198,881144,医疗器械,80.91,81.46,0.3,586013,276109.0,,,
688199,881109,化学制品,21.12,20.57,-6.16,6191441,2262092.0,,,
688200,881121,半导体,360.82,357.06,-6.88,7385026,4005101.0,,,
688201,881272,软件开发,6.81,6.84,-0.15,2041101,851808.0,,,
688202,881175,医疗服务,78.98,78.94,-9.43,6966223,3407577.0,,,
688203,881265,塑料制品,9.24,9.2,-0.54,2711753,1481513.0,,,
688205,881129,通信设备,121.82,121.72,-11.39,8636545,4291099.0,,,
688206,881272,软件开发,32.46,32.12,-5.64,6333202,2763650.0,,,
688207,881271,IT服务,15.67,15.33,-6.13,11412557,4349032.0,,,
688208,881130,计算机设备,27.54,27.05,3.12,20414210,12268325.0,,,
688209,881121,半导体,21.14,20.85,-6.43,12549314,5019333.0,,,
688210,881124,消费电子,25.73,25.5,-7.58,4016565,1665494.0,,,
688211,881117,通用设备,28.45,28.46,-1.23,449202,137597.0,,,
688212,881144,医疗器械,26.45,26.03,2.08,3495769,1952609.0,,,
688213,881121,半导体,95.82,95.0,-3.92,8897131,4096534.0,,,
688215,881171,自动化设备,31.41,30.71,-4.74,1366259,622325.0,,,
688216,881121,半导体,26.24,26.24,-8.92,6762904,3075502.0,,,
688217,881144,医疗器械,20.17,20.24,0.15,956607,406444.0,,,
688218,881171,自动化设备,32.69,32.65,-6.18,6576758,2983328.0,,,
688219,881265,塑料制品,10.5,10.42,-0.19,5399561,2743192.0,,,
688220,881121,半导体,106.95,104.48,-13.43,12734647,6221987.0,,,
688221,881140,化学制药,18.98,18.93,-9.38,18253282,7491456.0,,,
688222,881175,医疗服务,28.74,28.34,-8.49,15580603,6391507.0,,,
688223,881279,光伏设备,4.27,4.24,1.87,125754640,73434323.0,,,
688225,881272,软件开发,11.83,11.86,-6.09,7808290,3352431.0,,,
688226,881278,电网设备,27.01,26.87,-7.07,5833495,2547990.0,,,
688227,881271,IT服务,66.76,66.67,-7.14,4383124,2019586.0,,,
688228,881271,IT服务,61.38,61.0,-2.77,1753568,779427.0,,,
688229,881271,IT服务,60.15,61.1,-2.24,787270,317297.0,,,
688230,881121,半导体,50.2,49.52,-6.83,1577206,614951.0,,,
688231,881166,军工装备,23.96,24.18,-7.55,6583660,2907724.0,,,
688232,881272,软件开发,17.49,17.48,1.26,2854035,1662797.0,,,
688233,881121,半导体,100.28,99.98,-10.44,11101147,5075470.0,,,
688234,881121,半导体,90.39,89.6,-10.0,16352079,8392662.0,,,
688235,881140,化学制药,268.6,268.0,-3.38,4372109,1921364.0,,,
688236,881144,医疗器械,14.2,14.3,-0.77,2126730,1029636.0,,,
688237,881166,军工装备,67.9,67.94,-19.07,6533860,2816786.0,,,
688238,881175,医疗服务,5.54,5.49,-3.07,12412007,4500611.0,,,
688239,881166,军工装备,41.59,41.17,-4.23,4025798,1667204.0,,,
688244,881272,软件开发,13.95,13.67,-0.93,2322014,1241211.0,,,
688246,881272,软件开发,16.6,16.61,-2.83,2472753,1035464.0,,,
688247,881140,化学制药,8.26,8.22,-2.06,4125680,1673753.0,,,
688248,881145,电力,43.25,42.41,-3.93,3453201,1313514.0,,,
688249,881121,半导体,39.69,39.48,-9.5,44501368,21945165.0,,,
688251,881117,通用设备,19.06,19.19,-2.94,2030742,935557.0,,,
688252,881121,半导体,17.5,17.23,-3.31,5720726,2304802.0,,,
688253,881144,医疗器械,57.27,56.99,-5.71,2240936,956824.0,,,
688255,881171,自动化设备,23.16,22.78,-5.57,3763426,1294529.0,,,
688256,881121,半导体,1146.9,1115.0,-9.11,18860403,9411444.0,,,
688257,881117,通用设备,53.55,53.85,-10.76,20575048,9860539.0,,,
688258,881271,IT服务,91.44,91.4,-4.65,3483481,1571713.0,,,
688259,881121,半导体,28.37,27.95,-2.26,1473304,570455.0,,,
688260,881124,消费电子,88.51,91.0,16.16,13809530,7001369.0,,,
688261,881121,半导体,68.35,66.35,-8.41,5917682,2692318.0,,,
688262,881121,半导体,24.01,23.77,-5.21,11876807,5081128.0,,,
688265,881175,医疗服务,32.31,31.8,-2.01,760119,285337.0,,,
688266,881140,化学制药,131.27,131.6,-10.57,9577115,4466730.0,,,
688267,881109,化学制品,17.77,17.42,-0.39,3341031,1553733.0,,,
688268,881172,电子化学品,139.45,139.0,-8.94,8033361,3780794.0,,,
688269,881109,化学制品,28.97,28.87,0.21,1437256,579717.0,,,
688270,881121,半导体,60.88,59.87,-6.75,7363520,3320787.0,,,
688271,881144,医疗器械,113.98,113.9,2.21,7854459,4973598.0,,,
688272,881276,军工电子,24.9,24.94,-4.46,1814412,898822.0,,,
688273,881144,医疗器械,28.72,28.57,-2.96,1309827,559435.0,,,
688275,881281,电池,78.74,78.32,-5.42,4323358,1987246.0,,,
688276,881142,生物制品,14.54,14.57,0.76,2479581,1306688.0,,,
688277,881144,医疗器械,19.09,22.5,-8.85,30255350,13779094.0,,,
688278,881142,生物制品,57.69,57.36,0.35,3082068,1533359.0,,,
688279,881121,半导体,157.51,152.87,-4.51,1585388,751172.0,,,
688280,881126,汽车零部件,5.24,5.24,1.15,34032816,16839485.0,,,
688281,881166,军工装备,47.45,47.1,3.94,5219316,2967524.0,,,
688282,881166,军工装备,50.64,51.42,-0.63,766769,317265.0,,,
688283,881129,通信设备,25.11,25.1,-3.74,1598044,683729.0,,,
688285,881269,轨交设备,7.06,7.05,0.28,2542476,1022607.0,,,
688286,881121,半导体,39.28,39.28,-6.8,4397594,1769325.0,,,
688288,881130,计算机设备,16.41,16.45,-2.13,1446697,714041.0,,,
688289,881144,医疗器械,15.19,15.2,1.05,4034097,2216027.0,,,
688290,881171,自动化设备,55.64,54.0,-3.25,887964,436824.0,,,
688291,881272,软件开发,36.96,36.96,-6.11,2117274,839804.0,,,
688292,881129,通信设备,15.62,15.58,-2.37,2260151,1021053.0,,,
688293,881175,医疗服务,53.08,52.02,-4.33,3019683,1417305.0,,,
688295,881264,化学纤维,38.7,38.57,-3.18,6044754,2992679.0,,,
688296,881272,软件开发,14.61,14.77,-0.14,2705850,1314401.0,,,
688297,881166,军工装备,39.88,39.8,0.05,8640165,4910543.0,,,
688298,881144,医疗器械,18.42,18.4,0.11,1257860,555609.0,,,
688299,881122,光学光电子,12.16,11.96,-4.61,6890369,2599136.0,,,
688300,881167,非金属材料,115.88,115.62,-9.6,10187241,4734338.0,,,
688301,881144,医疗器械,86.23,85.01,-6.99,7529293,3450516.0,,,
688302,881140,化学制药,33.62,33.61,-4.88,1560297,647176.0,,,
688303,881279,光伏设备,17.64,17.5,3.85,18686311,12266338.0,,,
688305,881117,通用设备,53.98,53.72,-2.74,2400373,943724.0,,,
688306,881171,自动化设备,8.87,8.79,0.11,9676842,5085216.0,,,
688307,881122,光学光电子,39.1,38.03,-8.44,6313209,2558298.0,,,
688308,881117,通用设备,86.2,84.67,-9.51,10582943,5436772.0,,,
688309,881284,环保设备,66.26,66.25,-5.22,2070006,840471.0,,,
688310,881171,自动化设备,13.52,13.51,-4.73,2482615,1103814.0,,,
688311,881276,军工电子,21.48,21.4,-5.17,3760909,1463412.0,,,
688312,881171,自动化设备,41.56,40.86,-8.78,6973289,3232252.0,,,
688313,881129,通信设备,96.0,94.86,-12.53,33777008,16803752.0,,,
688314,881144,医疗器械,30.11,29.58,-2.72,1044630,558965.0,,,
688315,881175,医疗服务,12.38,12.28,-1.7,2758977,1376178.0,,,
688316,881271,IT服务,43.54,43.02,-4.98,1653448,772001.0,,,
688317,881144,医疗器械,15.84,15.75,0.63,2510499,1311370.0,,,
688318,881272,软件开发,67.68,67.01,0.12,4060191,2111130.0,,,
688319,881142,生物制品,22.5,22.53,-8.76,13860947,6237345.0,,,
688320,881171,自动化设备,28.33,28.18,-1.48,3738630,1402078.0,,,
688321,881140,化学制药,27.41,27.37,-5.33,11362602,4651462.0,,,
688322,881122,光学光电子,86.38,85.0,-7.41,11287790,5516312.0,,,
688323,881265,塑料制品,23.63,23.92,-7.53,13265507,6088409.0,,,
688325,881121,半导体,103.5,101.0,-2.03,928809,427365.0,,,
688326,881272,软件开发,66.8,66.6,0.88,1857336,959974.0,,,
688327,881271,IT服务,10.16,10.12,-1.77,21526061,10725207.0,,,
688328,881118,专用设备,66.5,65.99,-9.77,10718939,4712497.0,,,
688329,881171,自动化设备,16.87,16.87,-2.07,1692267,773815.0,,,
688330,881278,电网设备,32.19,32.2,-0.56,980837,418121.0,,,
688331,881142,生物制品,118.28,118.0,-5.78,7906429,3611339.0,,,
688332,881121,半导体,80.93,79.22,-9.49,6937557,2914438.0,,,
688333,881117,通用设备,82.16,82.0,-6.52,10987451,4799180.0,,,
688334,881179,其他社会服务,18.18,18.19,-0.11,2062406,972849.0,,,
688335,881284,环保设备,19.13,18.95,-6.95,3017143,1561091.0,,,
688336,881142,生物制品,41.3,41.28,-4.65,9245191,4590655.0,,,
688337,881117,通用设备,39.45,39.03,-5.73,4080739,1753639.0,,,
688338,881144,医疗器械,26.36,26.35,-2.16,792231,310801.0,,,
688339,881281,电池,16.99,16.8,-1.71,2966692,1432848.0,,,
688343,881271,IT服务,59.45,58.86,-11.44,18922455,8889725.0,,,
688345,881281,电池,50.43,49.93,-3.21,2888874,1249165.0,,,
688347,881121,半导体,270.2,265.5,-14.88,33988472,17124024.0,,,
688348,881279,光伏设备,31.29,31.22,1.25,1895012,962991.0,,,
688349,881280,风电设备,14.92,14.84,1.27,8873056,4635692.0,,,
688350,881109,化学制品,28.62,28.62,-6.01,3033808,1071096.0,,,
688351,881144,医疗器械,19.92,19.9,-0.55,3454729,1592764.0,,,
688352,881121,半导体,13.29,13.11,-6.02,23056913,9751579.0,,,
688353,881281,电池,93.03,91.0,-3.12,6848971,3202642.0,,,
688355,881117,通用设备,15.61,15.62,-2.18,2028759,964749.0,,,
688356,881140,化学制药,69.84,69.51,-7.43,1464332,573293.0,,,
688357,881109,化学制品,24.91,24.7,1.85,1317868,608210.0,,,
688358,881144,医疗器械,26.83,26.83,-0.63,1135588,462708.0,,,
688359,881172,电子化学品,93.0,93.0,-11.83,6307702,2720245.0,,,
688360,881117,通用设备,13.97,13.85,-3.29,5054925,2187213.0,,,
688361,881121,半导体,360.7,349.0,-10.41,15062882,7937129.0,,,
688362,881121,半导体,64.34,63.0,-13.43,39700366,18549669.0,,,
688363,881182,美容护理,37.86,39.1,2.75,10966038,6141476.0,,,
688365,881271,IT服务,13.47,13.56,-2.3,13429637,6192694.0,,,
688366,881144,医疗器械,30.85,31.08,1.91,840497,434228.0,,,
688367,881269,轨交设备,25.13,24.84,-0.8,1530219,676598.0,,,
688368,881121,半导体,112.28,111.6,-8.06,3606994,1709165.0,,,
688369,881272,软件开发,17.45,17.51,8.54,6068590,2487566.0,,,
688370,881181,环境治理,20.98,21.08,-0.57,335981,134892.0,,,
688371,881172,电子化学品,23.15,22.72,-9.85,13414052,5350219.0,,,
688372,881121,半导体,114.44,113.18,-12.19,11935502,5571089.0,,,
688373,881140,化学制药,4.61,4.58,-4.12,16611194,6764765.0,,,
688375,881276,军工电子,73.85,73.88,-5.05,3554255,1695930.0,,,
688376,881284,环保设备,65.15,64.0,-8.17,4444245,2224859.0,,,
688377,881118,专用设备,18.62,18.53,-1.72,2870652,1420885.0,,,
688378,881172,电子化学品,36.22,35.86,-8.2,7146732,3199067.0,,,
688379,881117,通用设备,45.07,45.0,-7.26,4023028,1785138.0,,,
688380,881121,半导体,36.8,36.12,-6.71,12047038,5368361.0,,,
688381,881121,半导体,27.91,27.6,-13.4,17183525,7988918.0,,,
688382,881140,化学制药,23.04,23.02,-7.77,20278199,10785801.0,,,
688383,881118,专用设备,96.91,97.59,-9.19,2635838,1160215.0,,,
688385,881121,半导体,48.17,47.85,-4.09,15213163,6824275.0,,,
688386,881265,塑料制品,51.0,50.63,-5.88,3009871,1442238.0,,,
688387,881129,通信设备,12.21,12.22,-5.98,47848330,21781289.0,,,
688388,881281,电池,23.7,23.5,-5.49,34234351,17074807.0,,,
688389,881144,医疗器械,10.64,10.63,1.69,1832954,841349.0,,,
688390,881279,光伏设备,63.8,63.11,-3.61,8979239,4468807.0,,,
688391,881121,半导体,24.0,23.8,-2.33,1403329,556490.0,,,
688392,881281,电池,134.02,131.99,-10.47,4910189,2307829.0,,,
688393,881144,医疗器械,17.17,17.17,-1.69,1504761,761045.0,,,
688395,881171,自动化设备,19.82,19.68,-1.21,1178950,516251.0,,,
688396,881121,半导体,56.05,55.6,-4.03,23191451,11270471.0,,,
688398,881109,化学制品,19.19,19.11,-2.55,1747262,754464.0,,,
688399,881144,医疗器械,26.74,26.45,-11.03,5087399,2512816.0,,,
688400,881171,自动化设备,40.89,40.45,-4.5,10151873,5143648.0,,,
688401,881121,半导体,62.68,61.7,-7.47,6434606,3173934.0,,,
688403,881121,半导体,21.07,20.97,-11.34,80710965,39250663.0,,,
688408,881279,光伏设备,25.98,25.8,2.0,4403066,2288882.0,,,
688409,881121,半导体,176.64,175.64,-7.16,9554466,4847092.0,,,
688410,881144,医疗器械,10.38,10.49,1.64,13304165,6917202.0,,,
688411,,,190.99,190.9,0.54,2641479,1263874.0,,,
688416,881121,半导体,62.49,61.8,-4.5,7947145,3760370.0,,,
688418,881129,通信设备,33.74,34.01,-12.74,5121945,2375121.0,,,
688419,881118,专用设备,36.15,35.61,-11.2,5656721,2726412.0,,,
688420,881118,专用设备,19.78,19.78,-1.16,522857,216065.0,,,
688425,881268,工程机械,4.27,4.25,0.47,24175868,13366131.0,,,
688426,881144,医疗器械,15.98,16.01,1.56,1246683,648741.0,,,
688428,881142,生物制品,27.43,27.43,-5.72,11797606,5096755.0,,,
688429,881279,光伏设备,9.24,9.29,1.19,2534538,1255280.0,,,
688432,881121,半导体,36.07,35.66,-19.93,70942897,35164403.0,,,
688433,881117,通用设备,75.73,75.5,-8.23,5092529,2282148.0,,,
688435,881272,软件开发,26.94,26.94,0.59,3129607,1479790.0,,,
688439,881276,军工电子,38.78,38.4,-0.52,1779567,858306.0,,,
688443,881142,生物制品,23.08,23.0,-4.25,4182838,1990686.0,,,
688448,881117,通用设备,47.99,47.47,-5.31,3097642,1171014.0,,,
688449,,,51.96,51.51,-6.35,8581010,4336512.0,,,
688450,881278,电网设备,27.55,27.27,-6.39,2297738,1112273.0,,,
688455,881117,通用设备,14.01,13.82,-3.85,1576599,662776.0,,,
688456,881114,金属新材料,70.08,70.07,-8.95,6886834,3344294.0,,,
688458,881121,半导体,32.08,31.87,-6.36,2089084,834285.0,,,
688459,881269,轨交设备,8.11,8.1,-0.25,1076442,625875.0,,,
688466,881181,环境治理,12.29,12.37,-0.08,1670360,777913.0,,,
688468,881144,医疗器械,5.83,5.8,-0.17,2593832,1214599.0,,,
688469,881121,半导体,7.71,7.6,0.26,215641974,117469852.0,,,
688472,881279,光伏设备,10.04,9.97,5.58,79071699,43801674.0,,,
688475,881130,计算机设备,29.72,29.44,-0.94,5561205,2719909.0,,,
688478,881121,半导体,43.25,42.69,-9.94,5672067,2872988.0,,,
688479,881272,软件开发,26.0,25.87,-4.58,1683728,645066.0,,,
688480,881181,环境治理,71.1,70.74,-4.33,1431744,706597.0,,,
688484,881121,半导体,34.4,33.9,-3.6,8320110,3462030.0,,,
688485,881181,环境治理,52.54,51.94,-6.74,3705590,1459214.0,,,
688486,881121,半导体,42.88,42.6,-5.32,5138127,2497587.0,,,
688488,881142,生物制品,14.73,14.64,-8.15,11606011,4382799.0,,,
688489,881130,计算机设备,21.62,21.33,-2.87,965219,333646.0,,,
688496,881122,光学光电子,1.04,0.87,-13.46,21055720,8569838.0,,,
688498,881121,半导体,1228.0,1200.55,-17.2,10331197,5062160.0,,,
688499,881281,电池,34.09,34.2,-2.46,3414254,1494080.0,,,
688500,881271,IT服务,30.81,30.5,-2.92,1657613,710135.0,,,
688501,881284,环保设备,16.94,16.78,-2.72,2209224,1063516.0,,,
688502,881122,光学光电子,344.7,331.0,-12.1,2461361,1051274.0,,,
688503,881279,光伏设备,64.0,63.0,-8.33,13845158,6611650.0,,,
688505,881140,化学制药,7.22,7.19,-1.11,5952708,2459571.0,,,
688506,881140,化学制药,322.22,320.01,-4.72,2019097,1101765.0,,,
688507,881272,软件开发,138.55,136.2,-6.89,6352126,2903350.0,,,
688508,881121,半导体,62.72,61.47,-7.33,10197966,4107833.0,,,
688509,881271,IT服务,4.0,3.95,-1.0,5325309,2179380.0,,,
688510,881166,军工装备,20.4,20.2,-2.16,6355396,2725062.0,,,
688511,881276,军工电子,20.04,20.08,-3.74,1667338,702102.0,,,
688512,881121,半导体,11.66,11.5,-5.66,13197881,4072737.0,,,
688513,881140,化学制药,46.38,46.99,-4.44,2614734,1240289.0,,,
688515,881121,半导体,141.97,141.97,-8.43,3671297,1569643.0,,,
688516,881279,光伏设备,38.37,38.4,-3.49,8222265,3917156.0,,,
688517,881278,电网设备,14.68,14.63,-1.7,2602692,937342.0,,,
688518,881171,自动化设备,18.04,17.9,0.55,15834824,7373534.0,,,
688519,881270,元件,213.27,209.0,-6.55,8225774,3959019.0,,,
688520,881142,生物制品,34.19,34.11,-3.04,2198890,968557.0,,,
688521,881121,半导体,192.02,191.76,-11.36,23934261,12259881.0,,,
688522,881276,军工电子,18.85,18.7,-1.86,4354657,2069743.0,,,
688523,881166,军工装备,39.3,39.21,-4.81,3836668,1695375.0,,,
688525,881121,半导体,211.88,206.0,3.76,52342533,27600037.0,,,
688526,881102,养殖业,12.63,12.63,0.48,1685505,891120.0,,,
688528,881117,通用设备,8.22,8.34,0.49,1834390,910581.0,,,
688529,881118,专用设备,13.54,13.4,-1.03,2111469,1105445.0,,,
688530,881121,半导体,44.23,43.56,-11.26,10126876,5212907.0,,,
688531,881118,专用设备,117.3,117.0,-12.6,7677211,3485603.0,,,
688533,881126,汽车零部件,20.72,20.73,0.39,1062876,616747.0,,,
688535,881121,半导体,94.62,93.8,-10.82,11327766,5732277.0,,,
688536,881121,半导体,240.0,235.0,-9.21,4375475,2122493.0,,,
688538,881122,光学光电子,2.41,2.4,1.24,98247088,58891814.0,,,
688539,881117,通用设备,23.36,23.44,-3.51,2292539,915858.0,,,
688543,881166,军工装备,37.72,37.49,-1.86,6690091,3160786.0,,,
688545,,,68.34,68.6,-7.7,12394098,6159861.0,,,
688548,881172,电子化学品,34.19,34.42,-9.68,44358696,21971271.0,,,
688549,881172,电子化学品,21.87,21.57,-9.92,92052378,46146047.0,,,
688550,881172,电子化学品,38.11,37.6,-9.53,6138489,2602379.0,,,
688551,881282,其他电源设备,35.77,35.66,-8.86,3119671,1207311.0,,,
688552,881276,军工电子,25.36,25.01,-1.06,2724867,1246623.0,,,
688553,881140,化学制药,10.24,10.4,-2.44,13225218,5183360.0,,,
688556,881279,光伏设备,7.98,7.98,-2.63,19865769,8504369.0,,,
688557,881117,通用设备,18.16,18.14,-2.97,1550547,643563.0,,,
688558,881117,通用设备,26.98,26.88,-3.26,2110269,609922.0,,,
688559,881171,自动化设备,44.25,44.02,-4.29,11103888,4964057.0,,,
688560,881279,光伏设备,11.08,11.02,0.45,4211639,2016532.0,,,
688561,881272,软件开发,25.2,25.0,-1.67,8391590,3885358.0,,,
688562,881272,软件开发,13.6,13.63,-1.03,3162384,1360418.0,,,
688563,881166,军工装备,51.09,50.88,0.29,1917841,932645.0,,,
688565,881181,环境治理,9.98,9.97,-4.31,3394431,1612177.0,,,
688566,881140,化学制药,23.85,23.69,-0.34,1188434,398248.0,,,
688567,881281,电池,9.93,9.88,2.82,15743082,8785411.0,,,
688568,881271,IT服务,33.22,33.0,-0.96,9182800,4928588.0,,,
688569,881269,轨交设备,16.28,16.29,0.12,1081519,490425.0,,,
688570,881171,自动化设备,14.6,14.67,-0.96,740298,374182.0,,,
688571,881109,化学制品,7.27,7.13,-2.89,7202602,2813779.0,,,
688573,881281,电池,15.06,15.06,-2.99,2220535,1127532.0,,,
688575,881144,医疗器械,9.01,8.98,0.55,7185368,3398066.0,,,
688576,881144,医疗器械,36.81,36.8,-1.41,413954,211007.0,,,
688577,881117,通用设备,39.02,39.03,-5.23,1465532,478131.0,,,
688578,881140,化学制药,118.3,118.43,-2.32,8233737,4314082.0,,,
688579,881272,软件开发,7.52,7.52,-1.46,4486970,2049401.0,,,
688580,881144,医疗器械,46.83,47.98,-3.31,1556690,623947.0,,,
688581,881144,医疗器械,51.97,51.58,-0.81,292473,121542.0,,,
688582,881121,半导体,37.17,36.8,-5.03,6350824,2492007.0,,,
688583,,,74.33,74.0,-5.25,1211176,594187.0,,,
688584,881121,半导体,25.85,25.85,-9.4,19784742,9936209.0,,,
688585,881265,塑料制品,127.23,127.48,7.66,6356774,3486936.0,,,
688586,881166,军工装备,10.34,10.26,0.68,5643225,2638045.0,,,
688588,881272,软件开发,9.0,9.05,0.22,4500251,2460738.0,,,
688589,881121,半导体,16.95,16.75,-1.12,2876701,1039933.0,,,
688590,881272,软件开发,11.83,11.82,0.17,6849313,3288220.0,,,
688591,881121,半导体,27.12,26.86,-3.69,5240771,1877550.0,,,
688592,881129,通信设备,21.2,21.0,-0.47,708681,292707.0,,,
688593,881121,半导体,28.02,28.45,-8.92,15714053,7305047.0,,,
688595,881121,半导体,26.8,26.59,-3.96,3717705,1529114.0,,,
688596,881118,专用设备,54.71,53.74,-10.73,38502890,18257809.0,,,
688597,881278,电网设备,6.04,6.09,-2.48,5734225,2375578.0,,,
688598,881167,非金属材料,26.19,26.45,-5.57,11622976,4810018.0,,,
688599,881279,光伏设备,13.51,13.35,1.48,35279669,19325518.0,,,
688600,881117,通用设备,22.62,22.06,-2.7,1377938,486236.0,,,
688601,881121,半导体,36.2,36.15,-8.23,6816964,2702386.0,,,
688602,881109,化学制品,6.41,6.33,-1.25,6067381,3149648.0,,,
688603,881172,电子化学品,90.36,89.67,-10.36,5832627,2857587.0,,,
688605,,,66.69,65.98,-8.23,6422525,3011955.0,,,
688606,881144,医疗器械,43.92,43.8,0.34,441806,230454.0,,,
688607,881144,医疗器械,36.04,36.28,-8.3,1992964,824233.0,,,
688608,881121,半导体,127.14,125.68,-4.78,6970861,3047041.0,,,
688609,881132,黑色家电,8.98,8.89,-2.0,14925521,5993747.0,,,
688610,881117,通用设备,134.5,133.98,-9.37,2069570,1004467.0,,,
688611,881278,电网设备,54.47,54.06,-5.67,1218862,581396.0,,,
688612,881126,汽车零部件,29.25,29.26,-0.58,3016469,1462531.0,,,
688613,881144,医疗器械,13.91,13.91,-0.65,2658356,1251229.0,,,
688615,,,96.4,96.0,5.3,7896653,4353923.0,,,
688616,881278,电网设备,9.8,9.84,0.1,2085368,1018026.0,,,
688617,881144,医疗器械,218.5,218.0,0.58,1732504,1017960.0,,,
688618,881129,通信设备,26.71,26.58,-6.55,2662727,1240297.0,,,
688619,881130,计算机设备,12.07,12.07,-3.98,3477425,1429940.0,,,
688620,881121,半导体,13.87,13.53,-12.04,24968969,10779730.0,,,
688621,881175,医疗服务,57.78,56.9,-1.78,2140574,952379.0,,,
688622,881117,通用设备,109.73,110.0,-3.9,404861,119333.0,,,
688623,881171,自动化设备,61.43,60.73,-3.39,386766,195136.0,,,
688625,881109,化学制品,52.47,51.76,-5.76,4596528,2265815.0,,,
688626,881144,医疗器械,42.3,41.88,-4.11,2919032,1229077.0,,,
688627,881118,专用设备,440.31,435.5,-9.91,6347900,3060183.0,,,
688628,881117,通用设备,59.56,61.07,-8.14,4417824,2046882.0,,,
688629,881276,军工电子,134.46,134.96,-10.69,19063829,8826582.0,,,
688630,881118,专用设备,349.92,348.23,-14.29,8664273,4152567.0,,,
688631,881272,软件开发,40.22,40.23,-0.12,1575279,913293.0,,,
688633,881118,专用设备,22.64,22.51,0.97,4696795,2168291.0,,,
688635,,,223.5,218.01,-10.51,1459982,611966.0,,,
688636,881276,军工电子,17.22,17.01,-4.53,9652658,4076041.0,,,
688638,881281,电池,29.1,28.88,3.68,833166,375254.0,,,
688639,881109,化学制品,16.67,16.73,2.16,5685241,2949258.0,,,
688646,881171,自动化设备,59.6,60.68,-6.21,1314746,668920.0,,,
688648,881117,通用设备,29.86,30.88,-1.47,2590671,1223728.0,,,
688651,881272,软件开发,20.63,20.35,-1.45,1576352,758298.0,,,
688652,881121,半导体,138.19,136.08,-9.87,6834907,3557086.0,,,
688653,881121,半导体,11.19,11.04,-5.27,13823433,5146552.0,,,
688655,881270,元件,30.38,30.37,-6.19,6181787,2729896.0,,,
688656,881144,医疗器械,80.2,79.9,-2.13,408169,170812.0,,,
688657,881272,软件开发,27.86,27.59,0.54,1389588,570356.0,,,
688658,881140,化学制药,12.33,12.37,-2.51,10252224,4324829.0,,,
688659,881109,化学制品,8.73,8.8,-1.37,3460848,1670612.0,,,
688660,881280,风电设备,8.31,8.22,5.17,46564216,25908117.0,,,
688661,881124,消费电子,78.95,78.04,-13.3,4296443,2051665.0,,,
688662,881123,其他电子,69.62,69.36,-9.97,8777681,4107545.0,,,
688663,881278,电网设备,55.4,54.98,-16.97,11249559,5197912.0,,,
688665,881117,通用设备,42.31,42.44,-2.41,382798,143978.0,,,
688667,881126,汽车零部件,81.48,81.62,-2.92,870850,333202.0,,,
688668,881129,通信设备,197.21,198.58,-12.03,5687205,2633119.0,,,
688669,881265,塑料制品,59.32,59.57,-5.26,4319891,1976837.0,,,
688670,881142,生物制品,13.59,13.74,-1.84,1289856,504830.0,,,
688671,881284,环保设备,20.46,20.32,-3.18,1599377,642684.0,,,
688676,881278,电网设备,68.04,68.0,-6.08,10726570,4944833.0,,,
688677,881144,医疗器械,66.53,65.8,-11.39,7055610,3629619.0,,,
688678,881124,消费电子,15.25,15.08,-9.11,16546387,6952743.0,,,
688679,881181,环境治理,36.69,36.7,-7.33,4319162,1836879.0,,,
688680,881279,光伏设备,34.4,34.45,-1.13,869317,416543.0,,,
688681,881278,电网设备,15.33,15.26,-2.35,2958398,1308544.0,,,
688682,881276,军工电子,28.6,28.15,-3.81,1363893,564141.0,,,
688683,881172,电子化学品,28.2,28.39,-3.19,1756245,696848.0,,,
688685,881166,军工装备,41.37,40.96,4.04,10956407,5048293.0,,,
688686,881171,自动化设备,103.99,100.12,-3.56,1779958,808887.0,,,
688687,881140,化学制药,15.77,16.07,-1.71,2201788,858738.0,,,
688689,881121,半导体,34.65,34.22,-9.35,9484864,4160351.0,,,
688690,881140,化学制药,35.28,34.73,-2.66,7816749,3458539.0,,,
688691,881121,半导体,60.68,61.24,-6.67,6754497,3098830.0,,,
688692,,,223.6,222.0,-2.85,1649386,773627.0,,,
688693,881121,半导体,57.76,57.22,-8.95,2157751,979566.0,,,
688695,881272,软件开发,17.22,17.3,-1.8,1221173,572923.0,,,
688696,881132,黑色家电,63.57,63.3,2.09,1332364,742382.0,,,
688697,881117,通用设备,12.81,12.85,-2.03,9602600,3849762.0,,,
688698,881171,自动化设备,45.45,45.0,-4.29,5069881,2741712.0,,,
688699,881121,半导体,45.23,45.19,-7.14,3682557,1721555.0,,,
688700,881118,专用设备,54.79,54.76,-8.74,13498916,6124159.0,,,
688701,881181,环境治理,6.81,6.81,-2.06,2723055,1244048.0,,,
688702,881121,半导体,351.42,342.83,-13.5,13444873,6656571.0,,,
688707,881281,电池,10.36,10.25,-1.74,6660764,3003569.0,,,
688708,,,47.05,46.62,0.32,1921527,802777.0,,,
688709,881121,半导体,25.0,24.71,-3.16,5824157,2510902.0,,,
688710,,,77.9,77.13,-9.11,2903248,1240790.0,,,
688711,881121,半导体,22.23,22.12,-5.98,6921928,3071518.0,,,
688712,,,32.85,32.75,-3.99,1207668,431153.0,,,
688716,881265,塑料制品,25.34,25.2,-4.22,2059538,728286.0,,,
688717,881279,光伏设备,57.0,56.56,-3.32,4516875,2047233.0,,,
688718,881284,环保设备,12.15,12.18,-4.03,2208602,910450.0,,,
688719,881282,其他电源设备,43.8,43.87,-8.65,3710145,1607791.0,,,
688720,881121,半导体,57.46,57.2,-11.26,9076518,4537375.0,,,
688721,,,36.3,35.6,-8.18,4630513,1980613.0,,,
688722,881264,化学纤维,13.87,13.75,-1.66,2733709,1130576.0,,,
688726,,,40.07,39.8,1.8,11442869,5628787.0,,,
688727,,,40.33,39.58,-8.16,5986240,2757704.0,,,
688728,881121,半导体,15.88,15.72,-7.81,49540232,23176538.0,,,
688729,,,24.78,25.0,-8.96,46265636,19289671.0,,,
688733,881281,电池,25.25,25.0,-4.59,5134229,2385281.0,,,
688737,881126,汽车零部件,17.25,16.91,-3.19,1541455,726507.0,,,
688739,881142,生物制品,19.76,19.69,-0.1,1728640,816990.0,,,
688750,,,14.19,14.16,-0.78,2639190,1137144.0,,,
688755,,,23.2,23.19,-0.91,538205,229822.0,,,
688757,,,29.02,28.5,-8.68,9776743,4621543.0,,,
688758,,,24.27,24.02,-5.23,9165613,4138306.0,,,
688759,,,22.23,22.0,-4.99,7574156,2897938.0,,,
688765,,,34.62,34.4,-5.37,7643630,3036050.0,,,
688766,881121,半导体,338.5,328.01,4.32,25009411,13086944.0,,,
688767,881144,医疗器械,34.53,35.1,3.62,5023885,2495078.0,,,
688768,881117,通用设备,41.22,40.75,-1.92,743053,258192.0,,,
688772,881281,电池,15.41,15.36,-3.83,22527446,8738431.0,,,
688775,,,133.31,131.21,-6.23,4329383,1957400.0,,,
688776,881276,军工电子,47.11,47.12,-2.44,1831781,789304.0,,,
688777,881171,自动化设备,79.9,80.42,1.13,19738575,10589758.0,,,
688778,881281,电池,46.33,45.8,0.28,7616712,3959711.0,,,
688779,881281,电池,7.52,7.47,1.06,27707109,14261957.0,,,
688781,,,34.49,34.1,-6.58,2434929,956540.0,,,
688783,,,26.58,26.0,-7.86,41603724,18869789.0,,,
688785,,,251.88,246.0,-8.81,804514,302108.0,,,
688786,881114,金属新材料,25.28,25.45,-7.12,5661308,2558638.0,,,
688787,881271,IT服务,92.35,92.8,-3.79,2199940,980388.0,,,
688788,881276,军工电子,27.2,27.04,-3.75,3476805,1377859.0,,,
688789,881118,专用设备,46.16,45.58,-0.32,1465494,755078.0,,,
688790,,,88.95,88.0,-2.7,369597,147797.0,,,
688793,881173,小家电,16.4,16.4,-0.67,2058214,1052272.0,,,
688795,,,564.54,554.94,-4.35,1394972,590926.0,,,
688796,,,112.34,105.0,-3.86,5739480,2793960.0,,,
688797,,,319.0,314.99,-5.64,4874819,2104871.0,,,
688798,881121,半导体,53.91,53.5,-2.6,2500194,1109875.0,,,
688799,881140,化学制药,45.21,45.26,-9.98,5053523,1691731.0,,,
688800,881123,其他电子,52.0,51.5,-9.04,13660146,6577034.0,,,
688802,,,705.99,686.01,-4.81,1655769,889241.0,,,
688805,,,39.08,39.0,-4.02,984222,335194.0,,,
688806,,,27.02,26.38,-13.14,18657888,7241429.0,,,
688807,,,232.23,231.69,-9.16,1431432,656114.0,,,
688808,,,1788.14,1745.8,-14.1,2581534,1344507.0,,,
688809,,,451.55,448.0,-8.54,2259473,1148707.0,,,
688811,,,20.43,20.16,-7.59,7295289,2591770.0,,,
688813,,,100.87,100.67,-8.99,3122657,1486288.0,,,
688816,,,47.22,47.0,0.8,625298,246883.0,,,
688818,,,44.4,43.9,-6.87,8723756,3841848.0,,,
688819,881281,电池,22.61,22.6,0.71,3157779,1789236.0,,,
688820,,,128.7,127.5,-8.33,15339051,7380148.0,,,
688825,,,52.95,52.2,-0.15,860839199,419436488.0,,,
688981,881121,半导体,130.9,128.68,-6.04,79984573,39350447.0,,,
689009,881128,汽车服务及其他,42.05,42.17,4.64,21272031,12161747.0,,,
